timestamp,junction,junction_name,vehicle_count,road_capacity,utilization_percent,average_speed_kmph,congestion_level
2026-09-22T20:22:37.962491,J1,Main Market,169,300,56.3,35.4,LOW
2026-09-22T20:22:37.962491,J2,Railway Square,237,350,67.7,27.43,MEDIUM
2026-09-22T20:22:37.962491,J3,City Center,372,400,93.0,14.59,HIGH
2026-09-22T20:22:37.962491,J4,University Road,150,300,50.0,39.79,LOW
2026-09-22T20:22:37.962491,J5,Hospital Road,202,280,72.1,22.42,MEDIUM
2026-09-22T20:22:37.962491,J6,Airport Road,236,350,67.4,28.43,MEDIUM
2026-09-22T20:22:42.987581,J1,Main Market,171,300,57.0,34.29,LOW
2026-09-22T20:22:42.987581,J2,Railway Square,237,350,67.7,29.06,MEDIUM
2026-09-22T20:22:42.987581,J3,City Center,345,400,86.2,17.58,MEDIUM
2026-09-22T20:22:42.987581,J4,University Road,157,300,52.3,37.83,LOW
2026-09-22T20:22:42.987581,J5,Hospital Road,221,280,78.9,22.28,MEDIUM
2026-09-22T20:22:42.987581,J6,Airport Road,224,350,64.0,29.32,MEDIUM
2026-09-22T20:22:48.035473,J1,Main Market,172,300,57.3,31.52,LOW
2026-09-22T20:22:48.035473,J2,Railway Square,223,350,63.7,23.74,MEDIUM
2026-09-22T20:22:48.035473,J3,City Center,326,400,81.5,14.07,HIGH
2026-09-22T20:22:48.035473,J4,University Road,151,300,50.3,32.05,LOW
2026-09-22T20:22:48.035473,J5,Hospital Road,225,280,80.4,14.03,HIGH
2026-09-22T20:22:48.035473,J6,Airport Road,232,350,66.3,29.35,MEDIUM
2026-09-22T20:22:53.067882,J1,Main Market,190,300,63.3,23.86,MEDIUM
2026-09-22T20:22:53.067882,J2,Railway Square,216,350,61.7,29.49,MEDIUM
2026-09-22T20:22:53.067882,J3,City Center,371,400,92.8,21.38,HIGH
2026-09-22T20:22:53.067882,J4,University Road,166,300,55.3,34.35,LOW
2026-09-22T20:22:53.067882,J5,Hospital Road,199,280,71.1,20.97,MEDIUM
2026-09-22T20:22:53.067882,J6,Airport Road,229,350,65.4,23.56,MEDIUM
2026-09-22T20:22:58.119753,J1,Main Market,166,300,55.3,39.33,LOW
2026-09-22T20:22:58.119753,J2,Railway Square,230,350,65.7,20.71,MEDIUM
2026-09-22T20:22:58.119753,J3,City Center,382,400,95.5,17.1,HIGH
2026-09-22T20:22:58.119753,J4,University Road,164,300,54.7,37.99,LOW
2026-09-22T20:22:58.119753,J5,Hospital Road,192,280,68.6,25.58,MEDIUM
2026-09-22T20:22:58.119753,J6,Airport Road,232,350,66.3,26.26,MEDIUM
2026-09-22T20:23:03.160601,J1,Main Market,185,300,61.7,24.87,MEDIUM
2026-09-22T20:23:03.160601,J2,Railway Square,233,350,66.6,29.79,MEDIUM
2026-09-22T20:23:03.160601,J3,City Center,339,400,84.8,13.47,HIGH
2026-09-22T20:23:03.160601,J4,University Road,163,300,54.3,31.72,LOW
2026-09-22T20:23:03.160601,J5,Hospital Road,185,280,66.1,22.32,MEDIUM
2026-09-22T20:23:03.160601,J6,Airport Road,208,350,59.4,39.94,LOW
2026-09-22T20:23:08.204929,J1,Main Market,189,300,63.0,22.48,MEDIUM
2026-09-22T20:23:08.204929,J2,Railway Square,254,350,72.6,22.8,MEDIUM
2026-09-22T20:23:08.204929,J3,City Center,371,400,92.8,14.21,HIGH
2026-09-22T20:23:08.204929,J4,University Road,142,300,47.3,30.5,LOW
2026-09-22T20:23:08.204929,J5,Hospital Road,201,280,71.8,23.07,MEDIUM
2026-09-22T20:23:08.204929,J6,Airport Road,212,350,60.6,20.43,MEDIUM
2026-09-22T20:23:13.236791,J1,Main Market,170,300,56.7,34.81,LOW
2026-09-22T20:23:13.236791,J2,Railway Square,254,350,72.6,21.87,MEDIUM
2026-09-22T20:23:13.236791,J3,City Center,377,400,94.2,16.16,HIGH
2026-09-22T20:23:13.236791,J4,University Road,148,300,49.3,38.75,LOW
2026-09-22T20:23:13.236791,J5,Hospital Road,210,280,75.0,25.9,MEDIUM
2026-09-22T20:23:13.236791,J6,Airport Road,234,350,66.9,25.82,MEDIUM
2026-09-22T20:23:18.257153,J1,Main Market,176,300,58.7,38.15,LOW
2026-09-22T20:23:18.257153,J2,Railway Square,253,350,72.3,23.04,MEDIUM
2026-09-22T20:23:18.257153,J3,City Center,391,400,97.8,20.63,HIGH
2026-09-22T20:23:18.257153,J4,University Road,152,300,50.7,33.49,LOW
2026-09-22T20:23:18.257153,J5,Hospital Road,219,280,78.2,28.55,MEDIUM
2026-09-22T20:23:18.257153,J6,Airport Road,231,350,66.0,22.74,MEDIUM
2026-09-22T20:23:23.461962,J1,Main Market,165,300,55.0,30.57,LOW
2026-09-22T20:23:23.461962,J2,Railway Square,228,350,65.1,21.59,MEDIUM
2026-09-22T20:23:23.461962,J3,City Center,377,400,94.2,12.54,HIGH
2026-09-22T20:23:23.461962,J4,University Road,167,300,55.7,35.57,LOW
2026-09-22T20:23:23.461962,J5,Hospital Road,211,280,75.4,28.62,MEDIUM
2026-09-22T20:23:23.461962,J6,Airport Road,223,350,63.7,29.18,MEDIUM
2026-09-22T20:23:28.494651,J1,Main Market,166,300,55.3,36.84,LOW
2026-09-22T20:23:28.494651,J2,Railway Square,229,350,65.4,22.39,MEDIUM
2026-09-22T20:23:28.494651,J3,City Center,367,400,91.8,12.03,HIGH
2026-09-22T20:23:28.494651,J4,University Road,169,300,56.3,34.25,LOW
2026-09-22T20:23:28.494651,J5,Hospital Road,186,280,66.4,24.58,MEDIUM
2026-09-22T20:23:28.494651,J6,Airport Road,231,350,66.0,29.54,MEDIUM
2026-09-22T20:23:33.518375,J1,Main Market,177,300,59.0,37.99,LOW
2026-09-22T20:23:33.518375,J2,Railway Square,221,350,63.1,28.45,MEDIUM
2026-09-22T20:23:33.518375,J3,City Center,366,400,91.5,17.27,HIGH
2026-09-22T20:23:33.518375,J4,University Road,149,300,49.7,33.13,LOW
2026-09-22T20:23:33.518375,J5,Hospital Road,206,280,73.6,24.54,MEDIUM
2026-09-22T20:23:33.518375,J6,Airport Road,237,350,67.7,22.75,MEDIUM
2026-09-22T20:23:38.551341,J1,Main Market,188,300,62.7,26.78,MEDIUM
2026-09-22T20:23:38.551341,J2,Railway Square,227,350,64.9,24.96,MEDIUM
2026-09-22T20:23:38.551341,J3,City Center,338,400,84.5,17.3,MEDIUM
2026-09-22T20:23:38.551341,J4,University Road,160,300,53.3,34.96,LOW
2026-09-22T20:23:38.551341,J5,Hospital Road,187,280,66.8,23.63,MEDIUM
2026-09-22T20:23:38.551341,J6,Airport Road,223,350,63.7,28.09,MEDIUM
2026-09-22T20:23:43.598744,J1,Main Market,167,300,55.7,33.11,LOW
2026-09-22T20:23:43.598744,J2,Railway Square,230,350,65.7,22.13,MEDIUM
2026-09-22T20:23:43.598744,J3,City Center,388,400,97.0,15.74,HIGH
2026-09-22T20:23:43.598744,J4,University Road,162,300,54.0,30.76,LOW
2026-09-22T20:23:43.598744,J5,Hospital Road,204,280,72.9,21.75,MEDIUM
2026-09-22T20:23:43.598744,J6,Airport Road,204,350,58.3,32.15,LOW
2026-09-22T20:23:48.636841,J1,Main Market,176,300,58.7,32.19,LOW
2026-09-22T20:23:48.636841,J2,Railway Square,261,350,74.6,23.18,MEDIUM
2026-09-22T20:23:48.636841,J3,City Center,329,400,82.2,17.51,MEDIUM
2026-09-22T20:23:48.636841,J4,University Road,169,300,56.3,37.8,LOW
2026-09-22T20:23:48.636841,J5,Hospital Road,219,280,78.2,28.64,MEDIUM
2026-09-22T20:23:48.636841,J6,Airport Road,234,350,66.9,25.84,MEDIUM
2026-09-22T20:23:53.685359,J1,Main Market,158,300,52.7,38.29,LOW
2026-09-22T20:23:53.685359,J2,Railway Square,235,350,67.1,23.87,MEDIUM
2026-09-22T20:23:53.685359,J3,City Center,347,400,86.8,17.74,MEDIUM
2026-09-22T20:23:53.685359,J4,University Road,165,300,55.0,36.29,LOW
2026-09-22T20:23:53.685359,J5,Hospital Road,192,280,68.6,22.23,MEDIUM
2026-09-22T20:23:53.685359,J6,Airport Road,201,350,57.4,36.89,LOW
2026-09-22T20:23:58.715898,J1,Main Market,186,300,62.0,28.64,MEDIUM
2026-09-22T20:23:58.715898,J2,Railway Square,228,350,65.1,23.19,MEDIUM
2026-09-22T20:23:58.715898,J3,City Center,392,400,98.0,19.19,HIGH
2026-09-22T20:23:58.715898,J4,University Road,165,300,55.0,32.51,LOW
2026-09-22T20:23:58.715898,J5,Hospital Road,186,280,66.4,29.97,MEDIUM
2026-09-22T20:23:58.715898,J6,Airport Road,236,350,67.4,20.23,MEDIUM
2026-09-22T20:30:30.431691,J1,Main Market,187,300,62.3,22.82,MEDIUM
2026-09-22T20:30:30.431691,J2,Railway Square,241,350,68.9,21.45,MEDIUM
2026-09-22T20:30:30.431691,J3,City Center,326,400,81.5,21.43,MEDIUM
2026-09-22T20:30:30.431691,J4,University Road,156,300,52.0,34.04,LOW
2026-09-22T20:30:30.431691,J5,Hospital Road,185,280,66.1,20.19,MEDIUM
2026-09-22T20:30:30.431691,J6,Airport Road,215,350,61.4,23.22,MEDIUM
2026-09-22T20:30:35.475265,J1,Main Market,157,300,52.3,33.48,LOW
2026-09-22T20:30:35.475265,J2,Railway Square,252,350,72.0,27.57,MEDIUM
2026-09-22T20:30:35.475265,J3,City Center,365,400,91.2,21.86,HIGH
2026-09-22T20:30:35.475265,J4,University Road,168,300,56.0,39.43,LOW
2026-09-22T20:30:35.475265,J5,Hospital Road,220,280,78.6,29.91,MEDIUM
2026-09-22T20:30:35.475265,J6,Airport Road,205,350,58.6,35.1,LOW
2026-09-22T20:30:40.509951,J1,Main Market,168,300,56.0,39.91,LOW
2026-09-22T20:30:40.509951,J2,Railway Square,215,350,61.4,22.14,MEDIUM
2026-09-22T20:30:40.509951,J3,City Center,364,400,91.0,13.95,HIGH
2026-09-22T20:30:40.509951,J4,University Road,155,300,51.7,34.54,LOW
2026-09-22T20:30:40.509951,J5,Hospital Road,205,280,73.2,23.12,MEDIUM
2026-09-22T20:30:40.509951,J6,Airport Road,226,350,64.6,24.96,MEDIUM
2026-09-22T20:30:45.540762,J1,Main Market,165,300,55.0,39.72,LOW
2026-09-22T20:30:45.540762,J2,Railway Square,238,350,68.0,27.82,MEDIUM
2026-09-22T20:30:45.540762,J3,City Center,327,400,81.8,21.53,MEDIUM
2026-09-22T20:30:45.540762,J4,University Road,153,300,51.0,37.94,LOW
2026-09-22T20:30:45.540762,J5,Hospital Road,215,280,76.8,23.59,MEDIUM
2026-09-22T20:30:45.540762,J6,Airport Road,205,350,58.6,38.99,LOW
2026-09-22T20:30:50.629433,J1,Main Market,164,300,54.7,38.03,LOW
2026-09-22T20:30:50.629433,J2,Railway Square,255,350,72.9,28.82,MEDIUM
2026-09-22T20:30:50.629433,J3,City Center,331,400,82.8,19.02,MEDIUM
2026-09-22T20:30:50.629433,J4,University Road,162,300,54.0,36.95,LOW
2026-09-22T20:30:50.629433,J5,Hospital Road,187,280,66.8,28.08,MEDIUM
2026-09-22T20:30:50.629433,J6,Airport Road,199,350,56.9,33.94,LOW
2026-09-22T20:30:55.661608,J1,Main Market,174,300,58.0,30.74,LOW
2026-09-22T20:30:55.661608,J2,Railway Square,216,350,61.7,29.64,MEDIUM
2026-09-22T20:30:55.661608,J3,City Center,322,400,80.5,21.99,MEDIUM
2026-09-22T20:30:55.661608,J4,University Road,148,300,49.3,35.22,LOW
2026-09-22T20:30:55.661608,J5,Hospital Road,203,280,72.5,24.38,MEDIUM
2026-09-22T20:30:55.661608,J6,Airport Road,206,350,58.9,39.29,LOW
2026-09-22T20:31:00.701532,J1,Main Market,177,300,59.0,34.61,LOW
2026-09-22T20:31:00.701532,J2,Railway Square,230,350,65.7,28.88,MEDIUM
2026-09-22T20:31:00.701532,J3,City Center,347,400,86.8,14.1,HIGH
2026-09-22T20:31:00.701532,J4,University Road,171,300,57.0,30.12,LOW
2026-09-22T20:31:00.701532,J5,Hospital Road,225,280,80.4,12.12,HIGH
2026-09-22T20:31:00.701532,J6,Airport Road,206,350,58.9,30.86,LOW
2026-09-22T20:31:05.753895,J1,Main Market,181,300,60.3,29.98,MEDIUM
2026-09-22T20:31:05.753895,J2,Railway Square,230,350,65.7,26.28,MEDIUM
2026-09-22T20:31:05.753895,J3,City Center,383,400,95.8,14.66,HIGH
2026-09-22T20:31:05.753895,J4,University Road,164,300,54.7,31.41,LOW
2026-09-22T20:31:05.753895,J5,Hospital Road,223,280,79.6,21.23,MEDIUM
2026-09-22T20:31:05.753895,J6,Airport Road,214,350,61.1,25.13,MEDIUM
2026-09-22T20:31:10.800416,J1,Main Market,175,300,58.3,38.71,LOW
2026-09-22T20:31:10.800416,J2,Railway Square,259,350,74.0,20.29,MEDIUM
2026-09-22T20:31:10.800416,J3,City Center,371,400,92.8,16.57,HIGH
2026-09-22T20:31:10.800416,J4,University Road,141,300,47.0,38.48,LOW
2026-09-22T20:31:10.800416,J5,Hospital Road,195,280,69.6,27.8,MEDIUM
2026-09-22T20:31:10.800416,J6,Airport Road,239,350,68.3,24.56,MEDIUM
2026-09-22T20:31:15.820871,J1,Main Market,178,300,59.3,35.35,LOW
2026-09-22T20:31:15.820871,J2,Railway Square,245,350,70.0,23.7,MEDIUM
2026-09-22T20:31:15.820871,J3,City Center,359,400,89.8,19.9,MEDIUM
2026-09-22T20:31:15.820871,J4,University Road,157,300,52.3,34.01,LOW
2026-09-22T20:31:15.820871,J5,Hospital Road,198,280,70.7,28.86,MEDIUM
2026-09-22T20:31:15.820871,J6,Airport Road,236,350,67.4,24.54,MEDIUM
2026-09-22T20:31:20.871696,J1,Main Market,175,300,58.3,32.26,LOW
2026-09-22T20:31:20.871696,J2,Railway Square,247,350,70.6,24.38,MEDIUM
2026-09-22T20:31:20.871696,J3,City Center,347,400,86.8,21.64,MEDIUM
2026-09-22T20:31:20.871696,J4,University Road,145,300,48.3,35.21,LOW
2026-09-22T20:31:20.871696,J5,Hospital Road,215,280,76.8,25.77,MEDIUM
2026-09-22T20:31:20.871696,J6,Airport Road,234,350,66.9,29.09,MEDIUM
2026-09-22T20:31:25.895939,J1,Main Market,177,300,59.0,31.83,LOW
2026-09-22T20:31:25.895939,J2,Railway Square,220,350,62.9,28.34,MEDIUM
2026-09-22T20:31:25.895939,J3,City Center,357,400,89.2,12.55,HIGH
2026-09-22T20:31:25.895939,J4,University Road,162,300,54.0,34.9,LOW
2026-09-22T20:31:25.895939,J5,Hospital Road,221,280,78.9,28.07,MEDIUM
2026-09-22T20:31:25.895939,J6,Airport Road,203,350,58.0,32.83,LOW
2026-09-22T20:31:30.922093,J1,Main Market,169,300,56.3,32.85,LOW
2026-09-22T20:31:30.922093,J2,Railway Square,228,350,65.1,28.28,MEDIUM
2026-09-22T20:31:30.922093,J3,City Center,361,400,90.2,19.09,HIGH
2026-09-22T20:31:30.922093,J4,University Road,150,300,50.0,38.51,LOW
2026-09-22T20:31:30.922093,J5,Hospital Road,221,280,78.9,26.92,MEDIUM
2026-09-22T20:31:30.922093,J6,Airport Road,222,350,63.4,23.52,MEDIUM
2026-09-22T20:31:35.945957,J1,Main Market,176,300,58.7,31.13,LOW
2026-09-22T20:31:35.945957,J2,Railway Square,218,350,62.3,20.46,MEDIUM
2026-09-22T20:31:35.945957,J3,City Center,380,400,95.0,15.36,HIGH
2026-09-22T20:31:35.945957,J4,University Road,165,300,55.0,30.1,LOW
2026-09-22T20:31:35.945957,J5,Hospital Road,193,280,68.9,23.01,MEDIUM
2026-09-22T20:31:35.945957,J6,Airport Road,211,350,60.3,27.05,MEDIUM
2026-09-22T20:31:40.998245,J1,Main Market,184,300,61.3,23.43,MEDIUM
2026-09-22T20:31:40.998245,J2,Railway Square,248,350,70.9,27.62,MEDIUM
2026-09-22T20:31:40.998245,J3,City Center,379,400,94.8,14.55,HIGH
2026-09-22T20:31:40.998245,J4,University Road,157,300,52.3,34.58,LOW
2026-09-22T20:31:40.998245,J5,Hospital Road,211,280,75.4,26.25,MEDIUM
2026-09-22T20:31:40.998245,J6,Airport Road,204,350,58.3,31.79,LOW
2026-09-22T20:31:46.068098,J1,Main Market,165,300,55.0,30.78,LOW
2026-09-22T20:31:46.068098,J2,Railway Square,217,350,62.0,22.07,MEDIUM
2026-09-22T20:31:46.068098,J3,City Center,344,400,86.0,15.02,MEDIUM
2026-09-22T20:31:46.068098,J4,University Road,163,300,54.3,36.68,LOW
2026-09-22T20:31:46.068098,J5,Hospital Road,193,280,68.9,22.44,MEDIUM
2026-09-22T20:31:46.068098,J6,Airport Road,201,350,57.4,34.99,LOW
2026-09-22T20:31:51.106042,J1,Main Market,180,300,60.0,21.16,MEDIUM
2026-09-22T20:31:51.106042,J2,Railway Square,257,350,73.4,20.47,MEDIUM
2026-09-22T20:31:51.106042,J3,City Center,329,400,82.2,19.16,MEDIUM
2026-09-22T20:31:51.106042,J4,University Road,167,300,55.7,33.06,LOW
2026-09-22T20:31:51.106042,J5,Hospital Road,201,280,71.8,23.44,MEDIUM
2026-09-22T20:31:51.106042,J6,Airport Road,235,350,67.1,29.46,MEDIUM
2026-09-22T20:31:56.133721,J1,Main Market,166,300,55.3,37.05,LOW
2026-09-22T20:31:56.133721,J2,Railway Square,257,350,73.4,25.63,MEDIUM
2026-09-22T20:31:56.133721,J3,City Center,368,400,92.0,18.85,HIGH
2026-09-22T20:31:56.133721,J4,University Road,172,300,57.3,38.92,LOW
2026-09-22T20:31:56.133721,J5,Hospital Road,215,280,76.8,25.32,MEDIUM
2026-09-22T20:31:56.133721,J6,Airport Road,218,350,62.3,24.95,MEDIUM
2026-09-22T20:32:01.180071,J1,Main Market,162,300,54.0,31.45,LOW
2026-09-22T20:32:01.180071,J2,Railway Square,230,350,65.7,20.15,MEDIUM
2026-09-22T20:32:01.180071,J3,City Center,323,400,80.8,20.72,MEDIUM
2026-09-22T20:32:01.180071,J4,University Road,151,300,50.3,34.11,LOW
2026-09-22T20:32:01.180071,J5,Hospital Road,224,280,80.0,15.97,MEDIUM
2026-09-22T20:32:01.180071,J6,Airport Road,235,350,67.1,28.87,MEDIUM
2026-09-22T20:32:06.333504,J1,Main Market,178,300,59.3,31.05,LOW
2026-09-22T20:32:06.333504,J2,Railway Square,227,350,64.9,26.76,MEDIUM
2026-09-22T20:32:06.333504,J3,City Center,324,400,81.0,20.49,MEDIUM
2026-09-22T20:32:06.333504,J4,University Road,160,300,53.3,37.61,LOW
2026-09-22T20:32:06.333504,J5,Hospital Road,218,280,77.9,25.71,MEDIUM
2026-09-22T20:32:06.333504,J6,Airport Road,199,350,56.9,31.96,LOW
2026-09-22T20:32:11.354644,J1,Main Market,176,300,58.7,34.77,LOW
2026-09-22T20:32:11.354644,J2,Railway Square,232,350,66.3,28.11,MEDIUM
2026-09-22T20:32:11.354644,J3,City Center,357,400,89.2,12.04,HIGH
2026-09-22T20:32:11.354644,J4,University Road,144,300,48.0,31.09,LOW
2026-09-22T20:32:11.354644,J5,Hospital Road,197,280,70.4,24.16,MEDIUM
2026-09-22T20:32:11.354644,J6,Airport Road,204,350,58.3,38.68,LOW
2026-09-22T20:32:16.396164,J1,Main Market,185,300,61.7,25.05,MEDIUM
2026-09-22T20:32:16.396164,J2,Railway Square,259,350,74.0,23.85,MEDIUM
2026-09-22T20:32:16.396164,J3,City Center,324,400,81.0,21.59,MEDIUM
2026-09-22T20:32:16.396164,J4,University Road,170,300,56.7,36.51,LOW
2026-09-22T20:32:16.396164,J5,Hospital Road,188,280,67.1,23.44,MEDIUM
2026-09-22T20:32:16.396164,J6,Airport Road,216,350,61.7,20.12,MEDIUM
2026-09-22T20:32:21.449028,J1,Main Market,157,300,52.3,38.75,LOW
2026-09-22T20:32:21.449028,J2,Railway Square,222,350,63.4,29.75,MEDIUM
2026-09-22T20:32:21.449028,J3,City Center,372,400,93.0,13.42,HIGH
2026-09-22T20:32:21.449028,J4,University Road,159,300,53.0,39.29,LOW
2026-09-22T20:32:21.449028,J5,Hospital Road,201,280,71.8,20.26,MEDIUM
2026-09-22T20:32:21.449028,J6,Airport Road,217,350,62.0,27.7,MEDIUM
2026-09-22T20:32:27.048183,J1,Main Market,175,300,58.3,33.45,LOW
2026-09-22T20:32:27.048183,J2,Railway Square,241,350,68.9,23.26,MEDIUM
2026-09-22T20:32:27.048183,J3,City Center,327,400,81.8,15.3,MEDIUM
2026-09-22T20:32:27.048183,J4,University Road,155,300,51.7,37.28,LOW
2026-09-22T20:32:27.048183,J5,Hospital Road,185,280,66.1,24.04,MEDIUM
2026-09-22T20:32:27.048183,J6,Airport Road,231,350,66.0,20.08,MEDIUM
2026-09-22T20:32:32.076497,J1,Main Market,185,300,61.7,24.58,MEDIUM
2026-09-22T20:32:32.076497,J2,Railway Square,244,350,69.7,27.65,MEDIUM
2026-09-22T20:32:32.076497,J3,City Center,340,400,85.0,14.55,HIGH
2026-09-22T20:32:32.076497,J4,University Road,145,300,48.3,36.26,LOW
2026-09-22T20:32:32.076497,J5,Hospital Road,208,280,74.3,20.36,MEDIUM
2026-09-22T20:32:32.076497,J6,Airport Road,237,350,67.7,26.19,MEDIUM
2026-09-22T20:32:37.127070,J1,Main Market,173,300,57.7,35.44,LOW
2026-09-22T20:32:37.127070,J2,Railway Square,247,350,70.6,29.42,MEDIUM
2026-09-22T20:32:37.127070,J3,City Center,364,400,91.0,16.58,HIGH
2026-09-22T20:32:37.127070,J4,University Road,150,300,50.0,31.64,LOW
2026-09-22T20:32:37.127070,J5,Hospital Road,224,280,80.0,19.08,MEDIUM
2026-09-22T20:32:37.127070,J6,Airport Road,202,350,57.7,38.84,LOW
2026-09-22T20:32:42.193755,J1,Main Market,168,300,56.0,39.64,LOW
2026-09-22T20:32:42.193755,J2,Railway Square,242,350,69.1,29.79,MEDIUM
2026-09-22T20:32:42.193755,J3,City Center,349,400,87.2,20.47,MEDIUM
2026-09-22T20:32:42.193755,J4,University Road,145,300,48.3,30.26,LOW
2026-09-22T20:32:42.193755,J5,Hospital Road,223,280,79.6,25.86,MEDIUM
2026-09-22T20:32:42.193755,J6,Airport Road,240,350,68.6,27.09,MEDIUM
2026-09-22T20:32:47.212281,J1,Main Market,179,300,59.7,37.5,LOW
2026-09-22T20:32:47.212281,J2,Railway Square,251,350,71.7,20.8,MEDIUM
2026-09-22T20:32:47.212281,J3,City Center,352,400,88.0,13.87,HIGH
2026-09-22T20:32:47.212281,J4,University Road,172,300,57.3,32.02,LOW
2026-09-22T20:32:47.212281,J5,Hospital Road,195,280,69.6,29.77,MEDIUM
2026-09-22T20:32:47.212281,J6,Airport Road,241,350,68.9,21.42,MEDIUM
2026-09-22T20:32:52.236306,J1,Main Market,170,300,56.7,35.33,LOW
2026-09-22T20:32:52.236306,J2,Railway Square,221,350,63.1,29.13,MEDIUM
2026-09-22T20:32:52.236306,J3,City Center,390,400,97.5,15.39,HIGH
2026-09-22T20:32:52.236306,J4,University Road,168,300,56.0,35.51,LOW
2026-09-22T20:32:52.236306,J5,Hospital Road,200,280,71.4,29.27,MEDIUM
2026-09-22T20:32:52.236306,J6,Airport Road,223,350,63.7,25.68,MEDIUM
2026-09-22T20:32:57.267571,J1,Main Market,171,300,57.0,32.66,LOW
2026-09-22T20:32:57.267571,J2,Railway Square,241,350,68.9,20.43,MEDIUM
2026-09-22T20:32:57.267571,J3,City Center,337,400,84.2,19.86,MEDIUM
2026-09-22T20:32:57.267571,J4,University Road,144,300,48.0,34.31,LOW
2026-09-22T20:32:57.267571,J5,Hospital Road,194,280,69.3,22.05,MEDIUM
2026-09-22T20:32:57.267571,J6,Airport Road,208,350,59.4,35.71,LOW
2026-09-22T20:33:02.311445,J1,Main Market,159,300,53.0,39.12,LOW
2026-09-22T20:33:02.311445,J2,Railway Square,260,350,74.3,28.94,MEDIUM
2026-09-22T20:33:02.311445,J3,City Center,380,400,95.0,12.59,HIGH
2026-09-22T20:33:02.311445,J4,University Road,151,300,50.3,36.79,LOW
2026-09-22T20:33:02.311445,J5,Hospital Road,206,280,73.6,20.83,MEDIUM
2026-09-22T20:33:02.311445,J6,Airport Road,231,350,66.0,21.98,MEDIUM
2026-09-22T20:33:07.336908,J1,Main Market,171,300,57.0,36.72,LOW
2026-09-22T20:33:07.336908,J2,Railway Square,218,350,62.3,26.78,MEDIUM
2026-09-22T20:33:07.336908,J3,City Center,361,400,90.2,18.8,HIGH
2026-09-22T20:33:07.336908,J4,University Road,170,300,56.7,39.51,LOW
2026-09-22T20:33:07.336908,J5,Hospital Road,191,280,68.2,22.27,MEDIUM
2026-09-22T20:33:07.336908,J6,Airport Road,208,350,59.4,33.43,LOW
2026-09-22T20:33:12.367921,J1,Main Market,172,300,57.3,34.23,LOW
2026-09-22T20:33:12.367921,J2,Railway Square,252,350,72.0,29.29,MEDIUM
2026-09-22T20:33:12.367921,J3,City Center,332,400,83.0,16.58,MEDIUM
2026-09-22T20:33:12.367921,J4,University Road,152,300,50.7,31.04,LOW
2026-09-22T20:33:12.367921,J5,Hospital Road,210,280,75.0,23.03,MEDIUM
2026-09-22T20:33:12.367921,J6,Airport Road,199,350,56.9,37.07,LOW
2026-09-22T20:33:17.398762,J1,Main Market,159,300,53.0,30.12,LOW
2026-09-22T20:33:17.398762,J2,Railway Square,235,350,67.1,21.81,MEDIUM
2026-09-22T20:33:17.398762,J3,City Center,332,400,83.0,14.52,HIGH
2026-09-22T20:33:17.398762,J4,University Road,152,300,50.7,31.87,LOW
2026-09-22T20:33:17.398762,J5,Hospital Road,209,280,74.6,23.96,MEDIUM
2026-09-22T20:33:17.398762,J6,Airport Road,211,350,60.3,20.16,MEDIUM
2026-09-22T20:33:22.433647,J1,Main Market,162,300,54.0,35.12,LOW
2026-09-22T20:33:22.433647,J2,Railway Square,217,350,62.0,20.17,MEDIUM
2026-09-22T20:33:22.433647,J3,City Center,384,400,96.0,16.54,HIGH
2026-09-22T20:33:22.433647,J4,University Road,146,300,48.7,37.75,LOW
2026-09-22T20:33:22.433647,J5,Hospital Road,215,280,76.8,20.11,MEDIUM
2026-09-22T20:33:22.433647,J6,Airport Road,236,350,67.4,25.1,MEDIUM
2026-09-22T20:33:27.473815,J1,Main Market,185,300,61.7,26.63,MEDIUM
2026-09-22T20:33:27.473815,J2,Railway Square,245,350,70.0,20.48,MEDIUM
2026-09-22T20:33:27.473815,J3,City Center,354,400,88.5,18.61,MEDIUM
2026-09-22T20:33:27.473815,J4,University Road,167,300,55.7,30.3,LOW
2026-09-22T20:33:27.473815,J5,Hospital Road,217,280,77.5,26.48,MEDIUM
2026-09-22T20:33:27.473815,J6,Airport Road,199,350,56.9,32.79,LOW
2026-09-22T20:33:32.526769,J1,Main Market,161,300,53.7,39.1,LOW
2026-09-22T20:33:32.526769,J2,Railway Square,249,350,71.1,24.03,MEDIUM
2026-09-22T20:33:32.526769,J3,City Center,324,400,81.0,13.81,HIGH
2026-09-22T20:33:32.526769,J4,University Road,149,300,49.7,37.45,LOW
2026-09-22T20:33:32.526769,J5,Hospital Road,215,280,76.8,20.38,MEDIUM
2026-09-22T20:33:32.526769,J6,Airport Road,240,350,68.6,29.45,MEDIUM
2026-09-22T20:33:37.556733,J1,Main Market,166,300,55.3,31.79,LOW
2026-09-22T20:33:37.556733,J2,Railway Square,237,350,67.7,28.48,MEDIUM
2026-09-22T20:33:37.556733,J3,City Center,377,400,94.2,17.64,HIGH
2026-09-22T20:33:37.556733,J4,University Road,161,300,53.7,39.95,LOW
2026-09-22T20:33:37.556733,J5,Hospital Road,191,280,68.2,22.35,MEDIUM
2026-09-22T20:33:37.556733,J6,Airport Road,220,350,62.9,24.02,MEDIUM
2026-09-22T20:33:42.591552,J1,Main Market,166,300,55.3,37.72,LOW
2026-09-22T20:33:42.591552,J2,Railway Square,256,350,73.1,22.21,MEDIUM
2026-09-22T20:33:42.591552,J3,City Center,344,400,86.0,20.51,MEDIUM
2026-09-22T20:33:42.591552,J4,University Road,145,300,48.3,32.49,LOW
2026-09-22T20:33:42.591552,J5,Hospital Road,191,280,68.2,23.09,MEDIUM
2026-09-22T20:33:42.591552,J6,Airport Road,222,350,63.4,29.27,MEDIUM
2026-09-22T20:33:47.618201,J1,Main Market,167,300,55.7,34.15,LOW
2026-09-22T20:33:47.618201,J2,Railway Square,231,350,66.0,23.97,MEDIUM
2026-09-22T20:33:47.618201,J3,City Center,333,400,83.2,18.76,MEDIUM
2026-09-22T20:33:47.618201,J4,University Road,166,300,55.3,30.26,LOW
2026-09-22T20:33:47.618201,J5,Hospital Road,200,280,71.4,25.11,MEDIUM
2026-09-22T20:33:47.618201,J6,Airport Road,221,350,63.1,29.91,MEDIUM
2026-09-22T20:33:52.639738,J1,Main Market,182,300,60.7,23.46,MEDIUM
2026-09-22T20:33:52.639738,J2,Railway Square,226,350,64.6,27.05,MEDIUM
2026-09-22T20:33:52.639738,J3,City Center,334,400,83.5,12.56,HIGH
2026-09-22T20:33:52.639738,J4,University Road,165,300,55.0,39.2,LOW
2026-09-22T20:33:52.639738,J5,Hospital Road,190,280,67.9,20.76,MEDIUM
2026-09-22T20:33:52.639738,J6,Airport Road,222,350,63.4,23.28,MEDIUM
2026-09-22T20:33:57.678235,J1,Main Market,168,300,56.0,33.75,LOW
2026-09-22T20:33:57.678235,J2,Railway Square,250,350,71.4,24.93,MEDIUM
2026-09-22T20:33:57.678235,J3,City Center,365,400,91.2,21.16,HIGH
2026-09-22T20:33:57.678235,J4,University Road,146,300,48.7,30.48,LOW
2026-09-22T20:33:57.678235,J5,Hospital Road,189,280,67.5,20.32,MEDIUM
2026-09-22T20:33:57.678235,J6,Airport Road,203,350,58.0,36.95,LOW
2026-09-22T20:34:02.711553,J1,Main Market,158,300,52.7,33.38,LOW
2026-09-22T20:34:02.711553,J2,Railway Square,222,350,63.4,25.24,MEDIUM
2026-09-22T20:34:02.711553,J3,City Center,329,400,82.2,18.39,MEDIUM
2026-09-22T20:34:02.711553,J4,University Road,152,300,50.7,32.14,LOW
2026-09-22T20:34:02.711553,J5,Hospital Road,215,280,76.8,22.16,MEDIUM
2026-09-22T20:34:02.711553,J6,Airport Road,227,350,64.9,26.19,MEDIUM
2026-09-22T20:34:07.760011,J1,Main Market,166,300,55.3,32.23,LOW
2026-09-22T20:34:07.760011,J2,Railway Square,244,350,69.7,24.06,MEDIUM
2026-09-22T20:34:07.760011,J3,City Center,341,400,85.2,20.45,MEDIUM
2026-09-22T20:34:07.760011,J4,University Road,167,300,55.7,36.78,LOW
2026-09-22T20:34:07.760011,J5,Hospital Road,206,280,73.6,28.27,MEDIUM
2026-09-22T20:34:07.760011,J6,Airport Road,240,350,68.6,22.36,MEDIUM
2026-09-22T20:34:12.824389,J1,Main Market,180,300,60.0,29.33,MEDIUM
2026-09-22T20:34:12.824389,J2,Railway Square,223,350,63.7,27.88,MEDIUM
2026-09-22T20:34:12.824389,J3,City Center,339,400,84.8,17.07,MEDIUM
2026-09-22T20:34:12.824389,J4,University Road,154,300,51.3,35.36,LOW
2026-09-22T20:34:12.824389,J5,Hospital Road,188,280,67.1,22.17,MEDIUM
2026-09-22T20:34:12.824389,J6,Airport Road,242,350,69.1,23.63,MEDIUM
2026-09-22T20:34:17.858575,J1,Main Market,181,300,60.3,21.23,MEDIUM
2026-09-22T20:34:17.858575,J2,Railway Square,244,350,69.7,24.08,MEDIUM
2026-09-22T20:34:17.858575,J3,City Center,355,400,88.8,16.32,MEDIUM
2026-09-22T20:34:17.858575,J4,University Road,144,300,48.0,32.73,LOW
2026-09-22T20:34:17.858575,J5,Hospital Road,186,280,66.4,21.75,MEDIUM
2026-09-22T20:34:17.858575,J6,Airport Road,225,350,64.3,29.24,MEDIUM
2026-09-22T20:34:22.892325,J1,Main Market,166,300,55.3,35.8,LOW
2026-09-22T20:34:22.892325,J2,Railway Square,237,350,67.7,28.03,MEDIUM
2026-09-22T20:34:22.892325,J3,City Center,346,400,86.5,17.38,MEDIUM
2026-09-22T20:34:22.892325,J4,University Road,167,300,55.7,39.12,LOW
2026-09-22T20:34:22.892325,J5,Hospital Road,212,280,75.7,25.22,MEDIUM
2026-09-22T20:34:22.892325,J6,Airport Road,205,350,58.6,35.43,LOW
2026-09-22T20:34:27.926125,J1,Main Market,175,300,58.3,31.55,LOW
2026-09-22T20:34:27.926125,J2,Railway Square,235,350,67.1,25.33,MEDIUM
2026-09-22T20:34:27.926125,J3,City Center,342,400,85.5,18.26,MEDIUM
2026-09-22T20:34:27.926125,J4,University Road,141,300,47.0,32.79,LOW
2026-09-22T20:34:27.926125,J5,Hospital Road,194,280,69.3,26.72,MEDIUM
2026-09-22T20:34:27.926125,J6,Airport Road,219,350,62.6,24.92,MEDIUM
2026-09-22T20:34:32.977718,J1,Main Market,165,300,55.0,39.15,LOW
2026-09-22T20:34:32.977718,J2,Railway Square,221,350,63.1,29.63,MEDIUM
2026-09-22T20:34:32.977718,J3,City Center,354,400,88.5,18.94,MEDIUM
2026-09-22T20:34:32.977718,J4,University Road,170,300,56.7,32.41,LOW
2026-09-22T20:34:32.977718,J5,Hospital Road,191,280,68.2,25.3,MEDIUM
2026-09-22T20:34:32.977718,J6,Airport Road,210,350,60.0,28.33,MEDIUM
2026-09-22T20:34:38.012725,J1,Main Market,160,300,53.3,31.59,LOW
2026-09-22T20:34:38.012725,J2,Railway Square,246,350,70.3,29.16,MEDIUM
2026-09-22T20:34:38.012725,J3,City Center,371,400,92.8,17.81,HIGH
2026-09-22T20:34:38.012725,J4,University Road,148,300,49.3,34.24,LOW
2026-09-22T20:34:38.012725,J5,Hospital Road,219,280,78.2,20.97,MEDIUM
2026-09-22T20:34:38.012725,J6,Airport Road,229,350,65.4,29.92,MEDIUM
2026-09-22T20:34:43.082848,J1,Main Market,185,300,61.7,21.96,MEDIUM
2026-09-22T20:34:43.082848,J2,Railway Square,228,350,65.1,30.0,MEDIUM
2026-09-22T20:34:43.082848,J3,City Center,339,400,84.8,21.74,MEDIUM
2026-09-22T20:34:43.082848,J4,University Road,168,300,56.0,34.35,LOW
2026-09-22T20:34:43.082848,J5,Hospital Road,198,280,70.7,21.29,MEDIUM
2026-09-22T20:34:43.082848,J6,Airport Road,225,350,64.3,20.97,MEDIUM
2026-09-22T20:34:48.118229,J1,Main Market,166,300,55.3,33.81,LOW
2026-09-22T20:34:48.118229,J2,Railway Square,255,350,72.9,25.45,MEDIUM
2026-09-22T20:34:48.118229,J3,City Center,335,400,83.8,13.82,HIGH
2026-09-22T20:34:48.118229,J4,University Road,157,300,52.3,38.95,LOW
2026-09-22T20:34:48.118229,J5,Hospital Road,189,280,67.5,27.55,MEDIUM
2026-09-22T20:34:48.118229,J6,Airport Road,213,350,60.9,20.22,MEDIUM
2026-09-22T20:34:53.153047,J1,Main Market,190,300,63.3,20.48,MEDIUM
2026-09-22T20:34:53.153047,J2,Railway Square,236,350,67.4,29.01,MEDIUM
2026-09-22T20:34:53.153047,J3,City Center,356,400,89.0,16.01,MEDIUM
2026-09-22T20:34:53.153047,J4,University Road,168,300,56.0,36.74,LOW
2026-09-22T20:34:53.153047,J5,Hospital Road,212,280,75.7,24.71,MEDIUM
2026-09-22T20:34:53.153047,J6,Airport Road,207,350,59.1,38.26,LOW
2026-09-22T20:34:58.180649,J1,Main Market,178,300,59.3,31.58,LOW
2026-09-22T20:34:58.180649,J2,Railway Square,232,350,66.3,28.86,MEDIUM
2026-09-22T20:34:58.180649,J3,City Center,390,400,97.5,14.15,HIGH
2026-09-22T20:34:58.180649,J4,University Road,163,300,54.3,33.59,LOW
2026-09-22T20:34:58.180649,J5,Hospital Road,226,280,80.7,13.92,HIGH
2026-09-22T20:34:58.180649,J6,Airport Road,225,350,64.3,22.09,MEDIUM
2026-09-22T20:35:03.201871,J1,Main Market,177,300,59.0,36.81,LOW
2026-09-22T20:35:03.201871,J2,Railway Square,229,350,65.4,25.26,MEDIUM
2026-09-22T20:35:03.201871,J3,City Center,391,400,97.8,16.02,HIGH
2026-09-22T20:35:03.201871,J4,University Road,159,300,53.0,37.69,LOW
2026-09-22T20:35:03.201871,J5,Hospital Road,211,280,75.4,22.19,MEDIUM
2026-09-22T20:35:03.201871,J6,Airport Road,240,350,68.6,28.44,MEDIUM
2026-09-22T20:35:08.244721,J1,Main Market,162,300,54.0,38.38,LOW
2026-09-22T20:35:08.244721,J2,Railway Square,229,350,65.4,29.73,MEDIUM
2026-09-22T20:35:08.244721,J3,City Center,360,400,90.0,19.88,HIGH
2026-09-22T20:35:08.244721,J4,University Road,163,300,54.3,30.78,LOW
2026-09-22T20:35:08.244721,J5,Hospital Road,217,280,77.5,24.66,MEDIUM
2026-09-22T20:35:08.244721,J6,Airport Road,228,350,65.1,29.27,MEDIUM
2026-09-22T20:35:13.299878,J1,Main Market,157,300,52.3,30.38,LOW
2026-09-22T20:35:13.299878,J2,Railway Square,218,350,62.3,29.07,MEDIUM
2026-09-22T20:35:13.299878,J3,City Center,364,400,91.0,16.72,HIGH
2026-09-22T20:35:13.299878,J4,University Road,154,300,51.3,31.18,LOW
2026-09-22T20:35:13.299878,J5,Hospital Road,225,280,80.4,12.13,HIGH
2026-09-22T20:35:13.299878,J6,Airport Road,223,350,63.7,22.66,MEDIUM
2026-09-22T20:35:18.465039,J1,Main Market,175,300,58.3,36.04,LOW
2026-09-22T20:35:18.465039,J2,Railway Square,242,350,69.1,29.62,MEDIUM
2026-09-22T20:35:18.465039,J3,City Center,349,400,87.2,13.2,HIGH
2026-09-22T20:35:18.465039,J4,University Road,143,300,47.7,31.34,LOW
2026-09-22T20:35:18.465039,J5,Hospital Road,200,280,71.4,25.94,MEDIUM
2026-09-22T20:35:18.465039,J6,Airport Road,204,350,58.3,36.49,LOW
2026-09-22T20:35:23.508490,J1,Main Market,168,300,56.0,33.37,LOW
2026-09-22T20:35:23.508490,J2,Railway Square,234,350,66.9,20.53,MEDIUM
2026-09-22T20:35:23.508490,J3,City Center,381,400,95.2,16.04,HIGH
2026-09-22T20:35:23.508490,J4,University Road,169,300,56.3,32.41,LOW
2026-09-22T20:35:23.508490,J5,Hospital Road,218,280,77.9,28.05,MEDIUM
2026-09-22T20:35:23.508490,J6,Airport Road,229,350,65.4,26.03,MEDIUM
2026-09-22T20:35:28.571441,J1,Main Market,186,300,62.0,29.43,MEDIUM
2026-09-22T20:35:28.571441,J2,Railway Square,258,350,73.7,27.68,MEDIUM
2026-09-22T20:35:28.571441,J3,City Center,370,400,92.5,21.69,HIGH
2026-09-22T20:35:28.571441,J4,University Road,160,300,53.3,37.82,LOW
2026-09-22T20:35:28.571441,J5,Hospital Road,208,280,74.3,26.63,MEDIUM
2026-09-22T20:35:28.571441,J6,Airport Road,231,350,66.0,29.48,MEDIUM
2026-09-22T20:35:33.651670,J1,Main Market,183,300,61.0,26.91,MEDIUM
2026-09-22T20:35:33.651670,J2,Railway Square,231,350,66.0,23.74,MEDIUM
2026-09-22T20:35:33.651670,J3,City Center,389,400,97.2,13.8,HIGH
2026-09-22T20:35:33.651670,J4,University Road,160,300,53.3,33.57,LOW
2026-09-22T20:35:33.651670,J5,Hospital Road,223,280,79.6,26.69,MEDIUM
2026-09-22T20:35:33.651670,J6,Airport Road,217,350,62.0,26.0,MEDIUM
2026-09-22T20:35:38.667696,J1,Main Market,179,300,59.7,37.51,LOW
2026-09-22T20:35:38.667696,J2,Railway Square,217,350,62.0,29.38,MEDIUM
2026-09-22T20:35:38.667696,J3,City Center,352,400,88.0,19.35,MEDIUM
2026-09-22T20:35:38.667696,J4,University Road,156,300,52.0,33.39,LOW
2026-09-22T20:35:38.667696,J5,Hospital Road,222,280,79.3,22.98,MEDIUM
2026-09-22T20:35:38.667696,J6,Airport Road,242,350,69.1,29.44,MEDIUM
2026-09-22T20:35:43.715857,J1,Main Market,160,300,53.3,33.2,LOW
2026-09-22T20:35:43.715857,J2,Railway Square,250,350,71.4,28.03,MEDIUM
2026-09-22T20:35:43.715857,J3,City Center,368,400,92.0,12.28,HIGH
2026-09-22T20:35:43.715857,J4,University Road,167,300,55.7,31.86,LOW
2026-09-22T20:35:43.715857,J5,Hospital Road,198,280,70.7,21.41,MEDIUM
2026-09-22T20:35:43.715857,J6,Airport Road,205,350,58.6,31.58,LOW
2026-09-22T20:35:48.757589,J1,Main Market,163,300,54.3,39.35,LOW
2026-09-22T20:35:48.757589,J2,Railway Square,244,350,69.7,20.32,MEDIUM
2026-09-22T20:35:48.757589,J3,City Center,334,400,83.5,13.97,HIGH
2026-09-22T20:35:48.757589,J4,University Road,145,300,48.3,31.36,LOW
2026-09-22T20:35:48.757589,J5,Hospital Road,200,280,71.4,24.76,MEDIUM
2026-09-22T20:35:48.757589,J6,Airport Road,228,350,65.1,22.28,MEDIUM
2026-09-22T20:35:53.796976,J1,Main Market,161,300,53.7,38.59,LOW
2026-09-22T20:35:53.796976,J2,Railway Square,250,350,71.4,28.26,MEDIUM
2026-09-22T20:35:53.796976,J3,City Center,360,400,90.0,20.16,HIGH
2026-09-22T20:35:53.796976,J4,University Road,170,300,56.7,30.76,LOW
2026-09-22T20:35:53.796976,J5,Hospital Road,206,280,73.6,26.92,MEDIUM
2026-09-22T20:35:53.796976,J6,Airport Road,232,350,66.3,21.71,MEDIUM
2026-09-22T20:35:58.818558,J1,Main Market,168,300,56.0,35.59,LOW
2026-09-22T20:35:58.818558,J2,Railway Square,245,350,70.0,24.26,MEDIUM
2026-09-22T20:35:58.818558,J3,City Center,360,400,90.0,13.52,HIGH
2026-09-22T20:35:58.818558,J4,University Road,148,300,49.3,34.57,LOW
2026-09-22T20:35:58.818558,J5,Hospital Road,213,280,76.1,25.34,MEDIUM
2026-09-22T20:35:58.818558,J6,Airport Road,210,350,60.0,21.44,MEDIUM
2026-09-22T20:36:03.847639,J1,Main Market,169,300,56.3,39.7,LOW
2026-09-22T20:36:03.847639,J2,Railway Square,242,350,69.1,21.66,MEDIUM
2026-09-22T20:36:03.847639,J3,City Center,375,400,93.8,13.31,HIGH
2026-09-22T20:36:03.847639,J4,University Road,156,300,52.0,39.36,LOW
2026-09-22T20:36:03.847639,J5,Hospital Road,199,280,71.1,20.26,MEDIUM
2026-09-22T20:36:03.847639,J6,Airport Road,240,350,68.6,23.7,MEDIUM
2026-09-22T20:36:08.867006,J1,Main Market,184,300,61.3,24.08,MEDIUM
2026-09-22T20:36:08.867006,J2,Railway Square,221,350,63.1,24.71,MEDIUM
2026-09-22T20:36:08.867006,J3,City Center,360,400,90.0,18.27,HIGH
2026-09-22T20:36:08.867006,J4,University Road,168,300,56.0,37.41,LOW
2026-09-22T20:36:08.867006,J5,Hospital Road,191,280,68.2,23.17,MEDIUM
2026-09-22T20:36:08.867006,J6,Airport Road,208,350,59.4,39.69,LOW
2026-09-22T20:36:13.910520,J1,Main Market,186,300,62.0,20.74,MEDIUM
2026-09-22T20:36:13.910520,J2,Railway Square,217,350,62.0,23.89,MEDIUM
2026-09-22T20:36:13.910520,J3,City Center,330,400,82.5,15.27,MEDIUM
2026-09-22T20:36:13.910520,J4,University Road,168,300,56.0,31.34,LOW
2026-09-22T20:36:13.910520,J5,Hospital Road,217,280,77.5,26.24,MEDIUM
2026-09-22T20:36:13.910520,J6,Airport Road,230,350,65.7,22.94,MEDIUM
2026-09-22T20:36:18.929783,J1,Main Market,189,300,63.0,22.22,MEDIUM
2026-09-22T20:36:18.929783,J2,Railway Square,233,350,66.6,25.44,MEDIUM
2026-09-22T20:36:18.929783,J3,City Center,360,400,90.0,15.9,HIGH
2026-09-22T20:36:18.929783,J4,University Road,165,300,55.0,37.59,LOW
2026-09-22T20:36:18.929783,J5,Hospital Road,214,280,76.4,20.33,MEDIUM
2026-09-22T20:36:18.929783,J6,Airport Road,206,350,58.9,37.7,LOW
2026-09-22T20:36:23.968123,J1,Main Market,166,300,55.3,30.51,LOW
2026-09-22T20:36:23.968123,J2,Railway Square,222,350,63.4,25.55,MEDIUM
2026-09-22T20:36:23.968123,J3,City Center,337,400,84.2,15.07,MEDIUM
2026-09-22T20:36:23.968123,J4,University Road,143,300,47.7,32.35,LOW
2026-09-22T20:36:23.968123,J5,Hospital Road,208,280,74.3,20.97,MEDIUM
2026-09-22T20:36:23.968123,J6,Airport Road,234,350,66.9,27.15,MEDIUM
2026-09-22T20:36:28.992988,J1,Main Market,156,300,52.0,35.99,LOW
2026-09-22T20:36:28.992988,J2,Railway Square,249,350,71.1,24.33,MEDIUM
2026-09-22T20:36:28.992988,J3,City Center,358,400,89.5,12.58,HIGH
2026-09-22T20:36:28.992988,J4,University Road,151,300,50.3,35.77,LOW
2026-09-22T20:36:28.992988,J5,Hospital Road,218,280,77.9,25.91,MEDIUM
2026-09-22T20:36:28.992988,J6,Airport Road,215,350,61.4,25.94,MEDIUM
2026-09-22T20:36:34.013729,J1,Main Market,189,300,63.0,21.77,MEDIUM
2026-09-22T20:36:34.013729,J2,Railway Square,219,350,62.6,27.08,MEDIUM
2026-09-22T20:36:34.013729,J3,City Center,351,400,87.8,21.58,MEDIUM
2026-09-22T20:36:34.013729,J4,University Road,172,300,57.3,36.71,LOW
2026-09-22T20:36:34.013729,J5,Hospital Road,216,280,77.1,24.89,MEDIUM
2026-09-22T20:36:34.013729,J6,Airport Road,231,350,66.0,23.92,MEDIUM
2026-09-22T20:36:39.037491,J1,Main Market,189,300,63.0,28.26,MEDIUM
2026-09-22T20:36:39.037491,J2,Railway Square,252,350,72.0,29.86,MEDIUM
2026-09-22T20:36:39.037491,J3,City Center,350,400,87.5,20.73,MEDIUM
2026-09-22T20:36:39.037491,J4,University Road,156,300,52.0,31.97,LOW
2026-09-22T20:36:39.037491,J5,Hospital Road,226,280,80.7,16.64,MEDIUM
2026-09-22T20:36:39.037491,J6,Airport Road,242,350,69.1,20.7,MEDIUM
2026-09-22T20:36:44.063487,J1,Main Market,184,300,61.3,25.04,MEDIUM
2026-09-22T20:36:44.063487,J2,Railway Square,229,350,65.4,23.24,MEDIUM
2026-09-22T20:36:44.063487,J3,City Center,324,400,81.0,19.39,MEDIUM
2026-09-22T20:36:44.063487,J4,University Road,144,300,48.0,33.61,LOW
2026-09-22T20:36:44.063487,J5,Hospital Road,208,280,74.3,20.62,MEDIUM
2026-09-22T20:36:44.063487,J6,Airport Road,222,350,63.4,24.18,MEDIUM
2026-09-22T20:36:49.108602,J1,Main Market,169,300,56.3,35.03,LOW
2026-09-22T20:36:49.108602,J2,Railway Square,217,350,62.0,26.54,MEDIUM
2026-09-22T20:36:49.108602,J3,City Center,353,400,88.2,14.25,HIGH
2026-09-22T20:36:49.108602,J4,University Road,155,300,51.7,38.55,LOW
2026-09-22T20:36:49.108602,J5,Hospital Road,188,280,67.1,23.54,MEDIUM
2026-09-22T20:36:49.108602,J6,Airport Road,201,350,57.4,36.45,LOW
2026-09-22T20:36:54.155648,J1,Main Market,189,300,63.0,21.04,MEDIUM
2026-09-22T20:36:54.155648,J2,Railway Square,241,350,68.9,21.25,MEDIUM
2026-09-22T20:36:54.155648,J3,City Center,390,400,97.5,18.26,HIGH
2026-09-22T20:36:54.155648,J4,University Road,149,300,49.7,38.9,LOW
2026-09-22T20:36:54.155648,J5,Hospital Road,213,280,76.1,24.03,MEDIUM
2026-09-22T20:36:54.155648,J6,Airport Road,203,350,58.0,34.95,LOW
2026-09-22T20:36:59.200967,J1,Main Market,156,300,52.0,36.19,LOW
2026-09-22T20:36:59.200967,J2,Railway Square,260,350,74.3,28.31,MEDIUM
2026-09-22T20:36:59.200967,J3,City Center,327,400,81.8,20.28,MEDIUM
2026-09-22T20:36:59.200967,J4,University Road,166,300,55.3,37.11,LOW
2026-09-22T20:36:59.200967,J5,Hospital Road,209,280,74.6,20.13,MEDIUM
2026-09-22T20:36:59.200967,J6,Airport Road,219,350,62.6,29.2,MEDIUM
2026-09-22T20:37:04.240365,J1,Main Market,187,300,62.3,24.69,MEDIUM
2026-09-22T20:37:04.240365,J2,Railway Square,256,350,73.1,26.73,MEDIUM
2026-09-22T20:37:04.240365,J3,City Center,344,400,86.0,19.85,MEDIUM
2026-09-22T20:37:04.240365,J4,University Road,172,300,57.3,31.68,LOW
2026-09-22T20:37:04.240365,J5,Hospital Road,188,280,67.1,20.31,MEDIUM
2026-09-22T20:37:04.240365,J6,Airport Road,230,350,65.7,28.08,MEDIUM
2026-09-22T20:37:09.292208,J1,Main Market,172,300,57.3,30.12,LOW
2026-09-22T20:37:09.292208,J2,Railway Square,229,350,65.4,28.89,MEDIUM
2026-09-22T20:37:09.292208,J3,City Center,374,400,93.5,19.53,HIGH
2026-09-22T20:37:09.292208,J4,University Road,165,300,55.0,33.55,LOW
2026-09-22T20:37:09.292208,J5,Hospital Road,193,280,68.9,23.67,MEDIUM
2026-09-22T20:37:09.292208,J6,Airport Road,207,350,59.1,39.05,LOW
2026-09-22T20:37:14.321138,J1,Main Market,167,300,55.7,33.0,LOW
2026-09-22T20:37:14.321138,J2,Railway Square,261,350,74.6,27.01,MEDIUM
2026-09-22T20:37:14.321138,J3,City Center,362,400,90.5,18.61,HIGH
2026-09-22T20:37:14.321138,J4,University Road,159,300,53.0,34.88,LOW
2026-09-22T20:37:14.321138,J5,Hospital Road,192,280,68.6,20.25,MEDIUM
2026-09-22T20:37:14.321138,J6,Airport Road,203,350,58.0,36.86,LOW
2026-09-22T20:37:19.347692,J1,Main Market,185,300,61.7,23.53,MEDIUM
2026-09-22T20:37:19.347692,J2,Railway Square,221,350,63.1,23.41,MEDIUM
2026-09-22T20:37:19.347692,J3,City Center,321,400,80.2,12.41,HIGH
2026-09-22T20:37:19.347692,J4,University Road,143,300,47.7,36.75,LOW
2026-09-22T20:37:19.347692,J5,Hospital Road,209,280,74.6,26.12,MEDIUM
2026-09-22T20:37:19.347692,J6,Airport Road,219,350,62.6,29.17,MEDIUM
2026-09-22T20:37:24.377071,J1,Main Market,180,300,60.0,29.04,MEDIUM
2026-09-22T20:37:24.377071,J2,Railway Square,241,350,68.9,29.24,MEDIUM
2026-09-22T20:37:24.377071,J3,City Center,364,400,91.0,16.71,HIGH
2026-09-22T20:37:24.377071,J4,University Road,150,300,50.0,34.09,LOW
2026-09-22T20:37:24.377071,J5,Hospital Road,218,280,77.9,29.66,MEDIUM
2026-09-22T20:37:24.377071,J6,Airport Road,232,350,66.3,26.44,MEDIUM
2026-09-22T20:37:29.402388,J1,Main Market,183,300,61.0,20.75,MEDIUM
2026-09-22T20:37:29.402388,J2,Railway Square,261,350,74.6,23.71,MEDIUM
2026-09-22T20:37:29.402388,J3,City Center,357,400,89.2,20.63,MEDIUM
2026-09-22T20:37:29.402388,J4,University Road,157,300,52.3,36.2,LOW
2026-09-22T20:37:29.402388,J5,Hospital Road,213,280,76.1,25.04,MEDIUM
2026-09-22T20:37:29.402388,J6,Airport Road,199,350,56.9,30.3,LOW
2026-09-22T20:37:34.478506,J1,Main Market,181,300,60.3,24.44,MEDIUM
2026-09-22T20:37:34.478506,J2,Railway Square,244,350,69.7,29.86,MEDIUM
2026-09-22T20:37:34.478506,J3,City Center,337,400,84.2,17.71,MEDIUM
2026-09-22T20:37:34.478506,J4,University Road,155,300,51.7,30.69,LOW
2026-09-22T20:37:34.478506,J5,Hospital Road,220,280,78.6,22.75,MEDIUM
2026-09-22T20:37:34.478506,J6,Airport Road,222,350,63.4,28.82,MEDIUM
2026-09-22T20:37:39.559883,J1,Main Market,186,300,62.0,26.06,MEDIUM
2026-09-22T20:37:39.559883,J2,Railway Square,228,350,65.1,21.44,MEDIUM
2026-09-22T20:37:39.559883,J3,City Center,334,400,83.5,17.78,MEDIUM
2026-09-22T20:37:39.559883,J4,University Road,165,300,55.0,39.5,LOW
2026-09-22T20:37:39.559883,J5,Hospital Road,215,280,76.8,29.01,MEDIUM
2026-09-22T20:37:39.559883,J6,Airport Road,204,350,58.3,31.3,LOW
2026-09-22T20:37:44.591752,J1,Main Market,172,300,57.3,36.48,LOW
2026-09-22T20:37:44.591752,J2,Railway Square,232,350,66.3,25.32,MEDIUM
2026-09-22T20:37:44.591752,J3,City Center,353,400,88.2,21.57,MEDIUM
2026-09-22T20:37:44.591752,J4,University Road,159,300,53.0,33.08,LOW
2026-09-22T20:37:44.591752,J5,Hospital Road,197,280,70.4,25.33,MEDIUM
2026-09-22T20:37:44.591752,J6,Airport Road,209,350,59.7,31.56,LOW
2026-09-22T20:37:49.618933,J1,Main Market,179,300,59.7,35.01,LOW
2026-09-22T20:37:49.618933,J2,Railway Square,227,350,64.9,27.77,MEDIUM
2026-09-22T20:37:49.618933,J3,City Center,345,400,86.2,20.46,MEDIUM
2026-09-22T20:37:49.618933,J4,University Road,172,300,57.3,37.38,LOW
2026-09-22T20:37:49.618933,J5,Hospital Road,214,280,76.4,23.48,MEDIUM
2026-09-22T20:37:49.618933,J6,Airport Road,203,350,58.0,32.83,LOW
2026-09-22T20:37:54.640818,J1,Main Market,163,300,54.3,34.01,LOW
2026-09-22T20:37:54.640818,J2,Railway Square,219,350,62.6,25.12,MEDIUM
2026-09-22T20:37:54.640818,J3,City Center,356,400,89.0,14.93,HIGH
2026-09-22T20:37:54.640818,J4,University Road,142,300,47.3,31.36,LOW
2026-09-22T20:37:54.640818,J5,Hospital Road,213,280,76.1,29.64,MEDIUM
2026-09-22T20:37:54.640818,J6,Airport Road,202,350,57.7,33.16,LOW
2026-09-22T20:37:59.663574,J1,Main Market,165,300,55.0,36.65,LOW
2026-09-22T20:37:59.663574,J2,Railway Square,221,350,63.1,28.91,MEDIUM
2026-09-22T20:37:59.663574,J3,City Center,323,400,80.8,14.34,HIGH
2026-09-22T20:37:59.663574,J4,University Road,157,300,52.3,39.86,LOW
2026-09-22T20:37:59.663574,J5,Hospital Road,202,280,72.1,21.17,MEDIUM
2026-09-22T20:37:59.663574,J6,Airport Road,217,350,62.0,24.35,MEDIUM
2026-09-22T20:38:04.692160,J1,Main Market,166,300,55.3,39.43,LOW
2026-09-22T20:38:04.692160,J2,Railway Square,227,350,64.9,22.24,MEDIUM
2026-09-22T20:38:04.692160,J3,City Center,361,400,90.2,14.6,HIGH
2026-09-22T20:38:04.692160,J4,University Road,147,300,49.0,37.44,LOW
2026-09-22T20:38:04.692160,J5,Hospital Road,206,280,73.6,24.99,MEDIUM
2026-09-22T20:38:04.692160,J6,Airport Road,198,350,56.6,39.78,LOW
2026-09-22T20:38:09.742681,J1,Main Market,160,300,53.3,38.09,LOW
2026-09-22T20:38:09.742681,J2,Railway Square,219,350,62.6,27.64,MEDIUM
2026-09-22T20:38:09.742681,J3,City Center,334,400,83.5,17.25,MEDIUM
2026-09-22T20:38:09.742681,J4,University Road,142,300,47.3,36.39,LOW
2026-09-22T20:38:09.742681,J5,Hospital Road,210,280,75.0,28.06,MEDIUM
2026-09-22T20:38:09.742681,J6,Airport Road,225,350,64.3,21.8,MEDIUM
2026-09-22T20:38:14.792864,J1,Main Market,170,300,56.7,32.73,LOW
2026-09-22T20:38:14.792864,J2,Railway Square,254,350,72.6,26.37,MEDIUM
2026-09-22T20:38:14.792864,J3,City Center,326,400,81.5,15.2,MEDIUM
2026-09-22T20:38:14.792864,J4,University Road,164,300,54.7,30.61,LOW
2026-09-22T20:38:14.792864,J5,Hospital Road,205,280,73.2,26.17,MEDIUM
2026-09-22T20:38:14.792864,J6,Airport Road,232,350,66.3,24.7,MEDIUM
2026-09-22T20:38:19.826313,J1,Main Market,183,300,61.0,26.15,MEDIUM
2026-09-22T20:38:19.826313,J2,Railway Square,228,350,65.1,23.63,MEDIUM
2026-09-22T20:38:19.826313,J3,City Center,358,400,89.5,21.8,MEDIUM
2026-09-22T20:38:19.826313,J4,University Road,166,300,55.3,39.03,LOW
2026-09-22T20:38:19.826313,J5,Hospital Road,190,280,67.9,23.77,MEDIUM
2026-09-22T20:38:19.826313,J6,Airport Road,240,350,68.6,21.05,MEDIUM
2026-09-22T20:38:24.892057,J1,Main Market,181,300,60.3,26.57,MEDIUM
2026-09-22T20:38:24.892057,J2,Railway Square,245,350,70.0,25.87,MEDIUM
2026-09-22T20:38:24.892057,J3,City Center,381,400,95.2,14.11,HIGH
2026-09-22T20:38:24.892057,J4,University Road,144,300,48.0,36.18,LOW
2026-09-22T20:38:24.892057,J5,Hospital Road,210,280,75.0,22.44,MEDIUM
2026-09-22T20:38:24.892057,J6,Airport Road,228,350,65.1,20.98,MEDIUM
2026-09-22T20:38:29.927206,J1,Main Market,188,300,62.7,24.55,MEDIUM
2026-09-22T20:38:29.927206,J2,Railway Square,253,350,72.3,22.52,MEDIUM
2026-09-22T20:38:29.927206,J3,City Center,373,400,93.2,18.37,HIGH
2026-09-22T20:38:29.927206,J4,University Road,159,300,53.0,38.11,LOW
2026-09-22T20:38:29.927206,J5,Hospital Road,221,280,78.9,28.35,MEDIUM
2026-09-22T20:38:29.927206,J6,Airport Road,209,350,59.7,39.03,LOW
2026-09-22T20:38:34.958683,J1,Main Market,174,300,58.0,35.3,LOW
2026-09-22T20:38:34.958683,J2,Railway Square,248,350,70.9,26.26,MEDIUM
2026-09-22T20:38:34.958683,J3,City Center,346,400,86.5,21.22,MEDIUM
2026-09-22T20:38:34.958683,J4,University Road,148,300,49.3,33.89,LOW
2026-09-22T20:38:34.958683,J5,Hospital Road,196,280,70.0,24.08,MEDIUM
2026-09-22T20:38:34.958683,J6,Airport Road,210,350,60.0,22.12,MEDIUM
2026-09-22T20:38:39.997894,J1,Main Market,173,300,57.7,39.16,LOW
2026-09-22T20:38:39.997894,J2,Railway Square,224,350,64.0,25.61,MEDIUM
2026-09-22T20:38:39.997894,J3,City Center,336,400,84.0,20.22,MEDIUM
2026-09-22T20:38:39.997894,J4,University Road,167,300,55.7,32.53,LOW
2026-09-22T20:38:39.997894,J5,Hospital Road,194,280,69.3,23.14,MEDIUM
2026-09-22T20:38:39.997894,J6,Airport Road,231,350,66.0,28.08,MEDIUM
2026-09-22T20:38:45.016314,J1,Main Market,184,300,61.3,20.23,MEDIUM
2026-09-22T20:38:45.016314,J2,Railway Square,248,350,70.9,22.06,MEDIUM
2026-09-22T20:38:45.016314,J3,City Center,346,400,86.5,12.88,HIGH
2026-09-22T20:38:45.016314,J4,University Road,172,300,57.3,37.37,LOW
2026-09-22T20:38:45.016314,J5,Hospital Road,224,280,80.0,21.68,MEDIUM
2026-09-22T20:38:45.016314,J6,Airport Road,240,350,68.6,24.24,MEDIUM
2026-09-22T20:38:50.046672,J1,Main Market,181,300,60.3,28.69,MEDIUM
2026-09-22T20:38:50.046672,J2,Railway Square,220,350,62.9,26.59,MEDIUM
2026-09-22T20:38:50.046672,J3,City Center,323,400,80.8,18.61,MEDIUM
2026-09-22T20:38:50.046672,J4,University Road,153,300,51.0,36.13,LOW
2026-09-22T20:38:50.046672,J5,Hospital Road,197,280,70.4,21.97,MEDIUM
2026-09-22T20:38:50.046672,J6,Airport Road,212,350,60.6,20.91,MEDIUM
2026-09-22T20:38:55.104102,J1,Main Market,157,300,52.3,38.58,LOW
2026-09-22T20:38:55.104102,J2,Railway Square,239,350,68.3,20.96,MEDIUM
2026-09-22T20:38:55.104102,J3,City Center,322,400,80.5,19.3,MEDIUM
2026-09-22T20:38:55.104102,J4,University Road,153,300,51.0,31.41,LOW
2026-09-22T20:38:55.104102,J5,Hospital Road,196,280,70.0,23.79,MEDIUM
2026-09-22T20:38:55.104102,J6,Airport Road,238,350,68.0,22.03,MEDIUM
2026-09-22T20:39:00.139543,J1,Main Market,174,300,58.0,34.95,LOW
2026-09-22T20:39:00.139543,J2,Railway Square,217,350,62.0,25.1,MEDIUM
2026-09-22T20:39:00.139543,J3,City Center,379,400,94.8,18.81,HIGH
2026-09-22T20:39:00.139543,J4,University Road,166,300,55.3,34.84,LOW
2026-09-22T20:39:00.139543,J5,Hospital Road,217,280,77.5,22.6,MEDIUM
2026-09-22T20:39:00.139543,J6,Airport Road,215,350,61.4,27.08,MEDIUM
2026-09-22T20:39:05.195560,J1,Main Market,169,300,56.3,32.95,LOW
2026-09-22T20:39:05.195560,J2,Railway Square,246,350,70.3,25.93,MEDIUM
2026-09-22T20:39:05.195560,J3,City Center,368,400,92.0,17.58,HIGH
2026-09-22T20:39:05.195560,J4,University Road,161,300,53.7,35.01,LOW
2026-09-22T20:39:05.195560,J5,Hospital Road,202,280,72.1,25.47,MEDIUM
2026-09-22T20:39:05.195560,J6,Airport Road,212,350,60.6,24.31,MEDIUM
2026-09-22T20:39:10.218740,J1,Main Market,159,300,53.0,38.23,LOW
2026-09-22T20:39:10.218740,J2,Railway Square,237,350,67.7,23.16,MEDIUM
2026-09-22T20:39:10.218740,J3,City Center,323,400,80.8,18.05,MEDIUM
2026-09-22T20:39:10.218740,J4,University Road,152,300,50.7,38.68,LOW
2026-09-22T20:39:10.218740,J5,Hospital Road,207,280,73.9,26.53,MEDIUM
2026-09-22T20:39:10.218740,J6,Airport Road,209,350,59.7,36.38,LOW
2026-09-22T20:39:15.239863,J1,Main Market,176,300,58.7,38.14,LOW
2026-09-22T20:39:15.239863,J2,Railway Square,240,350,68.6,26.34,MEDIUM
2026-09-22T20:39:15.239863,J3,City Center,368,400,92.0,12.22,HIGH
2026-09-22T20:39:15.239863,J4,University Road,147,300,49.0,35.41,LOW
2026-09-22T20:39:15.239863,J5,Hospital Road,219,280,78.2,29.86,MEDIUM
2026-09-22T20:39:15.239863,J6,Airport Road,223,350,63.7,21.37,MEDIUM
2026-09-22T20:39:20.261673,J1,Main Market,183,300,61.0,20.14,MEDIUM
2026-09-22T20:39:20.261673,J2,Railway Square,233,350,66.6,25.35,MEDIUM
2026-09-22T20:39:20.261673,J3,City Center,336,400,84.0,13.48,HIGH
2026-09-22T20:39:20.261673,J4,University Road,167,300,55.7,31.19,LOW
2026-09-22T20:39:20.261673,J5,Hospital Road,209,280,74.6,21.35,MEDIUM
2026-09-22T20:39:20.261673,J6,Airport Road,233,350,66.6,28.85,MEDIUM
2026-09-22T20:39:25.281949,J1,Main Market,165,300,55.0,37.63,LOW
2026-09-22T20:39:25.281949,J2,Railway Square,247,350,70.6,28.55,MEDIUM
2026-09-22T20:39:25.281949,J3,City Center,332,400,83.0,14.06,HIGH
2026-09-22T20:39:25.281949,J4,University Road,142,300,47.3,33.21,LOW
2026-09-22T20:39:25.281949,J5,Hospital Road,195,280,69.6,22.31,MEDIUM
2026-09-22T20:39:25.281949,J6,Airport Road,208,350,59.4,33.22,LOW
2026-09-22T20:39:30.318891,J1,Main Market,182,300,60.7,27.38,MEDIUM
2026-09-22T20:39:30.318891,J2,Railway Square,258,350,73.7,28.54,MEDIUM
2026-09-22T20:39:30.318891,J3,City Center,343,400,85.8,20.2,MEDIUM
2026-09-22T20:39:30.318891,J4,University Road,172,300,57.3,34.79,LOW
2026-09-22T20:39:30.318891,J5,Hospital Road,211,280,75.4,24.91,MEDIUM
2026-09-22T20:39:30.318891,J6,Airport Road,227,350,64.9,29.71,MEDIUM
2026-09-22T20:39:35.341102,J1,Main Market,160,300,53.3,31.83,LOW
2026-09-22T20:39:35.341102,J2,Railway Square,261,350,74.6,23.06,MEDIUM
2026-09-22T20:39:35.341102,J3,City Center,383,400,95.8,19.17,HIGH
2026-09-22T20:39:35.341102,J4,University Road,154,300,51.3,36.13,LOW
2026-09-22T20:39:35.341102,J5,Hospital Road,213,280,76.1,27.69,MEDIUM
2026-09-22T20:39:35.341102,J6,Airport Road,222,350,63.4,25.99,MEDIUM
2026-09-22T20:39:40.379290,J1,Main Market,168,300,56.0,30.35,LOW
2026-09-22T20:39:40.379290,J2,Railway Square,229,350,65.4,24.16,MEDIUM
2026-09-22T20:39:40.379290,J3,City Center,390,400,97.5,21.33,HIGH
2026-09-22T20:39:40.379290,J4,University Road,172,300,57.3,36.41,LOW
2026-09-22T20:39:40.379290,J5,Hospital Road,204,280,72.9,29.52,MEDIUM
2026-09-22T20:39:40.379290,J6,Airport Road,238,350,68.0,24.73,MEDIUM
2026-09-22T20:39:45.456264,J1,Main Market,174,300,58.0,35.33,LOW
2026-09-22T20:39:45.456264,J2,Railway Square,224,350,64.0,28.54,MEDIUM
2026-09-22T20:39:45.456264,J3,City Center,369,400,92.2,13.35,HIGH
2026-09-22T20:39:45.456264,J4,University Road,171,300,57.0,32.2,LOW
2026-09-22T20:39:45.456264,J5,Hospital Road,190,280,67.9,28.86,MEDIUM
2026-09-22T20:39:45.456264,J6,Airport Road,238,350,68.0,26.39,MEDIUM
2026-09-22T20:39:50.482725,J1,Main Market,180,300,60.0,21.18,MEDIUM
2026-09-22T20:39:50.482725,J2,Railway Square,227,350,64.9,28.68,MEDIUM
2026-09-22T20:39:50.482725,J3,City Center,362,400,90.5,21.43,HIGH
2026-09-22T20:39:50.482725,J4,University Road,169,300,56.3,33.28,LOW
2026-09-22T20:39:50.482725,J5,Hospital Road,215,280,76.8,20.77,MEDIUM
2026-09-22T20:39:50.482725,J6,Airport Road,233,350,66.6,22.99,MEDIUM
2026-09-22T20:39:55.507162,J1,Main Market,173,300,57.7,33.6,LOW
2026-09-22T20:39:55.507162,J2,Railway Square,222,350,63.4,21.12,MEDIUM
2026-09-22T20:39:55.507162,J3,City Center,374,400,93.5,19.91,HIGH
2026-09-22T20:39:55.507162,J4,University Road,145,300,48.3,37.43,LOW
2026-09-22T20:39:55.507162,J5,Hospital Road,219,280,78.2,23.12,MEDIUM
2026-09-22T20:39:55.507162,J6,Airport Road,239,350,68.3,21.14,MEDIUM
2026-09-22T20:40:00.551137,J1,Main Market,168,300,56.0,31.21,LOW
2026-09-22T20:40:00.551137,J2,Railway Square,250,350,71.4,25.7,MEDIUM
2026-09-22T20:40:00.551137,J3,City Center,324,400,81.0,16.85,MEDIUM
2026-09-22T20:40:00.551137,J4,University Road,157,300,52.3,31.3,LOW
2026-09-22T20:40:00.551137,J5,Hospital Road,216,280,77.1,29.5,MEDIUM
2026-09-22T20:40:00.551137,J6,Airport Road,222,350,63.4,26.75,MEDIUM
2026-09-22T20:40:05.618423,J1,Main Market,180,300,60.0,28.7,MEDIUM
2026-09-22T20:40:05.618423,J2,Railway Square,262,350,74.9,20.32,MEDIUM
2026-09-22T20:40:05.618423,J3,City Center,382,400,95.5,19.78,HIGH
2026-09-22T20:40:05.618423,J4,University Road,166,300,55.3,30.46,LOW
2026-09-22T20:40:05.618423,J5,Hospital Road,209,280,74.6,21.36,MEDIUM
2026-09-22T20:40:05.618423,J6,Airport Road,223,350,63.7,20.62,MEDIUM
2026-09-22T20:40:10.647748,J1,Main Market,177,300,59.0,39.35,LOW
2026-09-22T20:40:10.647748,J2,Railway Square,236,350,67.4,21.35,MEDIUM
2026-09-22T20:40:10.647748,J3,City Center,349,400,87.2,21.19,MEDIUM
2026-09-22T20:40:10.647748,J4,University Road,156,300,52.0,33.89,LOW
2026-09-22T20:40:10.647748,J5,Hospital Road,212,280,75.7,27.65,MEDIUM
2026-09-22T20:40:10.647748,J6,Airport Road,228,350,65.1,28.03,MEDIUM
2026-09-22T20:40:15.691039,J1,Main Market,185,300,61.7,23.38,MEDIUM
2026-09-22T20:40:15.691039,J2,Railway Square,238,350,68.0,20.11,MEDIUM
2026-09-22T20:40:15.691039,J3,City Center,336,400,84.0,19.3,MEDIUM
2026-09-22T20:40:15.691039,J4,University Road,170,300,56.7,39.91,LOW
2026-09-22T20:40:15.691039,J5,Hospital Road,197,280,70.4,22.75,MEDIUM
2026-09-22T20:40:15.691039,J6,Airport Road,223,350,63.7,29.21,MEDIUM
2026-09-22T20:40:20.727021,J1,Main Market,160,300,53.3,36.37,LOW
2026-09-22T20:40:20.727021,J2,Railway Square,221,350,63.1,20.65,MEDIUM
2026-09-22T20:40:20.727021,J3,City Center,339,400,84.8,12.93,HIGH
2026-09-22T20:40:20.727021,J4,University Road,144,300,48.0,36.88,LOW
2026-09-22T20:40:20.727021,J5,Hospital Road,189,280,67.5,22.77,MEDIUM
2026-09-22T20:40:20.727021,J6,Airport Road,221,350,63.1,28.18,MEDIUM
2026-09-22T20:40:25.763009,J1,Main Market,175,300,58.3,34.37,LOW
2026-09-22T20:40:25.763009,J2,Railway Square,241,350,68.9,26.16,MEDIUM
2026-09-22T20:40:25.763009,J3,City Center,366,400,91.5,14.47,HIGH
2026-09-22T20:40:25.763009,J4,University Road,152,300,50.7,32.17,LOW
2026-09-22T20:40:25.763009,J5,Hospital Road,197,280,70.4,24.0,MEDIUM
2026-09-22T20:40:25.763009,J6,Airport Road,237,350,67.7,27.27,MEDIUM
2026-09-22T20:40:30.790881,J1,Main Market,182,300,60.7,28.55,MEDIUM
2026-09-22T20:40:30.790881,J2,Railway Square,233,350,66.6,28.59,MEDIUM
2026-09-22T20:40:30.790881,J3,City Center,345,400,86.2,19.62,MEDIUM
2026-09-22T20:40:30.790881,J4,University Road,156,300,52.0,31.6,LOW
2026-09-22T20:40:30.790881,J5,Hospital Road,211,280,75.4,29.85,MEDIUM
2026-09-22T20:40:30.790881,J6,Airport Road,224,350,64.0,25.99,MEDIUM
2026-09-22T20:40:35.808439,J1,Main Market,187,300,62.3,24.99,MEDIUM
2026-09-22T20:40:35.808439,J2,Railway Square,240,350,68.6,26.05,MEDIUM
2026-09-22T20:40:35.808439,J3,City Center,374,400,93.5,20.28,HIGH
2026-09-22T20:40:35.808439,J4,University Road,160,300,53.3,37.33,LOW
2026-09-22T20:40:35.808439,J5,Hospital Road,201,280,71.8,22.54,MEDIUM
2026-09-22T20:40:35.808439,J6,Airport Road,228,350,65.1,27.35,MEDIUM
2026-09-22T20:40:40.833248,J1,Main Market,167,300,55.7,31.2,LOW
2026-09-22T20:40:40.833248,J2,Railway Square,222,350,63.4,23.48,MEDIUM
2026-09-22T20:40:40.833248,J3,City Center,343,400,85.8,19.72,MEDIUM
2026-09-22T20:40:40.833248,J4,University Road,161,300,53.7,38.66,LOW
2026-09-22T20:40:40.833248,J5,Hospital Road,189,280,67.5,26.73,MEDIUM
2026-09-22T20:40:40.833248,J6,Airport Road,240,350,68.6,29.21,MEDIUM
2026-09-22T20:40:45.859463,J1,Main Market,177,300,59.0,36.42,LOW
2026-09-22T20:40:45.859463,J2,Railway Square,223,350,63.7,25.36,MEDIUM
2026-09-22T20:40:45.859463,J3,City Center,359,400,89.8,16.68,MEDIUM
2026-09-22T20:40:45.859463,J4,University Road,154,300,51.3,38.81,LOW
2026-09-22T20:40:45.859463,J5,Hospital Road,210,280,75.0,27.05,MEDIUM
2026-09-22T20:40:45.859463,J6,Airport Road,227,350,64.9,29.97,MEDIUM
2026-09-22T20:40:52.275776,J1,Main Market,170,300,56.7,39.54,LOW
2026-09-22T20:40:52.275776,J2,Railway Square,236,350,67.4,21.89,MEDIUM
2026-09-22T20:40:52.275776,J3,City Center,374,400,93.5,14.36,HIGH
2026-09-22T20:40:52.275776,J4,University Road,155,300,51.7,34.17,LOW
2026-09-22T20:40:52.275776,J5,Hospital Road,226,280,80.7,21.93,MEDIUM
2026-09-22T20:40:52.275776,J6,Airport Road,240,350,68.6,27.9,MEDIUM
2026-09-22T20:40:57.633710,J1,Main Market,187,300,62.3,28.06,MEDIUM
2026-09-22T20:40:57.633710,J2,Railway Square,236,350,67.4,24.75,MEDIUM
2026-09-22T20:40:57.633710,J3,City Center,361,400,90.2,21.34,HIGH
2026-09-22T20:40:57.633710,J4,University Road,161,300,53.7,31.61,LOW
2026-09-22T20:40:57.633710,J5,Hospital Road,225,280,80.4,13.74,HIGH
2026-09-22T20:40:57.633710,J6,Airport Road,233,350,66.6,24.32,MEDIUM
2026-09-22T20:41:02.643321,J1,Main Market,160,300,53.3,36.21,LOW
2026-09-22T20:41:02.643321,J2,Railway Square,234,350,66.9,21.89,MEDIUM
2026-09-22T20:41:02.643321,J3,City Center,349,400,87.2,15.99,MEDIUM
2026-09-22T20:41:02.643321,J4,University Road,173,300,57.7,30.29,LOW
2026-09-22T20:41:02.643321,J5,Hospital Road,208,280,74.3,25.81,MEDIUM
2026-09-22T20:41:02.643321,J6,Airport Road,237,350,67.7,26.07,MEDIUM
2026-09-22T20:41:07.664473,J1,Main Market,166,300,55.3,35.25,LOW
2026-09-22T20:41:07.664473,J2,Railway Square,246,350,70.3,20.04,MEDIUM
2026-09-22T20:41:07.664473,J3,City Center,350,400,87.5,14.77,HIGH
2026-09-22T20:41:07.664473,J4,University Road,171,300,57.0,38.19,LOW
2026-09-22T20:41:07.664473,J5,Hospital Road,204,280,72.9,20.73,MEDIUM
2026-09-22T20:41:07.664473,J6,Airport Road,206,350,58.9,33.41,LOW
2026-09-22T20:41:12.729879,J1,Main Market,171,300,57.0,35.61,LOW
2026-09-22T20:41:12.729879,J2,Railway Square,253,350,72.3,27.02,MEDIUM
2026-09-22T20:41:12.729879,J3,City Center,382,400,95.5,21.97,HIGH
2026-09-22T20:41:12.729879,J4,University Road,146,300,48.7,34.47,LOW
2026-09-22T20:41:12.729879,J5,Hospital Road,225,280,80.4,18.58,MEDIUM
2026-09-22T20:41:12.729879,J6,Airport Road,228,350,65.1,23.04,MEDIUM
2026-09-22T20:41:18.688178,J1,Main Market,169,300,56.3,32.61,LOW
2026-09-22T20:41:18.688178,J2,Railway Square,246,350,70.3,27.01,MEDIUM
2026-09-22T20:41:18.688178,J3,City Center,348,400,87.0,16.44,MEDIUM
2026-09-22T20:41:18.688178,J4,University Road,151,300,50.3,37.0,LOW
2026-09-22T20:41:18.688178,J5,Hospital Road,185,280,66.1,26.48,MEDIUM
2026-09-22T20:41:18.688178,J6,Airport Road,210,350,60.0,20.75,MEDIUM
2026-09-22T20:41:23.709028,J1,Main Market,166,300,55.3,35.2,LOW
2026-09-22T20:41:23.709028,J2,Railway Square,252,350,72.0,23.25,MEDIUM
2026-09-22T20:41:23.709028,J3,City Center,330,400,82.5,17.74,MEDIUM
2026-09-22T20:41:23.709028,J4,University Road,157,300,52.3,37.05,LOW
2026-09-22T20:41:23.709028,J5,Hospital Road,213,280,76.1,20.69,MEDIUM
2026-09-22T20:41:23.709028,J6,Airport Road,236,350,67.4,28.85,MEDIUM
2026-09-22T20:41:28.713264,J1,Main Market,189,300,63.0,29.7,MEDIUM
2026-09-22T20:41:28.713264,J2,Railway Square,241,350,68.9,20.32,MEDIUM
2026-09-22T20:41:28.713264,J3,City Center,329,400,82.2,13.19,HIGH
2026-09-22T20:41:28.713264,J4,University Road,173,300,57.7,38.93,LOW
2026-09-22T20:41:28.713264,J5,Hospital Road,221,280,78.9,28.93,MEDIUM
2026-09-22T20:41:28.713264,J6,Airport Road,213,350,60.9,25.56,MEDIUM
2026-09-22T20:41:33.740313,J1,Main Market,188,300,62.7,24.97,MEDIUM
2026-09-22T20:41:33.740313,J2,Railway Square,241,350,68.9,23.86,MEDIUM
2026-09-22T20:41:33.740313,J3,City Center,344,400,86.0,19.53,MEDIUM
2026-09-22T20:41:33.740313,J4,University Road,166,300,55.3,32.27,LOW
2026-09-22T20:41:33.740313,J5,Hospital Road,219,280,78.2,23.22,MEDIUM
2026-09-22T20:41:33.740313,J6,Airport Road,232,350,66.3,22.45,MEDIUM
2026-09-22T20:41:38.821702,J1,Main Market,189,300,63.0,28.8,MEDIUM
2026-09-22T20:41:38.821702,J2,Railway Square,231,350,66.0,22.25,MEDIUM
2026-09-22T20:41:38.821702,J3,City Center,332,400,83.0,17.82,MEDIUM
2026-09-22T20:41:38.821702,J4,University Road,163,300,54.3,32.86,LOW
2026-09-22T20:41:38.821702,J5,Hospital Road,205,280,73.2,21.0,MEDIUM
2026-09-22T20:41:38.821702,J6,Airport Road,237,350,67.7,22.51,MEDIUM
2026-09-22T20:41:43.825579,J1,Main Market,171,300,57.0,31.27,LOW
2026-09-22T20:41:43.825579,J2,Railway Square,220,350,62.9,27.57,MEDIUM
2026-09-22T20:41:43.825579,J3,City Center,327,400,81.8,13.41,HIGH
2026-09-22T20:41:43.825579,J4,University Road,142,300,47.3,38.07,LOW
2026-09-22T20:41:43.825579,J5,Hospital Road,192,280,68.6,23.42,MEDIUM
2026-09-22T20:41:43.825579,J6,Airport Road,230,350,65.7,27.19,MEDIUM
2026-09-22T20:41:48.832545,J1,Main Market,157,300,52.3,30.39,LOW
2026-09-22T20:41:48.832545,J2,Railway Square,231,350,66.0,25.38,MEDIUM
2026-09-22T20:41:48.832545,J3,City Center,370,400,92.5,12.97,HIGH
2026-09-22T20:41:48.832545,J4,University Road,160,300,53.3,37.14,LOW
2026-09-22T20:41:48.832545,J5,Hospital Road,192,280,68.6,24.4,MEDIUM
2026-09-22T20:41:48.832545,J6,Airport Road,227,350,64.9,29.76,MEDIUM
2026-09-22T20:41:53.846264,J1,Main Market,157,300,52.3,37.81,LOW
2026-09-22T20:41:53.846264,J2,Railway Square,259,350,74.0,24.54,MEDIUM
2026-09-22T20:41:53.846264,J3,City Center,353,400,88.2,17.7,MEDIUM
2026-09-22T20:41:53.846264,J4,University Road,161,300,53.7,37.63,LOW
2026-09-22T20:41:53.846264,J5,Hospital Road,219,280,78.2,28.98,MEDIUM
2026-09-22T20:41:53.846264,J6,Airport Road,223,350,63.7,22.81,MEDIUM
2026-09-22T20:41:58.853911,J1,Main Market,185,300,61.7,24.35,MEDIUM
2026-09-22T20:41:58.853911,J2,Railway Square,255,350,72.9,22.7,MEDIUM
2026-09-22T20:41:58.853911,J3,City Center,340,400,85.0,15.76,MEDIUM
2026-09-22T20:41:58.853911,J4,University Road,143,300,47.7,36.98,LOW
2026-09-22T20:41:58.853911,J5,Hospital Road,217,280,77.5,24.72,MEDIUM
2026-09-22T20:41:58.853911,J6,Airport Road,214,350,61.1,22.06,MEDIUM
2026-09-22T20:42:03.864271,J1,Main Market,161,300,53.7,34.58,LOW
2026-09-22T20:42:03.864271,J2,Railway Square,257,350,73.4,27.43,MEDIUM
2026-09-22T20:42:03.864271,J3,City Center,376,400,94.0,14.93,HIGH
2026-09-22T20:42:03.864271,J4,University Road,163,300,54.3,38.67,LOW
2026-09-22T20:42:03.864271,J5,Hospital Road,214,280,76.4,29.0,MEDIUM
2026-09-22T20:42:03.864271,J6,Airport Road,199,350,56.9,31.29,LOW
2026-09-22T20:42:08.866968,J1,Main Market,175,300,58.3,36.18,LOW
2026-09-22T20:42:08.866968,J2,Railway Square,251,350,71.7,22.23,MEDIUM
2026-09-22T20:42:08.866968,J3,City Center,379,400,94.8,19.85,HIGH
2026-09-22T20:42:08.866968,J4,University Road,169,300,56.3,34.59,LOW
2026-09-22T20:42:08.866968,J5,Hospital Road,223,280,79.6,28.12,MEDIUM
2026-09-22T20:42:08.866968,J6,Airport Road,228,350,65.1,24.2,MEDIUM
2026-09-22T20:42:13.880200,J1,Main Market,169,300,56.3,32.17,LOW
2026-09-22T20:42:13.880200,J2,Railway Square,250,350,71.4,22.69,MEDIUM
2026-09-22T20:42:13.880200,J3,City Center,361,400,90.2,18.3,HIGH
2026-09-22T20:42:13.880200,J4,University Road,153,300,51.0,31.42,LOW
2026-09-22T20:42:13.880200,J5,Hospital Road,207,280,73.9,26.41,MEDIUM
2026-09-22T20:42:13.880200,J6,Airport Road,213,350,60.9,25.83,MEDIUM
2026-09-22T20:42:18.893711,J1,Main Market,159,300,53.0,35.43,LOW
2026-09-22T20:42:18.893711,J2,Railway Square,231,350,66.0,27.87,MEDIUM
2026-09-22T20:42:18.893711,J3,City Center,337,400,84.2,13.4,HIGH
2026-09-22T20:42:18.893711,J4,University Road,148,300,49.3,38.86,LOW
2026-09-22T20:42:18.893711,J5,Hospital Road,211,280,75.4,28.61,MEDIUM
2026-09-22T20:42:18.893711,J6,Airport Road,233,350,66.6,23.59,MEDIUM
2026-09-22T20:42:23.902198,J1,Main Market,179,300,59.7,36.4,LOW
2026-09-22T20:42:23.902198,J2,Railway Square,228,350,65.1,24.34,MEDIUM
2026-09-22T20:42:23.902198,J3,City Center,362,400,90.5,12.74,HIGH
2026-09-22T20:42:23.902198,J4,University Road,167,300,55.7,34.69,LOW
2026-09-22T20:42:23.902198,J5,Hospital Road,220,280,78.6,23.13,MEDIUM
2026-09-22T20:42:23.902198,J6,Airport Road,229,350,65.4,20.58,MEDIUM
2026-09-22T20:42:28.907596,J1,Main Market,168,300,56.0,39.12,LOW
2026-09-22T20:42:28.907596,J2,Railway Square,226,350,64.6,26.74,MEDIUM
2026-09-22T20:42:28.907596,J3,City Center,364,400,91.0,14.17,HIGH
2026-09-22T20:42:28.907596,J4,University Road,151,300,50.3,32.24,LOW
2026-09-22T20:42:28.907596,J5,Hospital Road,221,280,78.9,21.09,MEDIUM
2026-09-22T20:42:28.907596,J6,Airport Road,229,350,65.4,29.14,MEDIUM
2026-09-22T20:42:33.915670,J1,Main Market,165,300,55.0,31.65,LOW
2026-09-22T20:42:33.915670,J2,Railway Square,249,350,71.1,21.27,MEDIUM
2026-09-22T20:42:33.915670,J3,City Center,368,400,92.0,14.98,HIGH
2026-09-22T20:42:33.915670,J4,University Road,164,300,54.7,37.44,LOW
2026-09-22T20:42:33.915670,J5,Hospital Road,222,280,79.3,23.38,MEDIUM
2026-09-22T20:42:33.915670,J6,Airport Road,207,350,59.1,35.41,LOW
2026-09-22T20:42:38.924582,J1,Main Market,163,300,54.3,36.21,LOW
2026-09-22T20:42:38.924582,J2,Railway Square,237,350,67.7,28.55,MEDIUM
2026-09-22T20:42:38.924582,J3,City Center,322,400,80.5,16.39,MEDIUM
2026-09-22T20:42:38.924582,J4,University Road,143,300,47.7,33.95,LOW
2026-09-22T20:42:38.924582,J5,Hospital Road,208,280,74.3,26.89,MEDIUM
2026-09-22T20:42:38.924582,J6,Airport Road,231,350,66.0,28.53,MEDIUM
2026-09-22T20:42:43.939182,J1,Main Market,188,300,62.7,25.83,MEDIUM
2026-09-22T20:42:43.939182,J2,Railway Square,216,350,61.7,20.59,MEDIUM
2026-09-22T20:42:43.939182,J3,City Center,359,400,89.8,20.56,MEDIUM
2026-09-22T20:42:43.939182,J4,University Road,153,300,51.0,32.04,LOW
2026-09-22T20:42:43.939182,J5,Hospital Road,216,280,77.1,29.34,MEDIUM
2026-09-22T20:42:43.939182,J6,Airport Road,209,350,59.7,39.62,LOW
2026-09-22T20:42:48.947298,J1,Main Market,170,300,56.7,39.77,LOW
2026-09-22T20:42:48.947298,J2,Railway Square,218,350,62.3,28.45,MEDIUM
2026-09-22T20:42:48.947298,J3,City Center,376,400,94.0,19.48,HIGH
2026-09-22T20:42:48.947298,J4,University Road,159,300,53.0,37.98,LOW
2026-09-22T20:42:48.947298,J5,Hospital Road,200,280,71.4,25.97,MEDIUM
2026-09-22T20:42:48.947298,J6,Airport Road,218,350,62.3,26.55,MEDIUM
2026-09-22T20:42:53.954998,J1,Main Market,179,300,59.7,36.07,LOW
2026-09-22T20:42:53.954998,J2,Railway Square,219,350,62.6,29.83,MEDIUM
2026-09-22T20:42:53.954998,J3,City Center,326,400,81.5,14.68,HIGH
2026-09-22T20:42:53.954998,J4,University Road,145,300,48.3,37.65,LOW
2026-09-22T20:42:53.954998,J5,Hospital Road,189,280,67.5,24.03,MEDIUM
2026-09-22T20:42:53.954998,J6,Airport Road,205,350,58.6,34.37,LOW
2026-09-22T20:42:58.961907,J1,Main Market,174,300,58.0,33.29,LOW
2026-09-22T20:42:58.961907,J2,Railway Square,246,350,70.3,25.95,MEDIUM
2026-09-22T20:42:58.961907,J3,City Center,374,400,93.5,13.51,HIGH
2026-09-22T20:42:58.961907,J4,University Road,166,300,55.3,35.19,LOW
2026-09-22T20:42:58.961907,J5,Hospital Road,192,280,68.6,24.67,MEDIUM
2026-09-22T20:42:58.961907,J6,Airport Road,221,350,63.1,25.52,MEDIUM
2026-09-22T20:43:03.976725,J1,Main Market,174,300,58.0,37.17,LOW
2026-09-22T20:43:03.976725,J2,Railway Square,231,350,66.0,20.83,MEDIUM
2026-09-22T20:43:03.976725,J3,City Center,334,400,83.5,16.7,MEDIUM
2026-09-22T20:43:03.976725,J4,University Road,160,300,53.3,37.45,LOW
2026-09-22T20:43:03.976725,J5,Hospital Road,195,280,69.6,24.82,MEDIUM
2026-09-22T20:43:03.976725,J6,Airport Road,218,350,62.3,28.22,MEDIUM
2026-09-22T20:43:08.992376,J1,Main Market,156,300,52.0,38.1,LOW
2026-09-22T20:43:08.992376,J2,Railway Square,234,350,66.9,22.52,MEDIUM
2026-09-22T20:43:08.992376,J3,City Center,339,400,84.8,15.73,MEDIUM
2026-09-22T20:43:08.992376,J4,University Road,143,300,47.7,34.38,LOW
2026-09-22T20:43:08.992376,J5,Hospital Road,200,280,71.4,29.69,MEDIUM
2026-09-22T20:43:08.992376,J6,Airport Road,229,350,65.4,20.85,MEDIUM
2026-09-22T20:43:14.000246,J1,Main Market,170,300,56.7,30.94,LOW
2026-09-22T20:43:14.000246,J2,Railway Square,218,350,62.3,20.39,MEDIUM
2026-09-22T20:43:14.000246,J3,City Center,361,400,90.2,19.39,HIGH
2026-09-22T20:43:14.000246,J4,University Road,144,300,48.0,30.24,LOW
2026-09-22T20:43:14.000246,J5,Hospital Road,188,280,67.1,29.83,MEDIUM
2026-09-22T20:43:14.000246,J6,Airport Road,199,350,56.9,32.43,LOW
2026-09-22T20:43:19.004929,J1,Main Market,187,300,62.3,29.22,MEDIUM
2026-09-22T20:43:19.004929,J2,Railway Square,250,350,71.4,21.97,MEDIUM
2026-09-22T20:43:19.004929,J3,City Center,341,400,85.2,13.17,HIGH
2026-09-22T20:43:19.004929,J4,University Road,143,300,47.7,34.29,LOW
2026-09-22T20:43:19.004929,J5,Hospital Road,196,280,70.0,20.75,MEDIUM
2026-09-22T20:43:19.004929,J6,Airport Road,223,350,63.7,20.06,MEDIUM
2026-09-22T20:43:24.014023,J1,Main Market,158,300,52.7,37.33,LOW
2026-09-22T20:43:24.014023,J2,Railway Square,220,350,62.9,29.74,MEDIUM
2026-09-22T20:43:24.014023,J3,City Center,344,400,86.0,15.4,MEDIUM
2026-09-22T20:43:24.014023,J4,University Road,150,300,50.0,32.37,LOW
2026-09-22T20:43:24.014023,J5,Hospital Road,217,280,77.5,23.75,MEDIUM
2026-09-22T20:43:24.014023,J6,Airport Road,204,350,58.3,37.56,LOW
2026-09-22T20:43:29.017749,J1,Main Market,160,300,53.3,31.17,LOW
2026-09-22T20:43:29.017749,J2,Railway Square,242,350,69.1,24.83,MEDIUM
2026-09-22T20:43:29.017749,J3,City Center,361,400,90.2,16.5,HIGH
2026-09-22T20:43:29.017749,J4,University Road,151,300,50.3,35.29,LOW
2026-09-22T20:43:29.017749,J5,Hospital Road,225,280,80.4,17.21,MEDIUM
2026-09-22T20:43:29.017749,J6,Airport Road,232,350,66.3,29.03,MEDIUM
2026-09-22T20:43:34.022203,J1,Main Market,172,300,57.3,35.82,LOW
2026-09-22T20:43:34.022203,J2,Railway Square,260,350,74.3,25.11,MEDIUM
2026-09-22T20:43:34.022203,J3,City Center,379,400,94.8,18.21,HIGH
2026-09-22T20:43:34.022203,J4,University Road,144,300,48.0,32.2,LOW
2026-09-22T20:43:34.022203,J5,Hospital Road,226,280,80.7,17.98,MEDIUM
2026-09-22T20:43:34.022203,J6,Airport Road,242,350,69.1,21.72,MEDIUM
2026-09-22T20:43:39.028923,J1,Main Market,157,300,52.3,31.4,LOW
2026-09-22T20:43:39.028923,J2,Railway Square,250,350,71.4,29.94,MEDIUM
2026-09-22T20:43:39.028923,J3,City Center,328,400,82.0,20.84,MEDIUM
2026-09-22T20:43:39.028923,J4,University Road,156,300,52.0,36.06,LOW
2026-09-22T20:43:39.028923,J5,Hospital Road,217,280,77.5,21.97,MEDIUM
2026-09-22T20:43:39.028923,J6,Airport Road,219,350,62.6,21.69,MEDIUM
2026-09-22T20:43:44.032706,J1,Main Market,181,300,60.3,24.03,MEDIUM
2026-09-22T20:43:44.032706,J2,Railway Square,227,350,64.9,26.5,MEDIUM
2026-09-22T20:43:44.032706,J3,City Center,341,400,85.2,19.08,MEDIUM
2026-09-22T20:43:44.032706,J4,University Road,164,300,54.7,39.04,LOW
2026-09-22T20:43:44.032706,J5,Hospital Road,211,280,75.4,20.06,MEDIUM
2026-09-22T20:43:44.032706,J6,Airport Road,201,350,57.4,39.21,LOW
2026-09-22T20:43:49.038542,J1,Main Market,163,300,54.3,39.53,LOW
2026-09-22T20:43:49.038542,J2,Railway Square,231,350,66.0,27.84,MEDIUM
2026-09-22T20:43:49.038542,J3,City Center,367,400,91.8,17.47,HIGH
2026-09-22T20:43:49.038542,J4,University Road,169,300,56.3,36.06,LOW
2026-09-22T20:43:49.038542,J5,Hospital Road,191,280,68.2,23.63,MEDIUM
2026-09-22T20:43:49.038542,J6,Airport Road,241,350,68.9,20.69,MEDIUM
2026-09-22T20:43:54.043501,J1,Main Market,163,300,54.3,36.19,LOW
2026-09-22T20:43:54.043501,J2,Railway Square,217,350,62.0,29.12,MEDIUM
2026-09-22T20:43:54.043501,J3,City Center,336,400,84.0,13.61,HIGH
2026-09-22T20:43:54.043501,J4,University Road,158,300,52.7,39.86,LOW
2026-09-22T20:43:54.043501,J5,Hospital Road,186,280,66.4,26.78,MEDIUM
2026-09-22T20:43:54.043501,J6,Airport Road,222,350,63.4,23.16,MEDIUM
2026-09-22T20:43:59.047167,J1,Main Market,169,300,56.3,30.1,LOW
2026-09-22T20:43:59.047167,J2,Railway Square,252,350,72.0,26.0,MEDIUM
2026-09-22T20:43:59.047167,J3,City Center,364,400,91.0,21.5,HIGH
2026-09-22T20:43:59.047167,J4,University Road,164,300,54.7,38.07,LOW
2026-09-22T20:43:59.047167,J5,Hospital Road,224,280,80.0,18.58,MEDIUM
2026-09-22T20:43:59.047167,J6,Airport Road,215,350,61.4,28.59,MEDIUM
2026-09-22T20:44:04.051239,J1,Main Market,184,300,61.3,25.69,MEDIUM
2026-09-22T20:44:04.051239,J2,Railway Square,261,350,74.6,21.44,MEDIUM
2026-09-22T20:44:04.051239,J3,City Center,372,400,93.0,16.18,HIGH
2026-09-22T20:44:04.051239,J4,University Road,155,300,51.7,35.29,LOW
2026-09-22T20:44:04.051239,J5,Hospital Road,217,280,77.5,23.01,MEDIUM
2026-09-22T20:44:04.051239,J6,Airport Road,215,350,61.4,26.83,MEDIUM
2026-09-22T20:44:09.056710,J1,Main Market,162,300,54.0,38.92,LOW
2026-09-22T20:44:09.056710,J2,Railway Square,254,350,72.6,27.58,MEDIUM
2026-09-22T20:44:09.056710,J3,City Center,350,400,87.5,16.22,MEDIUM
2026-09-22T20:44:09.056710,J4,University Road,169,300,56.3,31.84,LOW
2026-09-22T20:44:09.056710,J5,Hospital Road,222,280,79.3,26.17,MEDIUM
2026-09-22T20:44:09.056710,J6,Airport Road,217,350,62.0,20.58,MEDIUM
2026-09-22T20:44:14.064334,J1,Main Market,190,300,63.3,25.92,MEDIUM
2026-09-22T20:44:14.064334,J2,Railway Square,230,350,65.7,24.51,MEDIUM
2026-09-22T20:44:14.064334,J3,City Center,333,400,83.2,21.12,MEDIUM
2026-09-22T20:44:14.064334,J4,University Road,169,300,56.3,32.51,LOW
2026-09-22T20:44:14.064334,J5,Hospital Road,191,280,68.2,21.89,MEDIUM
2026-09-22T20:44:14.064334,J6,Airport Road,238,350,68.0,27.78,MEDIUM
2026-09-22T20:44:19.069775,J1,Main Market,176,300,58.7,31.21,LOW
2026-09-22T20:44:19.069775,J2,Railway Square,218,350,62.3,29.41,MEDIUM
2026-09-22T20:44:19.069775,J3,City Center,348,400,87.0,18.12,MEDIUM
2026-09-22T20:44:19.069775,J4,University Road,157,300,52.3,33.16,LOW
2026-09-22T20:44:19.069775,J5,Hospital Road,200,280,71.4,22.48,MEDIUM
2026-09-22T20:44:19.069775,J6,Airport Road,213,350,60.9,23.45,MEDIUM
2026-09-22T20:44:24.078272,J1,Main Market,164,300,54.7,38.12,LOW
2026-09-22T20:44:24.078272,J2,Railway Square,256,350,73.1,24.93,MEDIUM
2026-09-22T20:44:24.078272,J3,City Center,341,400,85.2,14.81,HIGH
2026-09-22T20:44:24.078272,J4,University Road,153,300,51.0,38.75,LOW
2026-09-22T20:44:24.078272,J5,Hospital Road,224,280,80.0,16.72,MEDIUM
2026-09-22T20:44:24.078272,J6,Airport Road,216,350,61.7,26.67,MEDIUM
2026-09-22T20:44:29.090227,J1,Main Market,162,300,54.0,32.27,LOW
2026-09-22T20:44:29.090227,J2,Railway Square,221,350,63.1,24.82,MEDIUM
2026-09-22T20:44:29.090227,J3,City Center,353,400,88.2,15.13,MEDIUM
2026-09-22T20:44:29.090227,J4,University Road,145,300,48.3,38.61,LOW
2026-09-22T20:44:29.090227,J5,Hospital Road,185,280,66.1,27.78,MEDIUM
2026-09-22T20:44:29.090227,J6,Airport Road,218,350,62.3,25.01,MEDIUM
2026-09-22T20:44:34.105487,J1,Main Market,155,300,51.7,34.73,LOW
2026-09-22T20:44:34.105487,J2,Railway Square,258,350,73.7,24.71,MEDIUM
2026-09-22T20:44:34.105487,J3,City Center,334,400,83.5,16.07,MEDIUM
2026-09-22T20:44:34.105487,J4,University Road,163,300,54.3,31.15,LOW
2026-09-22T20:44:34.105487,J5,Hospital Road,201,280,71.8,22.81,MEDIUM
2026-09-22T20:44:34.105487,J6,Airport Road,211,350,60.3,25.9,MEDIUM
2026-09-22T20:44:39.115164,J1,Main Market,189,300,63.0,26.05,MEDIUM
2026-09-22T20:44:39.115164,J2,Railway Square,240,350,68.6,27.81,MEDIUM
2026-09-22T20:44:39.115164,J3,City Center,367,400,91.8,18.91,HIGH
2026-09-22T20:44:39.115164,J4,University Road,164,300,54.7,36.55,LOW
2026-09-22T20:44:39.115164,J5,Hospital Road,224,280,80.0,16.35,MEDIUM
2026-09-22T20:44:39.115164,J6,Airport Road,203,350,58.0,30.82,LOW
2026-09-22T20:44:44.128913,J1,Main Market,177,300,59.0,35.14,LOW
2026-09-22T20:44:44.128913,J2,Railway Square,254,350,72.6,23.31,MEDIUM
2026-09-22T20:44:44.128913,J3,City Center,349,400,87.2,15.0,MEDIUM
2026-09-22T20:44:44.128913,J4,University Road,148,300,49.3,34.12,LOW
2026-09-22T20:44:44.128913,J5,Hospital Road,191,280,68.2,26.09,MEDIUM
2026-09-22T20:44:44.128913,J6,Airport Road,202,350,57.7,35.21,LOW
2026-09-22T20:44:49.137283,J1,Main Market,175,300,58.3,36.16,LOW
2026-09-22T20:44:49.137283,J2,Railway Square,247,350,70.6,28.03,MEDIUM
2026-09-22T20:44:49.137283,J3,City Center,349,400,87.2,15.46,MEDIUM
2026-09-22T20:44:49.137283,J4,University Road,151,300,50.3,35.72,LOW
2026-09-22T20:44:49.137283,J5,Hospital Road,207,280,73.9,28.42,MEDIUM
2026-09-22T20:44:49.137283,J6,Airport Road,233,350,66.6,27.57,MEDIUM
2026-09-22T20:44:54.142831,J1,Main Market,158,300,52.7,33.44,LOW
2026-09-22T20:44:54.142831,J2,Railway Square,252,350,72.0,23.51,MEDIUM
2026-09-22T20:44:54.142831,J3,City Center,329,400,82.2,13.18,HIGH
2026-09-22T20:44:54.142831,J4,University Road,159,300,53.0,35.97,LOW
2026-09-22T20:44:54.142831,J5,Hospital Road,197,280,70.4,25.79,MEDIUM
2026-09-22T20:44:54.142831,J6,Airport Road,223,350,63.7,26.95,MEDIUM
2026-09-22T20:44:59.154644,J1,Main Market,166,300,55.3,33.67,LOW
2026-09-22T20:44:59.154644,J2,Railway Square,216,350,61.7,22.37,MEDIUM
2026-09-22T20:44:59.154644,J3,City Center,392,400,98.0,16.29,HIGH
2026-09-22T20:44:59.154644,J4,University Road,143,300,47.7,36.17,LOW
2026-09-22T20:44:59.154644,J5,Hospital Road,200,280,71.4,22.11,MEDIUM
2026-09-22T20:44:59.154644,J6,Airport Road,222,350,63.4,20.73,MEDIUM
2026-09-22T20:45:04.162301,J1,Main Market,189,300,63.0,25.37,MEDIUM
2026-09-22T20:45:04.162301,J2,Railway Square,224,350,64.0,28.39,MEDIUM
2026-09-22T20:45:04.162301,J3,City Center,327,400,81.8,15.78,MEDIUM
2026-09-22T20:45:04.162301,J4,University Road,146,300,48.7,31.16,LOW
2026-09-22T20:45:04.162301,J5,Hospital Road,200,280,71.4,27.99,MEDIUM
2026-09-22T20:45:04.162301,J6,Airport Road,203,350,58.0,35.06,LOW
2026-09-22T20:45:09.176470,J1,Main Market,187,300,62.3,26.38,MEDIUM
2026-09-22T20:45:09.176470,J2,Railway Square,215,350,61.4,25.54,MEDIUM
2026-09-22T20:45:09.176470,J3,City Center,370,400,92.5,18.41,HIGH
2026-09-22T20:45:09.176470,J4,University Road,168,300,56.0,30.87,LOW
2026-09-22T20:45:09.176470,J5,Hospital Road,210,280,75.0,23.73,MEDIUM
2026-09-22T20:45:09.176470,J6,Airport Road,198,350,56.6,38.76,LOW
2026-09-22T20:45:14.182246,J1,Main Market,167,300,55.7,31.04,LOW
2026-09-22T20:45:14.182246,J2,Railway Square,259,350,74.0,25.09,MEDIUM
2026-09-22T20:45:14.182246,J3,City Center,390,400,97.5,19.53,HIGH
2026-09-22T20:45:14.182246,J4,University Road,169,300,56.3,38.2,LOW
2026-09-22T20:45:14.182246,J5,Hospital Road,214,280,76.4,27.47,MEDIUM
2026-09-22T20:45:14.182246,J6,Airport Road,198,350,56.6,31.29,LOW
2026-09-22T20:45:19.195787,J1,Main Market,156,300,52.0,34.17,LOW
2026-09-22T20:45:19.195787,J2,Railway Square,225,350,64.3,28.95,MEDIUM
2026-09-22T20:45:19.195787,J3,City Center,339,400,84.8,16.69,MEDIUM
2026-09-22T20:45:19.195787,J4,University Road,157,300,52.3,30.76,LOW
2026-09-22T20:45:19.195787,J5,Hospital Road,193,280,68.9,21.95,MEDIUM
2026-09-22T20:45:19.195787,J6,Airport Road,203,350,58.0,35.24,LOW
2026-09-22T20:45:24.203943,J1,Main Market,188,300,62.7,20.42,MEDIUM
2026-09-22T20:45:24.203943,J2,Railway Square,229,350,65.4,26.86,MEDIUM
2026-09-22T20:45:24.203943,J3,City Center,369,400,92.2,15.05,HIGH
2026-09-22T20:45:24.203943,J4,University Road,171,300,57.0,31.6,LOW
2026-09-22T20:45:24.203943,J5,Hospital Road,201,280,71.8,27.81,MEDIUM
2026-09-22T20:45:24.203943,J6,Airport Road,225,350,64.3,25.99,MEDIUM
2026-09-22T20:45:29.212382,J1,Main Market,159,300,53.0,34.78,LOW
2026-09-22T20:45:29.212382,J2,Railway Square,236,350,67.4,23.91,MEDIUM
2026-09-22T20:45:29.212382,J3,City Center,337,400,84.2,15.43,MEDIUM
2026-09-22T20:45:29.212382,J4,University Road,147,300,49.0,32.79,LOW
2026-09-22T20:45:29.212382,J5,Hospital Road,210,280,75.0,25.27,MEDIUM
2026-09-22T20:45:29.212382,J6,Airport Road,203,350,58.0,34.64,LOW
2026-09-22T20:45:34.223773,J1,Main Market,170,300,56.7,39.29,LOW
2026-09-22T20:45:34.223773,J2,Railway Square,241,350,68.9,25.8,MEDIUM
2026-09-22T20:45:34.223773,J3,City Center,324,400,81.0,15.7,MEDIUM
2026-09-22T20:45:34.223773,J4,University Road,170,300,56.7,33.92,LOW
2026-09-22T20:45:34.223773,J5,Hospital Road,192,280,68.6,24.75,MEDIUM
2026-09-22T20:45:34.223773,J6,Airport Road,204,350,58.3,30.68,LOW
2026-09-22T20:45:39.237281,J1,Main Market,178,300,59.3,38.16,LOW
2026-09-22T20:45:39.237281,J2,Railway Square,218,350,62.3,27.22,MEDIUM
2026-09-22T20:45:39.237281,J3,City Center,329,400,82.2,12.62,HIGH
2026-09-22T20:45:39.237281,J4,University Road,166,300,55.3,32.69,LOW
2026-09-22T20:45:39.237281,J5,Hospital Road,225,280,80.4,20.69,MEDIUM
2026-09-22T20:45:39.237281,J6,Airport Road,222,350,63.4,28.09,MEDIUM
2026-09-22T20:45:44.240292,J1,Main Market,187,300,62.3,21.46,MEDIUM
2026-09-22T20:45:44.240292,J2,Railway Square,244,350,69.7,26.73,MEDIUM
2026-09-22T20:45:44.240292,J3,City Center,336,400,84.0,21.08,MEDIUM
2026-09-22T20:45:44.240292,J4,University Road,143,300,47.7,38.99,LOW
2026-09-22T20:45:44.240292,J5,Hospital Road,207,280,73.9,27.79,MEDIUM
2026-09-22T20:45:44.240292,J6,Airport Road,214,350,61.1,23.77,MEDIUM
2026-09-22T20:45:49.244524,J1,Main Market,165,300,55.0,33.4,LOW
2026-09-22T20:45:49.244524,J2,Railway Square,234,350,66.9,25.42,MEDIUM
2026-09-22T20:45:49.244524,J3,City Center,348,400,87.0,14.97,HIGH
2026-09-22T20:45:49.244524,J4,University Road,165,300,55.0,39.18,LOW
2026-09-22T20:45:49.244524,J5,Hospital Road,219,280,78.2,25.83,MEDIUM
2026-09-22T20:45:49.244524,J6,Airport Road,216,350,61.7,22.21,MEDIUM
2026-09-22T20:45:54.248144,J1,Main Market,165,300,55.0,35.03,LOW
2026-09-22T20:45:54.248144,J2,Railway Square,262,350,74.9,20.55,MEDIUM
2026-09-22T20:45:54.248144,J3,City Center,326,400,81.5,17.87,MEDIUM
2026-09-22T20:45:54.248144,J4,University Road,144,300,48.0,35.1,LOW
2026-09-22T20:45:54.248144,J5,Hospital Road,225,280,80.4,17.49,MEDIUM
2026-09-22T20:45:54.248144,J6,Airport Road,219,350,62.6,28.45,MEDIUM
2026-09-22T20:46:01.030652,J1,Main Market,188,300,62.7,22.24,MEDIUM
2026-09-22T20:46:01.030652,J2,Railway Square,230,350,65.7,28.98,MEDIUM
2026-09-22T20:46:01.030652,J3,City Center,331,400,82.8,12.9,HIGH
2026-09-22T20:46:01.030652,J4,University Road,167,300,55.7,32.01,LOW
2026-09-22T20:46:01.030652,J5,Hospital Road,205,280,73.2,22.84,MEDIUM
2026-09-22T20:46:01.030652,J6,Airport Road,222,350,63.4,26.83,MEDIUM
2026-09-22T20:46:06.034273,J1,Main Market,184,300,61.3,22.99,MEDIUM
2026-09-22T20:46:06.034273,J2,Railway Square,240,350,68.6,22.0,MEDIUM
2026-09-22T20:46:06.034273,J3,City Center,355,400,88.8,15.51,MEDIUM
2026-09-22T20:46:06.034273,J4,University Road,147,300,49.0,38.78,LOW
2026-09-22T20:46:06.034273,J5,Hospital Road,206,280,73.6,24.89,MEDIUM
2026-09-22T20:46:06.034273,J6,Airport Road,234,350,66.9,24.79,MEDIUM
2026-09-22T20:46:11.038889,J1,Main Market,159,300,53.0,39.86,LOW
2026-09-22T20:46:11.038889,J2,Railway Square,217,350,62.0,27.92,MEDIUM
2026-09-22T20:46:11.038889,J3,City Center,333,400,83.2,13.03,HIGH
2026-09-22T20:46:11.038889,J4,University Road,160,300,53.3,34.88,LOW
2026-09-22T20:46:11.038889,J5,Hospital Road,223,280,79.6,24.8,MEDIUM
2026-09-22T20:46:11.038889,J6,Airport Road,241,350,68.9,21.56,MEDIUM
2026-09-22T20:46:16.043507,J1,Main Market,178,300,59.3,34.02,LOW
2026-09-22T20:46:16.043507,J2,Railway Square,258,350,73.7,29.85,MEDIUM
2026-09-22T20:46:16.043507,J3,City Center,326,400,81.5,13.42,HIGH
2026-09-22T20:46:16.043507,J4,University Road,151,300,50.3,39.6,LOW
2026-09-22T20:46:16.043507,J5,Hospital Road,210,280,75.0,22.24,MEDIUM
2026-09-22T20:46:16.043507,J6,Airport Road,200,350,57.1,35.0,LOW
2026-09-22T20:46:21.050120,J1,Main Market,178,300,59.3,31.25,LOW
2026-09-22T20:46:21.050120,J2,Railway Square,217,350,62.0,29.27,MEDIUM
2026-09-22T20:46:21.050120,J3,City Center,349,400,87.2,21.37,MEDIUM
2026-09-22T20:46:21.050120,J4,University Road,151,300,50.3,34.36,LOW
2026-09-22T20:46:21.050120,J5,Hospital Road,212,280,75.7,22.43,MEDIUM
2026-09-22T20:46:21.050120,J6,Airport Road,201,350,57.4,33.89,LOW
2026-09-22T20:46:26.053741,J1,Main Market,183,300,61.0,25.93,MEDIUM
2026-09-22T20:46:26.053741,J2,Railway Square,218,350,62.3,28.35,MEDIUM
2026-09-22T20:46:26.053741,J3,City Center,323,400,80.8,18.35,MEDIUM
2026-09-22T20:46:26.053741,J4,University Road,171,300,57.0,31.74,LOW
2026-09-22T20:46:26.053741,J5,Hospital Road,220,280,78.6,28.54,MEDIUM
2026-09-22T20:46:26.053741,J6,Airport Road,208,350,59.4,33.86,LOW
2026-09-22T20:46:31.061354,J1,Main Market,163,300,54.3,30.45,LOW
2026-09-22T20:46:31.061354,J2,Railway Square,215,350,61.4,27.11,MEDIUM
2026-09-22T20:46:31.061354,J3,City Center,368,400,92.0,16.25,HIGH
2026-09-22T20:46:31.061354,J4,University Road,162,300,54.0,39.91,LOW
2026-09-22T20:46:31.061354,J5,Hospital Road,224,280,80.0,21.11,MEDIUM
2026-09-22T20:46:31.061354,J6,Airport Road,240,350,68.6,21.21,MEDIUM
2026-09-22T20:46:36.067963,J1,Main Market,166,300,55.3,35.56,LOW
2026-09-22T20:46:36.067963,J2,Railway Square,250,350,71.4,29.49,MEDIUM
2026-09-22T20:46:36.067963,J3,City Center,325,400,81.2,19.96,MEDIUM
2026-09-22T20:46:36.067963,J4,University Road,157,300,52.3,37.35,LOW
2026-09-22T20:46:36.067963,J5,Hospital Road,219,280,78.2,20.21,MEDIUM
2026-09-22T20:46:36.067963,J6,Airport Road,218,350,62.3,27.69,MEDIUM
2026-09-22T20:46:41.071584,J1,Main Market,158,300,52.7,39.33,LOW
2026-09-22T20:46:41.071584,J2,Railway Square,223,350,63.7,21.34,MEDIUM
2026-09-22T20:46:41.071584,J3,City Center,345,400,86.2,19.52,MEDIUM
2026-09-22T20:46:41.071584,J4,University Road,154,300,51.3,34.42,LOW
2026-09-22T20:46:41.071584,J5,Hospital Road,216,280,77.1,27.02,MEDIUM
2026-09-22T20:46:41.071584,J6,Airport Road,241,350,68.9,27.63,MEDIUM
2026-09-22T20:46:46.075445,J1,Main Market,178,300,59.3,37.61,LOW
2026-09-22T20:46:46.075445,J2,Railway Square,232,350,66.3,25.73,MEDIUM
2026-09-22T20:46:46.075445,J3,City Center,340,400,85.0,20.91,MEDIUM
2026-09-22T20:46:46.075445,J4,University Road,170,300,56.7,32.82,LOW
2026-09-22T20:46:46.075445,J5,Hospital Road,215,280,76.8,21.83,MEDIUM
2026-09-22T20:46:46.075445,J6,Airport Road,204,350,58.3,37.97,LOW
2026-09-22T20:46:51.080362,J1,Main Market,173,300,57.7,34.11,LOW
2026-09-22T20:46:51.080362,J2,Railway Square,248,350,70.9,26.96,MEDIUM
2026-09-22T20:46:51.080362,J3,City Center,356,400,89.0,18.48,MEDIUM
2026-09-22T20:46:51.080362,J4,University Road,161,300,53.7,30.7,LOW
2026-09-22T20:46:51.080362,J5,Hospital Road,217,280,77.5,29.89,MEDIUM
2026-09-22T20:46:51.080362,J6,Airport Road,200,350,57.1,38.2,LOW
2026-09-22T20:46:56.083944,J1,Main Market,168,300,56.0,39.9,LOW
2026-09-22T20:46:56.083944,J2,Railway Square,216,350,61.7,22.89,MEDIUM
2026-09-22T20:46:56.083944,J3,City Center,341,400,85.2,18.33,MEDIUM
2026-09-22T20:46:56.083944,J4,University Road,159,300,53.0,32.9,LOW
2026-09-22T20:46:56.083944,J5,Hospital Road,191,280,68.2,26.31,MEDIUM
2026-09-22T20:46:56.083944,J6,Airport Road,224,350,64.0,20.7,MEDIUM
2026-09-22T20:47:01.087844,J1,Main Market,176,300,58.7,30.45,LOW
2026-09-22T20:47:01.087844,J2,Railway Square,231,350,66.0,21.37,MEDIUM
2026-09-22T20:47:01.087844,J3,City Center,358,400,89.5,17.34,MEDIUM
2026-09-22T20:47:01.087844,J4,University Road,145,300,48.3,35.71,LOW
2026-09-22T20:47:01.087844,J5,Hospital Road,216,280,77.1,22.73,MEDIUM
2026-09-22T20:47:01.087844,J6,Airport Road,217,350,62.0,24.54,MEDIUM
2026-09-22T20:47:06.091465,J1,Main Market,158,300,52.7,33.91,LOW
2026-09-22T20:47:06.091465,J2,Railway Square,254,350,72.6,20.81,MEDIUM
2026-09-22T20:47:06.091465,J3,City Center,322,400,80.5,15.27,MEDIUM
2026-09-22T20:47:06.091465,J4,University Road,146,300,48.7,34.54,LOW
2026-09-22T20:47:06.091465,J5,Hospital Road,208,280,74.3,28.18,MEDIUM
2026-09-22T20:47:06.091465,J6,Airport Road,203,350,58.0,32.34,LOW
2026-09-22T20:47:11.095085,J1,Main Market,167,300,55.7,32.6,LOW
2026-09-22T20:47:11.095085,J2,Railway Square,249,350,71.1,25.24,MEDIUM
2026-09-22T20:47:11.095085,J3,City Center,356,400,89.0,16.01,MEDIUM
2026-09-22T20:47:11.095085,J4,University Road,165,300,55.0,37.07,LOW
2026-09-22T20:47:11.095085,J5,Hospital Road,187,280,66.8,28.48,MEDIUM
2026-09-22T20:47:11.095085,J6,Airport Road,228,350,65.1,21.92,MEDIUM
2026-09-22T20:47:16.098690,J1,Main Market,171,300,57.0,36.03,LOW
2026-09-22T20:47:16.098690,J2,Railway Square,252,350,72.0,27.81,MEDIUM
2026-09-22T20:47:16.098690,J3,City Center,389,400,97.2,19.53,HIGH
2026-09-22T20:47:16.098690,J4,University Road,172,300,57.3,35.32,LOW
2026-09-22T20:47:16.098690,J5,Hospital Road,211,280,75.4,20.33,MEDIUM
2026-09-22T20:47:16.098690,J6,Airport Road,232,350,66.3,26.24,MEDIUM
2026-09-22T20:47:21.102702,J1,Main Market,170,300,56.7,30.42,LOW
2026-09-22T20:47:21.102702,J2,Railway Square,233,350,66.6,22.11,MEDIUM
2026-09-22T20:47:21.102702,J3,City Center,341,400,85.2,12.86,HIGH
2026-09-22T20:47:21.102702,J4,University Road,160,300,53.3,35.89,LOW
2026-09-22T20:47:21.102702,J5,Hospital Road,215,280,76.8,27.73,MEDIUM
2026-09-22T20:47:21.102702,J6,Airport Road,202,350,57.7,36.85,LOW
2026-09-22T20:47:26.107204,J1,Main Market,181,300,60.3,24.8,MEDIUM
2026-09-22T20:47:26.107204,J2,Railway Square,222,350,63.4,24.24,MEDIUM
2026-09-22T20:47:26.107204,J3,City Center,370,400,92.5,20.21,HIGH
2026-09-22T20:47:26.107204,J4,University Road,153,300,51.0,33.95,LOW
2026-09-22T20:47:26.107204,J5,Hospital Road,205,280,73.2,21.84,MEDIUM
2026-09-22T20:47:26.107204,J6,Airport Road,205,350,58.6,30.39,LOW
2026-09-22T20:47:31.111318,J1,Main Market,159,300,53.0,33.79,LOW
2026-09-22T20:47:31.111318,J2,Railway Square,249,350,71.1,28.78,MEDIUM
2026-09-22T20:47:31.111318,J3,City Center,364,400,91.0,14.27,HIGH
2026-09-22T20:47:31.111318,J4,University Road,165,300,55.0,38.71,LOW
2026-09-22T20:47:31.111318,J5,Hospital Road,190,280,67.9,21.29,MEDIUM
2026-09-22T20:47:31.111318,J6,Airport Road,214,350,61.1,27.01,MEDIUM
2026-09-22T20:47:36.114962,J1,Main Market,160,300,53.3,39.38,LOW
2026-09-22T20:47:36.114962,J2,Railway Square,251,350,71.7,28.37,MEDIUM
2026-09-22T20:47:36.114962,J3,City Center,382,400,95.5,15.96,HIGH
2026-09-22T20:47:36.114962,J4,University Road,147,300,49.0,36.26,LOW
2026-09-22T20:47:36.114962,J5,Hospital Road,188,280,67.1,26.72,MEDIUM
2026-09-22T20:47:36.114962,J6,Airport Road,200,350,57.1,39.62,LOW
2026-09-22T20:47:41.117922,J1,Main Market,165,300,55.0,30.9,LOW
2026-09-22T20:47:41.117922,J2,Railway Square,245,350,70.0,28.35,MEDIUM
2026-09-22T20:47:41.117922,J3,City Center,387,400,96.8,20.1,HIGH
2026-09-22T20:47:41.117922,J4,University Road,150,300,50.0,39.56,LOW
2026-09-22T20:47:41.117922,J5,Hospital Road,216,280,77.1,20.96,MEDIUM
2026-09-22T20:47:41.117922,J6,Airport Road,220,350,62.9,29.98,MEDIUM
2026-09-22T20:47:46.121370,J1,Main Market,166,300,55.3,39.46,LOW
2026-09-22T20:47:46.121370,J2,Railway Square,222,350,63.4,23.82,MEDIUM
2026-09-22T20:47:46.121370,J3,City Center,388,400,97.0,16.43,HIGH
2026-09-22T20:47:46.121370,J4,University Road,149,300,49.7,31.49,LOW
2026-09-22T20:47:46.121370,J5,Hospital Road,223,280,79.6,23.68,MEDIUM
2026-09-22T20:47:46.121370,J6,Airport Road,207,350,59.1,34.8,LOW
2026-09-22T20:47:51.124815,J1,Main Market,186,300,62.0,22.74,MEDIUM
2026-09-22T20:47:51.124815,J2,Railway Square,249,350,71.1,20.59,MEDIUM
2026-09-22T20:47:51.124815,J3,City Center,380,400,95.0,19.59,HIGH
2026-09-22T20:47:51.124815,J4,University Road,146,300,48.7,38.46,LOW
2026-09-22T20:47:51.124815,J5,Hospital Road,196,280,70.0,24.67,MEDIUM
2026-09-22T20:47:51.124815,J6,Airport Road,227,350,64.9,28.69,MEDIUM
2026-09-22T20:47:56.128729,J1,Main Market,185,300,61.7,28.51,MEDIUM
2026-09-22T20:47:56.128729,J2,Railway Square,226,350,64.6,25.07,MEDIUM
2026-09-22T20:47:56.128729,J3,City Center,322,400,80.5,17.46,MEDIUM
2026-09-22T20:47:56.128729,J4,University Road,142,300,47.3,31.25,LOW
2026-09-22T20:47:56.128729,J5,Hospital Road,206,280,73.6,28.1,MEDIUM
2026-09-22T20:47:56.128729,J6,Airport Road,209,350,59.7,37.69,LOW
2026-09-22T20:48:01.131438,J1,Main Market,180,300,60.0,24.81,MEDIUM
2026-09-22T20:48:01.131438,J2,Railway Square,226,350,64.6,27.83,MEDIUM
2026-09-22T20:48:01.131438,J3,City Center,360,400,90.0,14.13,HIGH
2026-09-22T20:48:01.131438,J4,University Road,158,300,52.7,30.51,LOW
2026-09-22T20:48:01.131438,J5,Hospital Road,198,280,70.7,23.07,MEDIUM
2026-09-22T20:48:01.131438,J6,Airport Road,234,350,66.9,27.72,MEDIUM
2026-09-22T20:48:06.135632,J1,Main Market,176,300,58.7,33.86,LOW
2026-09-22T20:48:06.135632,J2,Railway Square,231,350,66.0,25.68,MEDIUM
2026-09-22T20:48:06.135632,J3,City Center,330,400,82.5,12.48,HIGH
2026-09-22T20:48:06.135632,J4,University Road,146,300,48.7,33.39,LOW
2026-09-22T20:48:06.135632,J5,Hospital Road,201,280,71.8,20.1,MEDIUM
2026-09-22T20:48:06.135632,J6,Airport Road,207,350,59.1,35.0,LOW
2026-09-22T20:48:11.139178,J1,Main Market,175,300,58.3,38.61,LOW
2026-09-22T20:48:11.139178,J2,Railway Square,220,350,62.9,23.06,MEDIUM
2026-09-22T20:48:11.139178,J3,City Center,325,400,81.2,17.09,MEDIUM
2026-09-22T20:48:11.139178,J4,University Road,170,300,56.7,37.6,LOW
2026-09-22T20:48:11.139178,J5,Hospital Road,196,280,70.0,25.42,MEDIUM
2026-09-22T20:48:11.139178,J6,Airport Road,224,350,64.0,24.47,MEDIUM
2026-09-22T20:48:16.142931,J1,Main Market,159,300,53.0,39.89,LOW
2026-09-22T20:48:16.142931,J2,Railway Square,220,350,62.9,20.08,MEDIUM
2026-09-22T20:48:16.142931,J3,City Center,373,400,93.2,15.57,HIGH
2026-09-22T20:48:16.142931,J4,University Road,168,300,56.0,31.76,LOW
2026-09-22T20:48:16.142931,J5,Hospital Road,196,280,70.0,26.05,MEDIUM
2026-09-22T20:48:16.142931,J6,Airport Road,241,350,68.9,25.96,MEDIUM
2026-09-22T20:48:21.146120,J1,Main Market,164,300,54.7,33.61,LOW
2026-09-22T20:48:21.146120,J2,Railway Square,255,350,72.9,24.0,MEDIUM
2026-09-22T20:48:21.146120,J3,City Center,338,400,84.5,12.55,HIGH
2026-09-22T20:48:21.146120,J4,University Road,159,300,53.0,37.17,LOW
2026-09-22T20:48:21.146120,J5,Hospital Road,220,280,78.6,26.17,MEDIUM
2026-09-22T20:48:21.146120,J6,Airport Road,214,350,61.1,24.53,MEDIUM
2026-09-22T20:48:26.149241,J1,Main Market,186,300,62.0,25.38,MEDIUM
2026-09-22T20:48:26.149241,J2,Railway Square,246,350,70.3,28.66,MEDIUM
2026-09-22T20:48:26.149241,J3,City Center,323,400,80.8,18.72,MEDIUM
2026-09-22T20:48:26.149241,J4,University Road,150,300,50.0,33.24,LOW
2026-09-22T20:48:26.149241,J5,Hospital Road,219,280,78.2,25.97,MEDIUM
2026-09-22T20:48:26.149241,J6,Airport Road,212,350,60.6,28.14,MEDIUM
2026-09-22T20:48:31.152633,J1,Main Market,182,300,60.7,25.5,MEDIUM
2026-09-22T20:48:31.152633,J2,Railway Square,243,350,69.4,20.04,MEDIUM
2026-09-22T20:48:31.152633,J3,City Center,370,400,92.5,12.04,HIGH
2026-09-22T20:48:31.152633,J4,University Road,152,300,50.7,38.7,LOW
2026-09-22T20:48:31.152633,J5,Hospital Road,220,280,78.6,28.49,MEDIUM
2026-09-22T20:48:31.152633,J6,Airport Road,232,350,66.3,24.4,MEDIUM
2026-09-22T20:48:36.155880,J1,Main Market,170,300,56.7,36.69,LOW
2026-09-22T20:48:36.155880,J2,Railway Square,218,350,62.3,24.65,MEDIUM
2026-09-22T20:48:36.155880,J3,City Center,375,400,93.8,14.75,HIGH
2026-09-22T20:48:36.155880,J4,University Road,153,300,51.0,36.22,LOW
2026-09-22T20:48:36.155880,J5,Hospital Road,218,280,77.9,28.9,MEDIUM
2026-09-22T20:48:36.155880,J6,Airport Road,222,350,63.4,23.96,MEDIUM
2026-09-22T20:48:41.158939,J1,Main Market,159,300,53.0,38.94,LOW
2026-09-22T20:48:41.158939,J2,Railway Square,231,350,66.0,27.99,MEDIUM
2026-09-22T20:48:41.158939,J3,City Center,322,400,80.5,19.19,MEDIUM
2026-09-22T20:48:41.158939,J4,University Road,158,300,52.7,39.73,LOW
2026-09-22T20:48:41.158939,J5,Hospital Road,218,280,77.9,22.39,MEDIUM
2026-09-22T20:48:41.158939,J6,Airport Road,237,350,67.7,28.97,MEDIUM
2026-09-22T20:48:46.162797,J1,Main Market,183,300,61.0,20.25,MEDIUM
2026-09-22T20:48:46.162797,J2,Railway Square,219,350,62.6,26.52,MEDIUM
2026-09-22T20:48:46.162797,J3,City Center,364,400,91.0,12.64,HIGH
2026-09-22T20:48:46.162797,J4,University Road,167,300,55.7,37.02,LOW
2026-09-22T20:48:46.162797,J5,Hospital Road,203,280,72.5,28.18,MEDIUM
2026-09-22T20:48:46.162797,J6,Airport Road,242,350,69.1,24.19,MEDIUM
2026-09-22T20:48:51.166620,J1,Main Market,159,300,53.0,36.89,LOW
2026-09-22T20:48:51.166620,J2,Railway Square,232,350,66.3,28.03,MEDIUM
2026-09-22T20:48:51.166620,J3,City Center,370,400,92.5,17.17,HIGH
2026-09-22T20:48:51.166620,J4,University Road,151,300,50.3,39.08,LOW
2026-09-22T20:48:51.166620,J5,Hospital Road,186,280,66.4,28.78,MEDIUM
2026-09-22T20:48:51.166620,J6,Airport Road,228,350,65.1,28.06,MEDIUM
2026-09-22T20:48:56.169564,J1,Main Market,162,300,54.0,35.96,LOW
2026-09-22T20:48:56.169564,J2,Railway Square,227,350,64.9,29.64,MEDIUM
2026-09-22T20:48:56.169564,J3,City Center,342,400,85.5,14.5,HIGH
2026-09-22T20:48:56.169564,J4,University Road,150,300,50.0,37.83,LOW
2026-09-22T20:48:56.169564,J5,Hospital Road,199,280,71.1,28.5,MEDIUM
2026-09-22T20:48:56.169564,J6,Airport Road,217,350,62.0,23.51,MEDIUM
2026-09-22T20:49:01.172798,J1,Main Market,158,300,52.7,35.66,LOW
2026-09-22T20:49:01.172798,J2,Railway Square,233,350,66.6,24.77,MEDIUM
2026-09-22T20:49:01.172798,J3,City Center,367,400,91.8,14.79,HIGH
2026-09-22T20:49:01.172798,J4,University Road,146,300,48.7,31.88,LOW
2026-09-22T20:49:01.172798,J5,Hospital Road,203,280,72.5,25.44,MEDIUM
2026-09-22T20:49:01.172798,J6,Airport Road,217,350,62.0,28.75,MEDIUM
2026-09-22T20:49:06.176091,J1,Main Market,163,300,54.3,35.15,LOW
2026-09-22T20:49:06.176091,J2,Railway Square,255,350,72.9,22.91,MEDIUM
2026-09-22T20:49:06.176091,J3,City Center,323,400,80.8,12.25,HIGH
2026-09-22T20:49:06.176091,J4,University Road,161,300,53.7,31.37,LOW
2026-09-22T20:49:06.176091,J5,Hospital Road,199,280,71.1,28.58,MEDIUM
2026-09-22T20:49:06.176091,J6,Airport Road,209,350,59.7,36.85,LOW
2026-09-22T20:49:11.179334,J1,Main Market,187,300,62.3,22.52,MEDIUM
2026-09-22T20:49:11.179334,J2,Railway Square,217,350,62.0,23.4,MEDIUM
2026-09-22T20:49:11.179334,J3,City Center,357,400,89.2,18.46,MEDIUM
2026-09-22T20:49:11.179334,J4,University Road,167,300,55.7,37.42,LOW
2026-09-22T20:49:11.179334,J5,Hospital Road,200,280,71.4,27.65,MEDIUM
2026-09-22T20:49:11.179334,J6,Airport Road,213,350,60.9,23.93,MEDIUM
2026-09-22T20:49:16.182291,J1,Main Market,173,300,57.7,31.15,LOW
2026-09-22T20:49:16.182291,J2,Railway Square,250,350,71.4,25.57,MEDIUM
2026-09-22T20:49:16.182291,J3,City Center,334,400,83.5,15.2,MEDIUM
2026-09-22T20:49:16.182291,J4,University Road,163,300,54.3,39.1,LOW
2026-09-22T20:49:16.182291,J5,Hospital Road,201,280,71.8,27.77,MEDIUM
2026-09-22T20:49:16.182291,J6,Airport Road,203,350,58.0,30.18,LOW
2026-09-22T20:49:21.185649,J1,Main Market,185,300,61.7,21.82,MEDIUM
2026-09-22T20:49:21.185649,J2,Railway Square,224,350,64.0,21.4,MEDIUM
2026-09-22T20:49:21.185649,J3,City Center,374,400,93.5,19.96,HIGH
2026-09-22T20:49:21.185649,J4,University Road,145,300,48.3,39.41,LOW
2026-09-22T20:49:21.185649,J5,Hospital Road,204,280,72.9,24.11,MEDIUM
2026-09-22T20:49:21.185649,J6,Airport Road,213,350,60.9,29.58,MEDIUM
2026-09-22T20:49:26.189024,J1,Main Market,174,300,58.0,35.87,LOW
2026-09-22T20:49:26.189024,J2,Railway Square,246,350,70.3,24.53,MEDIUM
2026-09-22T20:49:26.189024,J3,City Center,353,400,88.2,16.4,MEDIUM
2026-09-22T20:49:26.189024,J4,University Road,149,300,49.7,32.32,LOW
2026-09-22T20:49:26.189024,J5,Hospital Road,196,280,70.0,25.55,MEDIUM
2026-09-22T20:49:26.189024,J6,Airport Road,231,350,66.0,20.02,MEDIUM
2026-09-22T20:49:31.191887,J1,Main Market,158,300,52.7,30.15,LOW
2026-09-22T20:49:31.191887,J2,Railway Square,245,350,70.0,22.01,MEDIUM
2026-09-22T20:49:31.191887,J3,City Center,360,400,90.0,13.27,HIGH
2026-09-22T20:49:31.191887,J4,University Road,144,300,48.0,30.78,LOW
2026-09-22T20:49:31.191887,J5,Hospital Road,188,280,67.1,28.38,MEDIUM
2026-09-22T20:49:31.191887,J6,Airport Road,200,350,57.1,37.69,LOW
2026-09-22T20:49:36.195282,J1,Main Market,175,300,58.3,39.22,LOW
2026-09-22T20:49:36.195282,J2,Railway Square,253,350,72.3,23.17,MEDIUM
2026-09-22T20:49:36.195282,J3,City Center,386,400,96.5,14.55,HIGH
2026-09-22T20:49:36.195282,J4,University Road,160,300,53.3,31.56,LOW
2026-09-22T20:49:36.195282,J5,Hospital Road,216,280,77.1,29.65,MEDIUM
2026-09-22T20:49:36.195282,J6,Airport Road,210,350,60.0,24.6,MEDIUM
2026-09-22T20:49:41.198627,J1,Main Market,171,300,57.0,33.82,LOW
2026-09-22T20:49:41.198627,J2,Railway Square,257,350,73.4,28.99,MEDIUM
2026-09-22T20:49:41.198627,J3,City Center,346,400,86.5,13.97,HIGH
2026-09-22T20:49:41.198627,J4,University Road,148,300,49.3,39.18,LOW
2026-09-22T20:49:41.198627,J5,Hospital Road,223,280,79.6,24.69,MEDIUM
2026-09-22T20:49:41.198627,J6,Airport Road,221,350,63.1,25.24,MEDIUM
2026-09-22T20:49:46.209189,J1,Main Market,174,300,58.0,36.65,LOW
2026-09-22T20:49:46.209189,J2,Railway Square,244,350,69.7,22.49,MEDIUM
2026-09-22T20:49:46.209189,J3,City Center,337,400,84.2,12.33,HIGH
2026-09-22T20:49:46.209189,J4,University Road,153,300,51.0,35.67,LOW
2026-09-22T20:49:46.209189,J5,Hospital Road,197,280,70.4,27.03,MEDIUM
2026-09-22T20:49:46.209189,J6,Airport Road,203,350,58.0,30.54,LOW
2026-09-22T20:49:51.222654,J1,Main Market,166,300,55.3,31.87,LOW
2026-09-22T20:49:51.222654,J2,Railway Square,244,350,69.7,21.11,MEDIUM
2026-09-22T20:49:51.222654,J3,City Center,334,400,83.5,20.64,MEDIUM
2026-09-22T20:49:51.222654,J4,University Road,160,300,53.3,35.98,LOW
2026-09-22T20:49:51.222654,J5,Hospital Road,201,280,71.8,28.2,MEDIUM
2026-09-22T20:49:51.222654,J6,Airport Road,202,350,57.7,35.97,LOW
2026-09-22T20:49:56.226663,J1,Main Market,187,300,62.3,21.41,MEDIUM
2026-09-22T20:49:56.226663,J2,Railway Square,254,350,72.6,21.34,MEDIUM
2026-09-22T20:49:56.226663,J3,City Center,328,400,82.0,17.25,MEDIUM
2026-09-22T20:49:56.226663,J4,University Road,159,300,53.0,30.43,LOW
2026-09-22T20:49:56.226663,J5,Hospital Road,216,280,77.1,25.96,MEDIUM
2026-09-22T20:49:56.226663,J6,Airport Road,207,350,59.1,34.08,LOW
2026-09-22T20:50:01.229738,J1,Main Market,171,300,57.0,32.88,LOW
2026-09-22T20:50:01.229738,J2,Railway Square,246,350,70.3,25.22,MEDIUM
2026-09-22T20:50:01.229738,J3,City Center,386,400,96.5,15.09,HIGH
2026-09-22T20:50:01.229738,J4,University Road,150,300,50.0,37.06,LOW
2026-09-22T20:50:01.229738,J5,Hospital Road,209,280,74.6,21.16,MEDIUM
2026-09-22T20:50:01.229738,J6,Airport Road,227,350,64.9,23.68,MEDIUM
2026-09-22T20:50:06.232872,J1,Main Market,173,300,57.7,35.99,LOW
2026-09-22T20:50:06.232872,J2,Railway Square,260,350,74.3,22.77,MEDIUM
2026-09-22T20:50:06.232872,J3,City Center,329,400,82.2,17.13,MEDIUM
2026-09-22T20:50:06.232872,J4,University Road,167,300,55.7,38.79,LOW
2026-09-22T20:50:06.232872,J5,Hospital Road,200,280,71.4,25.39,MEDIUM
2026-09-22T20:50:06.232872,J6,Airport Road,212,350,60.6,26.17,MEDIUM
2026-09-22T20:50:11.237034,J1,Main Market,189,300,63.0,21.44,MEDIUM
2026-09-22T20:50:11.237034,J2,Railway Square,227,350,64.9,23.92,MEDIUM
2026-09-22T20:50:11.237034,J3,City Center,347,400,86.8,13.37,HIGH
2026-09-22T20:50:11.237034,J4,University Road,167,300,55.7,36.0,LOW
2026-09-22T20:50:11.237034,J5,Hospital Road,204,280,72.9,24.85,MEDIUM
2026-09-22T20:50:11.237034,J6,Airport Road,224,350,64.0,23.78,MEDIUM
2026-09-22T20:50:16.239981,J1,Main Market,161,300,53.7,31.04,LOW
2026-09-22T20:50:16.239981,J2,Railway Square,216,350,61.7,29.56,MEDIUM
2026-09-22T20:50:16.239981,J3,City Center,341,400,85.2,14.24,HIGH
2026-09-22T20:50:16.239981,J4,University Road,164,300,54.7,30.82,LOW
2026-09-22T20:50:16.239981,J5,Hospital Road,217,280,77.5,29.76,MEDIUM
2026-09-22T20:50:16.239981,J6,Airport Road,220,350,62.9,22.49,MEDIUM
2026-09-22T20:50:21.253712,J1,Main Market,182,300,60.7,27.84,MEDIUM
2026-09-22T20:50:21.253712,J2,Railway Square,245,350,70.0,28.73,MEDIUM
2026-09-22T20:50:21.253712,J3,City Center,355,400,88.8,14.8,HIGH
2026-09-22T20:50:21.253712,J4,University Road,149,300,49.7,38.94,LOW
2026-09-22T20:50:21.253712,J5,Hospital Road,191,280,68.2,25.41,MEDIUM
2026-09-22T20:50:21.253712,J6,Airport Road,226,350,64.6,29.1,MEDIUM
2026-09-22T20:50:26.257636,J1,Main Market,187,300,62.3,25.11,MEDIUM
2026-09-22T20:50:26.257636,J2,Railway Square,225,350,64.3,21.12,MEDIUM
2026-09-22T20:50:26.257636,J3,City Center,341,400,85.2,12.1,HIGH
2026-09-22T20:50:26.257636,J4,University Road,171,300,57.0,38.09,LOW
2026-09-22T20:50:26.257636,J5,Hospital Road,221,280,78.9,27.05,MEDIUM
2026-09-22T20:50:26.257636,J6,Airport Road,223,350,63.7,26.24,MEDIUM
2026-09-22T20:50:31.265659,J1,Main Market,173,300,57.7,36.16,LOW
2026-09-22T20:50:31.265659,J2,Railway Square,215,350,61.4,21.59,MEDIUM
2026-09-22T20:50:31.265659,J3,City Center,336,400,84.0,13.6,HIGH
2026-09-22T20:50:31.265659,J4,University Road,144,300,48.0,31.11,LOW
2026-09-22T20:50:31.265659,J5,Hospital Road,187,280,66.8,24.88,MEDIUM
2026-09-22T20:50:31.265659,J6,Airport Road,234,350,66.9,25.31,MEDIUM
2026-09-22T20:50:36.279332,J1,Main Market,157,300,52.3,33.6,LOW
2026-09-22T20:50:36.279332,J2,Railway Square,257,350,73.4,23.07,MEDIUM
2026-09-22T20:50:36.279332,J3,City Center,369,400,92.2,20.48,HIGH
2026-09-22T20:50:36.279332,J4,University Road,169,300,56.3,30.29,LOW
2026-09-22T20:50:36.279332,J5,Hospital Road,198,280,70.7,29.07,MEDIUM
2026-09-22T20:50:36.279332,J6,Airport Road,216,350,61.7,21.07,MEDIUM
2026-09-22T20:50:41.288303,J1,Main Market,188,300,62.7,26.92,MEDIUM
2026-09-22T20:50:41.288303,J2,Railway Square,239,350,68.3,28.32,MEDIUM
2026-09-22T20:50:41.288303,J3,City Center,376,400,94.0,17.14,HIGH
2026-09-22T20:50:41.288303,J4,University Road,172,300,57.3,39.91,LOW
2026-09-22T20:50:41.288303,J5,Hospital Road,220,280,78.6,20.65,MEDIUM
2026-09-22T20:50:41.288303,J6,Airport Road,242,350,69.1,27.86,MEDIUM
2026-09-22T20:50:46.302944,J1,Main Market,169,300,56.3,34.96,LOW
2026-09-22T20:50:46.302944,J2,Railway Square,231,350,66.0,25.02,MEDIUM
2026-09-22T20:50:46.302944,J3,City Center,364,400,91.0,20.67,HIGH
2026-09-22T20:50:46.302944,J4,University Road,162,300,54.0,38.88,LOW
2026-09-22T20:50:46.302944,J5,Hospital Road,214,280,76.4,21.9,MEDIUM
2026-09-22T20:50:46.302944,J6,Airport Road,220,350,62.9,27.9,MEDIUM
2026-09-22T20:50:51.312877,J1,Main Market,169,300,56.3,32.74,LOW
2026-09-22T20:50:51.312877,J2,Railway Square,221,350,63.1,26.81,MEDIUM
2026-09-22T20:50:51.312877,J3,City Center,360,400,90.0,17.02,HIGH
2026-09-22T20:50:51.312877,J4,University Road,167,300,55.7,31.19,LOW
2026-09-22T20:50:51.312877,J5,Hospital Road,213,280,76.1,26.41,MEDIUM
2026-09-22T20:50:51.312877,J6,Airport Road,200,350,57.1,30.27,LOW
2026-09-22T20:50:56.326604,J1,Main Market,178,300,59.3,38.89,LOW
2026-09-22T20:50:56.326604,J2,Railway Square,228,350,65.1,23.75,MEDIUM
2026-09-22T20:50:56.326604,J3,City Center,361,400,90.2,16.53,HIGH
2026-09-22T20:50:56.326604,J4,University Road,171,300,57.0,33.85,LOW
2026-09-22T20:50:56.326604,J5,Hospital Road,194,280,69.3,23.77,MEDIUM
2026-09-22T20:50:56.326604,J6,Airport Road,242,350,69.1,22.41,MEDIUM
2026-09-22T20:51:01.335252,J1,Main Market,166,300,55.3,32.62,LOW
2026-09-22T20:51:01.335252,J2,Railway Square,241,350,68.9,25.29,MEDIUM
2026-09-22T20:51:01.335252,J3,City Center,378,400,94.5,21.23,HIGH
2026-09-22T20:51:01.335252,J4,University Road,159,300,53.0,35.57,LOW
2026-09-22T20:51:01.335252,J5,Hospital Road,188,280,67.1,21.98,MEDIUM
2026-09-22T20:51:01.335252,J6,Airport Road,203,350,58.0,33.51,LOW
2026-09-22T20:51:06.338656,J1,Main Market,168,300,56.0,33.46,LOW
2026-09-22T20:51:06.338656,J2,Railway Square,224,350,64.0,29.15,MEDIUM
2026-09-22T20:51:06.338656,J3,City Center,359,400,89.8,14.54,HIGH
2026-09-22T20:51:06.338656,J4,University Road,170,300,56.7,30.1,LOW
2026-09-22T20:51:06.338656,J5,Hospital Road,202,280,72.1,22.43,MEDIUM
2026-09-22T20:51:06.338656,J6,Airport Road,210,350,60.0,20.22,MEDIUM
2026-09-22T20:51:11.342104,J1,Main Market,166,300,55.3,37.34,LOW
2026-09-22T20:51:11.342104,J2,Railway Square,222,350,63.4,21.23,MEDIUM
2026-09-22T20:51:11.342104,J3,City Center,371,400,92.8,13.85,HIGH
2026-09-22T20:51:11.342104,J4,University Road,170,300,56.7,32.5,LOW
2026-09-22T20:51:11.342104,J5,Hospital Road,205,280,73.2,28.78,MEDIUM
2026-09-22T20:51:11.342104,J6,Airport Road,226,350,64.6,22.27,MEDIUM
2026-09-22T20:51:16.356100,J1,Main Market,180,300,60.0,20.79,MEDIUM
2026-09-22T20:51:16.356100,J2,Railway Square,215,350,61.4,25.51,MEDIUM
2026-09-22T20:51:16.356100,J3,City Center,350,400,87.5,18.6,MEDIUM
2026-09-22T20:51:16.356100,J4,University Road,141,300,47.0,33.78,LOW
2026-09-22T20:51:16.356100,J5,Hospital Road,224,280,80.0,17.08,MEDIUM
2026-09-22T20:51:16.356100,J6,Airport Road,214,350,61.1,23.3,MEDIUM
2026-09-22T20:51:21.361315,J1,Main Market,167,300,55.7,32.57,LOW
2026-09-22T20:51:21.361315,J2,Railway Square,259,350,74.0,28.14,MEDIUM
2026-09-22T20:51:21.361315,J3,City Center,331,400,82.8,19.41,MEDIUM
2026-09-22T20:51:21.361315,J4,University Road,168,300,56.0,30.0,LOW
2026-09-22T20:51:21.361315,J5,Hospital Road,188,280,67.1,20.47,MEDIUM
2026-09-22T20:51:21.361315,J6,Airport Road,232,350,66.3,23.61,MEDIUM
2026-09-22T20:51:26.393041,J1,Main Market,158,300,52.7,38.65,LOW
2026-09-22T20:51:26.393041,J2,Railway Square,229,350,65.4,27.75,MEDIUM
2026-09-22T20:51:26.393041,J3,City Center,389,400,97.2,19.95,HIGH
2026-09-22T20:51:26.393041,J4,University Road,167,300,55.7,31.12,LOW
2026-09-22T20:51:26.393041,J5,Hospital Road,190,280,67.9,26.71,MEDIUM
2026-09-22T20:51:26.393041,J6,Airport Road,216,350,61.7,24.24,MEDIUM
2026-09-22T20:51:31.407275,J1,Main Market,164,300,54.7,37.69,LOW
2026-09-22T20:51:31.407275,J2,Railway Square,254,350,72.6,23.78,MEDIUM
2026-09-22T20:51:31.407275,J3,City Center,355,400,88.8,21.17,MEDIUM
2026-09-22T20:51:31.407275,J4,University Road,155,300,51.7,31.19,LOW
2026-09-22T20:51:31.407275,J5,Hospital Road,219,280,78.2,20.94,MEDIUM
2026-09-22T20:51:31.407275,J6,Airport Road,229,350,65.4,22.02,MEDIUM
2026-09-22T20:51:36.410654,J1,Main Market,177,300,59.0,35.48,LOW
2026-09-22T20:51:36.410654,J2,Railway Square,227,350,64.9,28.23,MEDIUM
2026-09-22T20:51:36.410654,J3,City Center,365,400,91.2,21.95,HIGH
2026-09-22T20:51:36.410654,J4,University Road,162,300,54.0,33.13,LOW
2026-09-22T20:51:36.410654,J5,Hospital Road,221,280,78.9,23.36,MEDIUM
2026-09-22T20:51:36.410654,J6,Airport Road,206,350,58.9,33.59,LOW
2026-09-22T20:51:41.420973,J1,Main Market,166,300,55.3,33.33,LOW
2026-09-22T20:51:41.420973,J2,Railway Square,228,350,65.1,22.37,MEDIUM
2026-09-22T20:51:41.420973,J3,City Center,337,400,84.2,12.8,HIGH
2026-09-22T20:51:41.420973,J4,University Road,160,300,53.3,36.88,LOW
2026-09-22T20:51:41.420973,J5,Hospital Road,212,280,75.7,20.12,MEDIUM
2026-09-22T20:51:41.420973,J6,Airport Road,233,350,66.6,20.38,MEDIUM
2026-09-22T20:51:46.430035,J1,Main Market,183,300,61.0,28.8,MEDIUM
2026-09-22T20:51:46.430035,J2,Railway Square,251,350,71.7,22.08,MEDIUM
2026-09-22T20:51:46.430035,J3,City Center,367,400,91.8,12.32,HIGH
2026-09-22T20:51:46.430035,J4,University Road,164,300,54.7,34.06,LOW
2026-09-22T20:51:46.430035,J5,Hospital Road,206,280,73.6,28.38,MEDIUM
2026-09-22T20:51:46.430035,J6,Airport Road,242,350,69.1,26.94,MEDIUM
2026-09-22T20:51:51.439701,J1,Main Market,178,300,59.3,34.02,LOW
2026-09-22T20:51:51.439701,J2,Railway Square,223,350,63.7,29.68,MEDIUM
2026-09-22T20:51:51.439701,J3,City Center,367,400,91.8,18.94,HIGH
2026-09-22T20:51:51.439701,J4,University Road,164,300,54.7,31.01,LOW
2026-09-22T20:51:51.439701,J5,Hospital Road,188,280,67.1,28.33,MEDIUM
2026-09-22T20:51:51.439701,J6,Airport Road,209,350,59.7,34.52,LOW
2026-09-22T20:51:56.522112,J1,Main Market,180,300,60.0,26.77,MEDIUM
2026-09-22T20:51:56.522112,J2,Railway Square,236,350,67.4,23.24,MEDIUM
2026-09-22T20:51:56.522112,J3,City Center,374,400,93.5,18.33,HIGH
2026-09-22T20:51:56.522112,J4,University Road,169,300,56.3,30.42,LOW
2026-09-22T20:51:56.522112,J5,Hospital Road,209,280,74.6,21.0,MEDIUM
2026-09-22T20:51:56.522112,J6,Airport Road,201,350,57.4,38.31,LOW
2026-09-22T20:52:01.572413,J1,Main Market,189,300,63.0,23.08,MEDIUM
2026-09-22T20:52:01.572413,J2,Railway Square,261,350,74.6,27.56,MEDIUM
2026-09-22T20:52:01.572413,J3,City Center,379,400,94.8,19.8,HIGH
2026-09-22T20:52:01.572413,J4,University Road,146,300,48.7,33.59,LOW
2026-09-22T20:52:01.572413,J5,Hospital Road,203,280,72.5,23.94,MEDIUM
2026-09-22T20:52:01.572413,J6,Airport Road,224,350,64.0,20.38,MEDIUM
2026-09-22T20:52:06.580560,J1,Main Market,162,300,54.0,31.32,LOW
2026-09-22T20:52:06.580560,J2,Railway Square,215,350,61.4,26.47,MEDIUM
2026-09-22T20:52:06.580560,J3,City Center,384,400,96.0,15.53,HIGH
2026-09-22T20:52:06.580560,J4,University Road,161,300,53.7,37.63,LOW
2026-09-22T20:52:06.580560,J5,Hospital Road,197,280,70.4,22.31,MEDIUM
2026-09-22T20:52:06.580560,J6,Airport Road,206,350,58.9,38.27,LOW
2026-09-22T20:52:11.590998,J1,Main Market,170,300,56.7,31.67,LOW
2026-09-22T20:52:11.590998,J2,Railway Square,241,350,68.9,28.13,MEDIUM
2026-09-22T20:52:11.590998,J3,City Center,332,400,83.0,19.3,MEDIUM
2026-09-22T20:52:11.590998,J4,University Road,154,300,51.3,32.66,LOW
2026-09-22T20:52:11.590998,J5,Hospital Road,203,280,72.5,20.12,MEDIUM
2026-09-22T20:52:11.590998,J6,Airport Road,240,350,68.6,20.8,MEDIUM
2026-09-22T20:52:16.598828,J1,Main Market,183,300,61.0,25.96,MEDIUM
2026-09-22T20:52:16.598828,J2,Railway Square,239,350,68.3,24.39,MEDIUM
2026-09-22T20:52:16.598828,J3,City Center,374,400,93.5,18.13,HIGH
2026-09-22T20:52:16.598828,J4,University Road,168,300,56.0,35.15,LOW
2026-09-22T20:52:16.598828,J5,Hospital Road,207,280,73.9,29.16,MEDIUM
2026-09-22T20:52:16.598828,J6,Airport Road,238,350,68.0,27.78,MEDIUM
2026-09-22T20:52:21.608062,J1,Main Market,162,300,54.0,30.3,LOW
2026-09-22T20:52:21.608062,J2,Railway Square,261,350,74.6,26.39,MEDIUM
2026-09-22T20:52:21.608062,J3,City Center,351,400,87.8,21.36,MEDIUM
2026-09-22T20:52:21.608062,J4,University Road,163,300,54.3,38.93,LOW
2026-09-22T20:52:21.608062,J5,Hospital Road,211,280,75.4,21.13,MEDIUM
2026-09-22T20:52:21.608062,J6,Airport Road,205,350,58.6,39.4,LOW
2026-09-22T20:52:26.615346,J1,Main Market,161,300,53.7,37.73,LOW
2026-09-22T20:52:26.615346,J2,Railway Square,215,350,61.4,27.01,MEDIUM
2026-09-22T20:52:26.615346,J3,City Center,378,400,94.5,19.56,HIGH
2026-09-22T20:52:26.615346,J4,University Road,165,300,55.0,36.42,LOW
2026-09-22T20:52:26.615346,J5,Hospital Road,204,280,72.9,29.27,MEDIUM
2026-09-22T20:52:26.615346,J6,Airport Road,228,350,65.1,23.58,MEDIUM
2026-09-22T20:52:31.627303,J1,Main Market,176,300,58.7,39.65,LOW
2026-09-22T20:52:31.627303,J2,Railway Square,229,350,65.4,20.94,MEDIUM
2026-09-22T20:52:31.627303,J3,City Center,333,400,83.2,14.34,HIGH
2026-09-22T20:52:31.627303,J4,University Road,169,300,56.3,30.82,LOW
2026-09-22T20:52:31.627303,J5,Hospital Road,218,280,77.9,26.99,MEDIUM
2026-09-22T20:52:31.627303,J6,Airport Road,224,350,64.0,21.44,MEDIUM
2026-09-22T20:52:38.625524,J1,Main Market,157,300,52.3,36.9,LOW
2026-09-22T20:52:38.625524,J2,Railway Square,223,350,63.7,26.5,MEDIUM
2026-09-22T20:52:38.625524,J3,City Center,352,400,88.0,14.59,HIGH
2026-09-22T20:52:38.625524,J4,University Road,154,300,51.3,35.22,LOW
2026-09-22T20:52:38.625524,J5,Hospital Road,215,280,76.8,28.51,MEDIUM
2026-09-22T20:52:38.625524,J6,Airport Road,225,350,64.3,25.61,MEDIUM
2026-09-22T20:52:43.630662,J1,Main Market,183,300,61.0,24.09,MEDIUM
2026-09-22T20:52:43.630662,J2,Railway Square,237,350,67.7,22.12,MEDIUM
2026-09-22T20:52:43.630662,J3,City Center,388,400,97.0,16.58,HIGH
2026-09-22T20:52:43.630662,J4,University Road,165,300,55.0,34.89,LOW
2026-09-22T20:52:43.630662,J5,Hospital Road,189,280,67.5,29.42,MEDIUM
2026-09-22T20:52:43.630662,J6,Airport Road,237,350,67.7,25.93,MEDIUM
2026-09-22T20:52:48.636989,J1,Main Market,177,300,59.0,36.96,LOW
2026-09-22T20:52:48.636989,J2,Railway Square,243,350,69.4,20.03,MEDIUM
2026-09-22T20:52:48.636989,J3,City Center,335,400,83.8,15.19,MEDIUM
2026-09-22T20:52:48.636989,J4,University Road,146,300,48.7,38.4,LOW
2026-09-22T20:52:48.636989,J5,Hospital Road,223,280,79.6,21.15,MEDIUM
2026-09-22T20:52:48.636989,J6,Airport Road,234,350,66.9,25.25,MEDIUM
2026-09-22T20:52:53.646430,J1,Main Market,171,300,57.0,35.24,LOW
2026-09-22T20:52:53.646430,J2,Railway Square,217,350,62.0,29.76,MEDIUM
2026-09-22T20:52:53.646430,J3,City Center,392,400,98.0,21.47,HIGH
2026-09-22T20:52:53.646430,J4,University Road,152,300,50.7,31.93,LOW
2026-09-22T20:52:53.646430,J5,Hospital Road,220,280,78.6,22.0,MEDIUM
2026-09-22T20:52:53.646430,J6,Airport Road,204,350,58.3,30.75,LOW
2026-09-22T20:52:58.654484,J1,Main Market,181,300,60.3,23.46,MEDIUM
2026-09-22T20:52:58.654484,J2,Railway Square,222,350,63.4,21.03,MEDIUM
2026-09-22T20:52:58.654484,J3,City Center,327,400,81.8,21.14,MEDIUM
2026-09-22T20:52:58.654484,J4,University Road,156,300,52.0,39.29,LOW
2026-09-22T20:52:58.654484,J5,Hospital Road,191,280,68.2,26.44,MEDIUM
2026-09-22T20:52:58.654484,J6,Airport Road,199,350,56.9,39.2,LOW
2026-09-22T20:53:03.739911,J1,Main Market,175,300,58.3,34.42,LOW
2026-09-22T20:53:03.739911,J2,Railway Square,239,350,68.3,21.0,MEDIUM
2026-09-22T20:53:03.739911,J3,City Center,331,400,82.8,13.28,HIGH
2026-09-22T20:53:03.739911,J4,University Road,145,300,48.3,38.68,LOW
2026-09-22T20:53:03.739911,J5,Hospital Road,218,280,77.9,26.89,MEDIUM
2026-09-22T20:53:03.739911,J6,Airport Road,231,350,66.0,20.69,MEDIUM
2026-09-22T20:53:08.743831,J1,Main Market,167,300,55.7,31.02,LOW
2026-09-22T20:53:08.743831,J2,Railway Square,223,350,63.7,28.05,MEDIUM
2026-09-22T20:53:08.743831,J3,City Center,370,400,92.5,12.76,HIGH
2026-09-22T20:53:08.743831,J4,University Road,166,300,55.3,37.91,LOW
2026-09-22T20:53:08.743831,J5,Hospital Road,222,280,79.3,27.97,MEDIUM
2026-09-22T20:53:08.743831,J6,Airport Road,209,350,59.7,39.24,LOW
2026-09-22T20:53:13.758567,J1,Main Market,186,300,62.0,21.91,MEDIUM
2026-09-22T20:53:13.758567,J2,Railway Square,224,350,64.0,22.57,MEDIUM
2026-09-22T20:53:13.758567,J3,City Center,360,400,90.0,14.84,HIGH
2026-09-22T20:53:13.758567,J4,University Road,167,300,55.7,34.84,LOW
2026-09-22T20:53:13.758567,J5,Hospital Road,207,280,73.9,23.52,MEDIUM
2026-09-22T20:53:13.758567,J6,Airport Road,232,350,66.3,29.62,MEDIUM
2026-09-22T20:53:18.762944,J1,Main Market,169,300,56.3,36.42,LOW
2026-09-22T20:53:18.762944,J2,Railway Square,216,350,61.7,27.4,MEDIUM
2026-09-22T20:53:18.762944,J3,City Center,391,400,97.8,18.16,HIGH
2026-09-22T20:53:18.762944,J4,University Road,157,300,52.3,35.52,LOW
2026-09-22T20:53:18.762944,J5,Hospital Road,188,280,67.1,24.11,MEDIUM
2026-09-22T20:53:18.762944,J6,Airport Road,232,350,66.3,27.53,MEDIUM
2026-09-22T20:53:23.776695,J1,Main Market,166,300,55.3,32.26,LOW
2026-09-22T20:53:23.776695,J2,Railway Square,216,350,61.7,28.89,MEDIUM
2026-09-22T20:53:23.776695,J3,City Center,344,400,86.0,13.92,HIGH
2026-09-22T20:53:23.776695,J4,University Road,144,300,48.0,38.02,LOW
2026-09-22T20:53:23.776695,J5,Hospital Road,226,280,80.7,15.39,MEDIUM
2026-09-22T20:53:23.776695,J6,Airport Road,231,350,66.0,28.81,MEDIUM
2026-09-22T20:53:28.787615,J1,Main Market,184,300,61.3,23.11,MEDIUM
2026-09-22T20:53:28.787615,J2,Railway Square,248,350,70.9,23.59,MEDIUM
2026-09-22T20:53:28.787615,J3,City Center,348,400,87.0,19.69,MEDIUM
2026-09-22T20:53:28.787615,J4,University Road,146,300,48.7,39.1,LOW
2026-09-22T20:53:28.787615,J5,Hospital Road,199,280,71.1,28.72,MEDIUM
2026-09-22T20:53:28.787615,J6,Airport Road,232,350,66.3,23.37,MEDIUM
2026-09-22T20:53:33.795737,J1,Main Market,174,300,58.0,34.59,LOW
2026-09-22T20:53:33.795737,J2,Railway Square,236,350,67.4,26.4,MEDIUM
2026-09-22T20:53:33.795737,J3,City Center,381,400,95.2,17.45,HIGH
2026-09-22T20:53:33.795737,J4,University Road,157,300,52.3,37.16,LOW
2026-09-22T20:53:33.795737,J5,Hospital Road,218,280,77.9,27.49,MEDIUM
2026-09-22T20:53:33.795737,J6,Airport Road,206,350,58.9,36.05,LOW
2026-09-22T20:53:38.828189,J1,Main Market,188,300,62.7,24.36,MEDIUM
2026-09-22T20:53:38.828189,J2,Railway Square,232,350,66.3,27.87,MEDIUM
2026-09-22T20:53:38.828189,J3,City Center,374,400,93.5,14.85,HIGH
2026-09-22T20:53:38.828189,J4,University Road,162,300,54.0,38.38,LOW
2026-09-22T20:53:38.828189,J5,Hospital Road,207,280,73.9,29.12,MEDIUM
2026-09-22T20:53:38.828189,J6,Airport Road,237,350,67.7,25.95,MEDIUM
2026-09-22T20:53:43.833140,J1,Main Market,163,300,54.3,37.41,LOW
2026-09-22T20:53:43.833140,J2,Railway Square,260,350,74.3,21.26,MEDIUM
2026-09-22T20:53:43.833140,J3,City Center,374,400,93.5,17.52,HIGH
2026-09-22T20:53:43.833140,J4,University Road,157,300,52.3,38.77,LOW
2026-09-22T20:53:43.833140,J5,Hospital Road,204,280,72.9,20.27,MEDIUM
2026-09-22T20:53:43.833140,J6,Airport Road,228,350,65.1,22.43,MEDIUM
2026-09-22T20:53:48.839770,J1,Main Market,159,300,53.0,34.74,LOW
2026-09-22T20:53:48.839770,J2,Railway Square,258,350,73.7,23.41,MEDIUM
2026-09-22T20:53:48.839770,J3,City Center,347,400,86.8,19.74,MEDIUM
2026-09-22T20:53:48.839770,J4,University Road,149,300,49.7,33.32,LOW
2026-09-22T20:53:48.839770,J5,Hospital Road,211,280,75.4,26.24,MEDIUM
2026-09-22T20:53:48.839770,J6,Airport Road,215,350,61.4,20.08,MEDIUM
2026-09-22T20:53:53.847732,J1,Main Market,160,300,53.3,30.14,LOW
2026-09-22T20:53:53.847732,J2,Railway Square,258,350,73.7,28.99,MEDIUM
2026-09-22T20:53:53.847732,J3,City Center,332,400,83.0,20.24,MEDIUM
2026-09-22T20:53:53.847732,J4,University Road,161,300,53.7,36.34,LOW
2026-09-22T20:53:53.847732,J5,Hospital Road,209,280,74.6,27.07,MEDIUM
2026-09-22T20:53:53.847732,J6,Airport Road,234,350,66.9,22.03,MEDIUM
2026-09-22T20:53:58.852864,J1,Main Market,156,300,52.0,32.95,LOW
2026-09-22T20:53:58.852864,J2,Railway Square,234,350,66.9,29.57,MEDIUM
2026-09-22T20:53:58.852864,J3,City Center,333,400,83.2,16.67,MEDIUM
2026-09-22T20:53:58.852864,J4,University Road,158,300,52.7,35.48,LOW
2026-09-22T20:53:58.852864,J5,Hospital Road,199,280,71.1,22.09,MEDIUM
2026-09-22T20:53:58.852864,J6,Airport Road,239,350,68.3,25.35,MEDIUM
2026-09-22T20:54:03.861895,J1,Main Market,182,300,60.7,23.79,MEDIUM
2026-09-22T20:54:03.861895,J2,Railway Square,259,350,74.0,27.75,MEDIUM
2026-09-22T20:54:03.861895,J3,City Center,352,400,88.0,13.93,HIGH
2026-09-22T20:54:03.861895,J4,University Road,171,300,57.0,32.85,LOW
2026-09-22T20:54:03.861895,J5,Hospital Road,212,280,75.7,20.56,MEDIUM
2026-09-22T20:54:03.861895,J6,Airport Road,230,350,65.7,24.98,MEDIUM
2026-09-22T20:54:08.874612,J1,Main Market,184,300,61.3,28.79,MEDIUM
2026-09-22T20:54:08.874612,J2,Railway Square,227,350,64.9,20.66,MEDIUM
2026-09-22T20:54:08.874612,J3,City Center,348,400,87.0,16.0,MEDIUM
2026-09-22T20:54:08.874612,J4,University Road,164,300,54.7,33.81,LOW
2026-09-22T20:54:08.874612,J5,Hospital Road,185,280,66.1,24.45,MEDIUM
2026-09-22T20:54:08.874612,J6,Airport Road,202,350,57.7,34.11,LOW
2026-09-22T20:54:13.888725,J1,Main Market,176,300,58.7,33.86,LOW
2026-09-22T20:54:13.888725,J2,Railway Square,231,350,66.0,28.5,MEDIUM
2026-09-22T20:54:13.888725,J3,City Center,337,400,84.2,16.9,MEDIUM
2026-09-22T20:54:13.888725,J4,University Road,166,300,55.3,37.74,LOW
2026-09-22T20:54:13.888725,J5,Hospital Road,191,280,68.2,25.79,MEDIUM
2026-09-22T20:54:13.888725,J6,Airport Road,234,350,66.9,26.87,MEDIUM
2026-09-22T20:54:18.899157,J1,Main Market,159,300,53.0,37.57,LOW
2026-09-22T20:54:18.899157,J2,Railway Square,224,350,64.0,21.03,MEDIUM
2026-09-22T20:54:18.899157,J3,City Center,331,400,82.8,19.03,MEDIUM
2026-09-22T20:54:18.899157,J4,University Road,144,300,48.0,30.91,LOW
2026-09-22T20:54:18.899157,J5,Hospital Road,192,280,68.6,24.61,MEDIUM
2026-09-22T20:54:18.899157,J6,Airport Road,212,350,60.6,27.71,MEDIUM
2026-09-22T20:54:23.907049,J1,Main Market,175,300,58.3,34.7,LOW
2026-09-22T20:54:23.907049,J2,Railway Square,223,350,63.7,28.43,MEDIUM
2026-09-22T20:54:23.907049,J3,City Center,363,400,90.8,17.27,HIGH
2026-09-22T20:54:23.907049,J4,University Road,146,300,48.7,35.21,LOW
2026-09-22T20:54:23.907049,J5,Hospital Road,204,280,72.9,26.4,MEDIUM
2026-09-22T20:54:23.907049,J6,Airport Road,207,350,59.1,31.18,LOW
2026-09-22T20:54:28.915762,J1,Main Market,189,300,63.0,20.88,MEDIUM
2026-09-22T20:54:28.915762,J2,Railway Square,245,350,70.0,25.5,MEDIUM
2026-09-22T20:54:28.915762,J3,City Center,369,400,92.2,17.94,HIGH
2026-09-22T20:54:28.915762,J4,University Road,151,300,50.3,38.46,LOW
2026-09-22T20:54:28.915762,J5,Hospital Road,208,280,74.3,23.72,MEDIUM
2026-09-22T20:54:28.915762,J6,Airport Road,214,350,61.1,26.95,MEDIUM
2026-09-22T20:54:33.928955,J1,Main Market,176,300,58.7,38.36,LOW
2026-09-22T20:54:33.928955,J2,Railway Square,243,350,69.4,23.32,MEDIUM
2026-09-22T20:54:33.928955,J3,City Center,380,400,95.0,14.87,HIGH
2026-09-22T20:54:33.928955,J4,University Road,159,300,53.0,33.61,LOW
2026-09-22T20:54:33.928955,J5,Hospital Road,193,280,68.9,26.02,MEDIUM
2026-09-22T20:54:33.928955,J6,Airport Road,209,350,59.7,35.48,LOW
2026-09-22T20:54:38.944023,J1,Main Market,170,300,56.7,32.97,LOW
2026-09-22T20:54:38.944023,J2,Railway Square,255,350,72.9,29.72,MEDIUM
2026-09-22T20:54:38.944023,J3,City Center,386,400,96.5,19.18,HIGH
2026-09-22T20:54:38.944023,J4,University Road,149,300,49.7,32.92,LOW
2026-09-22T20:54:38.944023,J5,Hospital Road,193,280,68.9,23.45,MEDIUM
2026-09-22T20:54:38.944023,J6,Airport Road,223,350,63.7,22.75,MEDIUM
2026-09-22T20:54:43.954167,J1,Main Market,177,300,59.0,36.27,LOW
2026-09-22T20:54:43.954167,J2,Railway Square,231,350,66.0,22.55,MEDIUM
2026-09-22T20:54:43.954167,J3,City Center,345,400,86.2,14.65,HIGH
2026-09-22T20:54:43.954167,J4,University Road,161,300,53.7,35.31,LOW
2026-09-22T20:54:43.954167,J5,Hospital Road,193,280,68.9,23.75,MEDIUM
2026-09-22T20:54:43.954167,J6,Airport Road,241,350,68.9,23.84,MEDIUM
2026-09-22T20:54:48.962957,J1,Main Market,176,300,58.7,32.65,LOW
2026-09-22T20:54:48.962957,J2,Railway Square,261,350,74.6,26.41,MEDIUM
2026-09-22T20:54:48.962957,J3,City Center,375,400,93.8,17.29,HIGH
2026-09-22T20:54:48.962957,J4,University Road,156,300,52.0,32.3,LOW
2026-09-22T20:54:48.962957,J5,Hospital Road,210,280,75.0,27.17,MEDIUM
2026-09-22T20:54:48.962957,J6,Airport Road,226,350,64.6,25.29,MEDIUM
2026-09-22T20:54:53.976587,J1,Main Market,175,300,58.3,38.73,LOW
2026-09-22T20:54:53.976587,J2,Railway Square,237,350,67.7,22.91,MEDIUM
2026-09-22T20:54:53.976587,J3,City Center,336,400,84.0,12.88,HIGH
2026-09-22T20:54:53.976587,J4,University Road,164,300,54.7,34.77,LOW
2026-09-22T20:54:53.976587,J5,Hospital Road,197,280,70.4,28.02,MEDIUM
2026-09-22T20:54:53.976587,J6,Airport Road,205,350,58.6,30.96,LOW
2026-09-22T20:54:58.998012,J1,Main Market,172,300,57.3,30.92,LOW
2026-09-22T20:54:58.998012,J2,Railway Square,222,350,63.4,28.9,MEDIUM
2026-09-22T20:54:58.998012,J3,City Center,392,400,98.0,20.09,HIGH
2026-09-22T20:54:58.998012,J4,University Road,145,300,48.3,31.0,LOW
2026-09-22T20:54:58.998012,J5,Hospital Road,203,280,72.5,28.05,MEDIUM
2026-09-22T20:54:58.998012,J6,Airport Road,235,350,67.1,27.63,MEDIUM
2026-09-22T20:55:04.012334,J1,Main Market,182,300,60.7,28.45,MEDIUM
2026-09-22T20:55:04.012334,J2,Railway Square,229,350,65.4,26.8,MEDIUM
2026-09-22T20:55:04.012334,J3,City Center,384,400,96.0,12.68,HIGH
2026-09-22T20:55:04.012334,J4,University Road,148,300,49.3,37.66,LOW
2026-09-22T20:55:04.012334,J5,Hospital Road,218,280,77.9,22.05,MEDIUM
2026-09-22T20:55:04.012334,J6,Airport Road,213,350,60.9,21.23,MEDIUM
2026-09-22T20:55:09.017113,J1,Main Market,188,300,62.7,28.11,MEDIUM
2026-09-22T20:55:09.017113,J2,Railway Square,239,350,68.3,21.17,MEDIUM
2026-09-22T20:55:09.017113,J3,City Center,349,400,87.2,15.42,MEDIUM
2026-09-22T20:55:09.017113,J4,University Road,149,300,49.7,37.46,LOW
2026-09-22T20:55:09.017113,J5,Hospital Road,221,280,78.9,27.11,MEDIUM
2026-09-22T20:55:09.017113,J6,Airport Road,234,350,66.9,23.55,MEDIUM
2026-09-22T20:55:14.065526,J1,Main Market,175,300,58.3,32.03,LOW
2026-09-22T20:55:14.065526,J2,Railway Square,228,350,65.1,22.47,MEDIUM
2026-09-22T20:55:14.065526,J3,City Center,323,400,80.8,12.34,HIGH
2026-09-22T20:55:14.065526,J4,University Road,151,300,50.3,37.41,LOW
2026-09-22T20:55:14.065526,J5,Hospital Road,192,280,68.6,27.36,MEDIUM
2026-09-22T20:55:14.065526,J6,Airport Road,229,350,65.4,20.16,MEDIUM
2026-09-22T20:55:19.841375,J1,Main Market,190,300,63.3,24.69,MEDIUM
2026-09-22T20:55:19.841375,J2,Railway Square,232,350,66.3,21.26,MEDIUM
2026-09-22T20:55:19.841375,J3,City Center,360,400,90.0,19.69,HIGH
2026-09-22T20:55:19.841375,J4,University Road,171,300,57.0,31.03,LOW
2026-09-22T20:55:19.841375,J5,Hospital Road,219,280,78.2,24.85,MEDIUM
2026-09-22T20:55:19.841375,J6,Airport Road,218,350,62.3,26.83,MEDIUM
2026-09-22T20:55:24.846102,J1,Main Market,165,300,55.0,32.48,LOW
2026-09-22T20:55:24.846102,J2,Railway Square,232,350,66.3,26.42,MEDIUM
2026-09-22T20:55:24.846102,J3,City Center,323,400,80.8,20.59,MEDIUM
2026-09-22T20:55:24.846102,J4,University Road,143,300,47.7,32.48,LOW
2026-09-22T20:55:24.846102,J5,Hospital Road,208,280,74.3,26.61,MEDIUM
2026-09-22T20:55:24.846102,J6,Airport Road,232,350,66.3,22.59,MEDIUM
2026-09-22T20:55:29.855385,J1,Main Market,179,300,59.7,37.57,LOW
2026-09-22T20:55:29.855385,J2,Railway Square,225,350,64.3,26.49,MEDIUM
2026-09-22T20:55:29.855385,J3,City Center,333,400,83.2,14.23,HIGH
2026-09-22T20:55:29.855385,J4,University Road,162,300,54.0,33.31,LOW
2026-09-22T20:55:29.855385,J5,Hospital Road,209,280,74.6,22.22,MEDIUM
2026-09-22T20:55:29.855385,J6,Airport Road,231,350,66.0,28.39,MEDIUM
2026-09-22T20:55:34.874204,J1,Main Market,179,300,59.7,31.57,LOW
2026-09-22T20:55:34.874204,J2,Railway Square,250,350,71.4,21.56,MEDIUM
2026-09-22T20:55:34.874204,J3,City Center,351,400,87.8,12.39,HIGH
2026-09-22T20:55:34.874204,J4,University Road,153,300,51.0,36.34,LOW
2026-09-22T20:55:34.874204,J5,Hospital Road,211,280,75.4,23.53,MEDIUM
2026-09-22T20:55:34.874204,J6,Airport Road,206,350,58.9,33.65,LOW
2026-09-22T20:55:39.903296,J1,Main Market,188,300,62.7,26.9,MEDIUM
2026-09-22T20:55:39.903296,J2,Railway Square,225,350,64.3,21.51,MEDIUM
2026-09-22T20:55:39.903296,J3,City Center,354,400,88.5,16.0,MEDIUM
2026-09-22T20:55:39.903296,J4,University Road,160,300,53.3,33.51,LOW
2026-09-22T20:55:39.903296,J5,Hospital Road,196,280,70.0,23.52,MEDIUM
2026-09-22T20:55:39.903296,J6,Airport Road,224,350,64.0,24.69,MEDIUM
2026-09-22T20:55:44.915404,J1,Main Market,157,300,52.3,32.81,LOW
2026-09-22T20:55:44.915404,J2,Railway Square,227,350,64.9,23.57,MEDIUM
2026-09-22T20:55:44.915404,J3,City Center,365,400,91.2,12.08,HIGH
2026-09-22T20:55:44.915404,J4,University Road,148,300,49.3,35.18,LOW
2026-09-22T20:55:44.915404,J5,Hospital Road,199,280,71.1,23.35,MEDIUM
2026-09-22T20:55:44.915404,J6,Airport Road,206,350,58.9,31.55,LOW
2026-09-22T20:55:49.959858,J1,Main Market,162,300,54.0,36.4,LOW
2026-09-22T20:55:49.959858,J2,Railway Square,220,350,62.9,28.92,MEDIUM
2026-09-22T20:55:49.959858,J3,City Center,327,400,81.8,13.43,HIGH
2026-09-22T20:55:49.959858,J4,University Road,146,300,48.7,38.29,LOW
2026-09-22T20:55:49.959858,J5,Hospital Road,187,280,66.8,26.06,MEDIUM
2026-09-22T20:55:49.959858,J6,Airport Road,227,350,64.9,25.91,MEDIUM
2026-09-22T20:55:54.964648,J1,Main Market,181,300,60.3,21.28,MEDIUM
2026-09-22T20:55:54.964648,J2,Railway Square,221,350,63.1,20.12,MEDIUM
2026-09-22T20:55:54.964648,J3,City Center,359,400,89.8,16.58,MEDIUM
2026-09-22T20:55:54.964648,J4,University Road,162,300,54.0,37.74,LOW
2026-09-22T20:55:54.964648,J5,Hospital Road,217,280,77.5,23.59,MEDIUM
2026-09-22T20:55:54.964648,J6,Airport Road,203,350,58.0,37.39,LOW
2026-09-22T20:55:59.969017,J1,Main Market,160,300,53.3,35.05,LOW
2026-09-22T20:55:59.969017,J2,Railway Square,216,350,61.7,20.08,MEDIUM
2026-09-22T20:55:59.969017,J3,City Center,347,400,86.8,12.98,HIGH
2026-09-22T20:55:59.969017,J4,University Road,158,300,52.7,34.71,LOW
2026-09-22T20:55:59.969017,J5,Hospital Road,212,280,75.7,23.52,MEDIUM
2026-09-22T20:55:59.969017,J6,Airport Road,209,350,59.7,31.41,LOW
2026-09-22T20:56:04.975907,J1,Main Market,156,300,52.0,37.83,LOW
2026-09-22T20:56:04.975907,J2,Railway Square,232,350,66.3,28.56,MEDIUM
2026-09-22T20:56:04.975907,J3,City Center,331,400,82.8,15.49,MEDIUM
2026-09-22T20:56:04.975907,J4,University Road,143,300,47.7,33.61,LOW
2026-09-22T20:56:04.975907,J5,Hospital Road,204,280,72.9,22.63,MEDIUM
2026-09-22T20:56:04.975907,J6,Airport Road,215,350,61.4,26.63,MEDIUM
2026-09-22T20:56:09.995378,J1,Main Market,173,300,57.7,30.29,LOW
2026-09-22T20:56:09.995378,J2,Railway Square,243,350,69.4,21.44,MEDIUM
2026-09-22T20:56:09.995378,J3,City Center,355,400,88.8,14.79,HIGH
2026-09-22T20:56:09.995378,J4,University Road,172,300,57.3,30.52,LOW
2026-09-22T20:56:09.995378,J5,Hospital Road,205,280,73.2,23.85,MEDIUM
2026-09-22T20:56:09.995378,J6,Airport Road,226,350,64.6,25.77,MEDIUM
2026-09-22T20:56:15.012292,J1,Main Market,170,300,56.7,36.26,LOW
2026-09-22T20:56:15.012292,J2,Railway Square,215,350,61.4,29.14,MEDIUM
2026-09-22T20:56:15.012292,J3,City Center,337,400,84.2,18.4,MEDIUM
2026-09-22T20:56:15.012292,J4,University Road,148,300,49.3,35.96,LOW
2026-09-22T20:56:15.012292,J5,Hospital Road,213,280,76.1,20.21,MEDIUM
2026-09-22T20:56:15.012292,J6,Airport Road,206,350,58.9,38.23,LOW
2026-09-22T20:56:20.023102,J1,Main Market,180,300,60.0,21.17,MEDIUM
2026-09-22T20:56:20.023102,J2,Railway Square,242,350,69.1,24.81,MEDIUM
2026-09-22T20:56:20.023102,J3,City Center,356,400,89.0,18.64,MEDIUM
2026-09-22T20:56:20.023102,J4,University Road,165,300,55.0,33.89,LOW
2026-09-22T20:56:20.023102,J5,Hospital Road,211,280,75.4,21.92,MEDIUM
2026-09-22T20:56:20.023102,J6,Airport Road,205,350,58.6,33.92,LOW
2026-09-22T20:56:25.027320,J1,Main Market,173,300,57.7,30.84,LOW
2026-09-22T20:56:25.027320,J2,Railway Square,256,350,73.1,28.48,MEDIUM
2026-09-22T20:56:25.027320,J3,City Center,392,400,98.0,17.5,HIGH
2026-09-22T20:56:25.027320,J4,University Road,157,300,52.3,36.87,LOW
2026-09-22T20:56:25.027320,J5,Hospital Road,216,280,77.1,23.42,MEDIUM
2026-09-22T20:56:25.027320,J6,Airport Road,219,350,62.6,20.39,MEDIUM
2026-09-22T20:56:30.031123,J1,Main Market,184,300,61.3,22.59,MEDIUM
2026-09-22T20:56:30.031123,J2,Railway Square,231,350,66.0,26.09,MEDIUM
2026-09-22T20:56:30.031123,J3,City Center,327,400,81.8,12.81,HIGH
2026-09-22T20:56:30.031123,J4,University Road,167,300,55.7,34.13,LOW
2026-09-22T20:56:30.031123,J5,Hospital Road,195,280,69.6,21.11,MEDIUM
2026-09-22T20:56:30.031123,J6,Airport Road,232,350,66.3,23.03,MEDIUM
2026-09-22T20:56:35.110140,J1,Main Market,182,300,60.7,26.2,MEDIUM
2026-09-22T20:56:35.110140,J2,Railway Square,225,350,64.3,27.61,MEDIUM
2026-09-22T20:56:35.110140,J3,City Center,353,400,88.2,12.53,HIGH
2026-09-22T20:56:35.110140,J4,University Road,164,300,54.7,37.45,LOW
2026-09-22T20:56:35.110140,J5,Hospital Road,224,280,80.0,16.98,MEDIUM
2026-09-22T20:56:35.110140,J6,Airport Road,205,350,58.6,32.83,LOW
2026-09-22T20:56:40.288607,J1,Main Market,158,300,52.7,34.09,LOW
2026-09-22T20:56:40.288607,J2,Railway Square,228,350,65.1,22.13,MEDIUM
2026-09-22T20:56:40.288607,J3,City Center,378,400,94.5,20.86,HIGH
2026-09-22T20:56:40.288607,J4,University Road,158,300,52.7,38.35,LOW
2026-09-22T20:56:40.288607,J5,Hospital Road,188,280,67.1,23.3,MEDIUM
2026-09-22T20:56:40.288607,J6,Airport Road,219,350,62.6,23.41,MEDIUM
2026-09-22T20:56:45.297567,J1,Main Market,178,300,59.3,30.89,LOW
2026-09-22T20:56:45.297567,J2,Railway Square,225,350,64.3,23.1,MEDIUM
2026-09-22T20:56:45.297567,J3,City Center,371,400,92.8,13.18,HIGH
2026-09-22T20:56:45.297567,J4,University Road,160,300,53.3,31.41,LOW
2026-09-22T20:56:45.297567,J5,Hospital Road,199,280,71.1,28.59,MEDIUM
2026-09-22T20:56:45.297567,J6,Airport Road,210,350,60.0,24.11,MEDIUM
2026-09-22T20:56:50.320172,J1,Main Market,181,300,60.3,23.2,MEDIUM
2026-09-22T20:56:50.320172,J2,Railway Square,218,350,62.3,23.06,MEDIUM
2026-09-22T20:56:50.320172,J3,City Center,362,400,90.5,14.78,HIGH
2026-09-22T20:56:50.320172,J4,University Road,150,300,50.0,30.01,LOW
2026-09-22T20:56:50.320172,J5,Hospital Road,218,280,77.9,22.05,MEDIUM
2026-09-22T20:56:50.320172,J6,Airport Road,223,350,63.7,22.45,MEDIUM
2026-09-22T20:56:55.339796,J1,Main Market,187,300,62.3,22.39,MEDIUM
2026-09-22T20:56:55.339796,J2,Railway Square,252,350,72.0,25.92,MEDIUM
2026-09-22T20:56:55.339796,J3,City Center,374,400,93.5,16.71,HIGH
2026-09-22T20:56:55.339796,J4,University Road,158,300,52.7,31.84,LOW
2026-09-22T20:56:55.339796,J5,Hospital Road,226,280,80.7,18.5,MEDIUM
2026-09-22T20:56:55.339796,J6,Airport Road,214,350,61.1,25.48,MEDIUM
2026-09-22T20:57:00.348661,J1,Main Market,171,300,57.0,38.47,LOW
2026-09-22T20:57:00.348661,J2,Railway Square,240,350,68.6,21.77,MEDIUM
2026-09-22T20:57:00.348661,J3,City Center,321,400,80.2,17.89,MEDIUM
2026-09-22T20:57:00.348661,J4,University Road,172,300,57.3,34.71,LOW
2026-09-22T20:57:00.348661,J5,Hospital Road,213,280,76.1,28.2,MEDIUM
2026-09-22T20:57:00.348661,J6,Airport Road,218,350,62.3,24.19,MEDIUM
2026-09-22T20:57:05.369893,J1,Main Market,166,300,55.3,39.41,LOW
2026-09-22T20:57:05.369893,J2,Railway Square,236,350,67.4,28.24,MEDIUM
2026-09-22T20:57:05.369893,J3,City Center,359,400,89.8,17.88,MEDIUM
2026-09-22T20:57:05.369893,J4,University Road,144,300,48.0,34.47,LOW
2026-09-22T20:57:05.369893,J5,Hospital Road,219,280,78.2,26.15,MEDIUM
2026-09-22T20:57:05.369893,J6,Airport Road,242,350,69.1,20.99,MEDIUM
2026-09-22T20:57:10.382323,J1,Main Market,170,300,56.7,36.48,LOW
2026-09-22T20:57:10.382323,J2,Railway Square,248,350,70.9,28.44,MEDIUM
2026-09-22T20:57:10.382323,J3,City Center,366,400,91.5,13.15,HIGH
2026-09-22T20:57:10.382323,J4,University Road,149,300,49.7,38.17,LOW
2026-09-22T20:57:10.382323,J5,Hospital Road,210,280,75.0,22.27,MEDIUM
2026-09-22T20:57:10.382323,J6,Airport Road,215,350,61.4,27.65,MEDIUM
2026-09-22T20:57:15.396395,J1,Main Market,161,300,53.7,33.28,LOW
2026-09-22T20:57:15.396395,J2,Railway Square,220,350,62.9,20.53,MEDIUM
2026-09-22T20:57:15.396395,J3,City Center,367,400,91.8,21.35,HIGH
2026-09-22T20:57:15.396395,J4,University Road,169,300,56.3,30.49,LOW
2026-09-22T20:57:15.396395,J5,Hospital Road,220,280,78.6,23.18,MEDIUM
2026-09-22T20:57:15.396395,J6,Airport Road,218,350,62.3,21.02,MEDIUM
2026-09-22T20:57:20.495468,J1,Main Market,174,300,58.0,35.18,LOW
2026-09-22T20:57:20.495468,J2,Railway Square,246,350,70.3,26.45,MEDIUM
2026-09-22T20:57:20.495468,J3,City Center,385,400,96.2,18.87,HIGH
2026-09-22T20:57:20.495468,J4,University Road,153,300,51.0,34.99,LOW
2026-09-22T20:57:20.495468,J5,Hospital Road,203,280,72.5,26.6,MEDIUM
2026-09-22T20:57:20.495468,J6,Airport Road,241,350,68.9,26.53,MEDIUM
2026-09-22T20:57:25.515204,J1,Main Market,163,300,54.3,37.92,LOW
2026-09-22T20:57:25.515204,J2,Railway Square,218,350,62.3,21.89,MEDIUM
2026-09-22T20:57:25.515204,J3,City Center,377,400,94.2,14.6,HIGH
2026-09-22T20:57:25.515204,J4,University Road,160,300,53.3,39.66,LOW
2026-09-22T20:57:25.515204,J5,Hospital Road,193,280,68.9,25.61,MEDIUM
2026-09-22T20:57:25.515204,J6,Airport Road,237,350,67.7,24.5,MEDIUM
2026-09-22T20:57:30.557213,J1,Main Market,188,300,62.7,27.7,MEDIUM
2026-09-22T20:57:30.557213,J2,Railway Square,249,350,71.1,28.0,MEDIUM
2026-09-22T20:57:30.557213,J3,City Center,351,400,87.8,18.76,MEDIUM
2026-09-22T20:57:30.557213,J4,University Road,168,300,56.0,33.71,LOW
2026-09-22T20:57:30.557213,J5,Hospital Road,199,280,71.1,22.13,MEDIUM
2026-09-22T20:57:30.557213,J6,Airport Road,229,350,65.4,27.67,MEDIUM
2026-09-22T20:57:35.821101,J1,Main Market,176,300,58.7,36.47,LOW
2026-09-22T20:57:35.821101,J2,Railway Square,220,350,62.9,23.12,MEDIUM
2026-09-22T20:57:35.821101,J3,City Center,389,400,97.2,13.13,HIGH
2026-09-22T20:57:35.821101,J4,University Road,167,300,55.7,32.06,LOW
2026-09-22T20:57:35.821101,J5,Hospital Road,192,280,68.6,20.5,MEDIUM
2026-09-22T20:57:35.821101,J6,Airport Road,202,350,57.7,30.22,LOW
2026-09-22T20:57:40.830212,J1,Main Market,177,300,59.0,30.56,LOW
2026-09-22T20:57:40.830212,J2,Railway Square,246,350,70.3,23.78,MEDIUM
2026-09-22T20:57:40.830212,J3,City Center,372,400,93.0,20.98,HIGH
2026-09-22T20:57:40.830212,J4,University Road,146,300,48.7,39.65,LOW
2026-09-22T20:57:40.830212,J5,Hospital Road,216,280,77.1,22.62,MEDIUM
2026-09-22T20:57:40.830212,J6,Airport Road,208,350,59.4,39.1,LOW
2026-09-22T20:57:45.847309,J1,Main Market,176,300,58.7,31.12,LOW
2026-09-22T20:57:45.847309,J2,Railway Square,241,350,68.9,26.93,MEDIUM
2026-09-22T20:57:45.847309,J3,City Center,346,400,86.5,19.65,MEDIUM
2026-09-22T20:57:45.847309,J4,University Road,153,300,51.0,31.26,LOW
2026-09-22T20:57:45.847309,J5,Hospital Road,199,280,71.1,24.42,MEDIUM
2026-09-22T20:57:45.847309,J6,Airport Road,201,350,57.4,39.09,LOW
2026-09-22T20:57:50.854690,J1,Main Market,181,300,60.3,21.85,MEDIUM
2026-09-22T20:57:50.854690,J2,Railway Square,232,350,66.3,23.97,MEDIUM
2026-09-22T20:57:50.854690,J3,City Center,338,400,84.5,18.86,MEDIUM
2026-09-22T20:57:50.854690,J4,University Road,151,300,50.3,35.98,LOW
2026-09-22T20:57:50.854690,J5,Hospital Road,200,280,71.4,24.52,MEDIUM
2026-09-22T20:57:50.854690,J6,Airport Road,203,350,58.0,38.3,LOW
2026-09-22T20:57:55.882114,J1,Main Market,184,300,61.3,22.1,MEDIUM
2026-09-22T20:57:55.882114,J2,Railway Square,232,350,66.3,22.94,MEDIUM
2026-09-22T20:57:55.882114,J3,City Center,384,400,96.0,14.42,HIGH
2026-09-22T20:57:55.882114,J4,University Road,149,300,49.7,38.65,LOW
2026-09-22T20:57:55.882114,J5,Hospital Road,215,280,76.8,20.75,MEDIUM
2026-09-22T20:57:55.882114,J6,Airport Road,222,350,63.4,28.65,MEDIUM
2026-09-22T20:58:00.907728,J1,Main Market,174,300,58.0,33.55,LOW
2026-09-22T20:58:00.907728,J2,Railway Square,247,350,70.6,22.86,MEDIUM
2026-09-22T20:58:00.907728,J3,City Center,387,400,96.8,15.17,HIGH
2026-09-22T20:58:00.907728,J4,University Road,146,300,48.7,38.35,LOW
2026-09-22T20:58:00.907728,J5,Hospital Road,205,280,73.2,20.2,MEDIUM
2026-09-22T20:58:00.907728,J6,Airport Road,202,350,57.7,30.56,LOW
2026-09-22T20:58:05.930447,J1,Main Market,176,300,58.7,30.75,LOW
2026-09-22T20:58:05.930447,J2,Railway Square,249,350,71.1,29.14,MEDIUM
2026-09-22T20:58:05.930447,J3,City Center,339,400,84.8,14.58,HIGH
2026-09-22T20:58:05.930447,J4,University Road,169,300,56.3,37.95,LOW
2026-09-22T20:58:05.930447,J5,Hospital Road,206,280,73.6,23.71,MEDIUM
2026-09-22T20:58:05.930447,J6,Airport Road,229,350,65.4,22.83,MEDIUM
2026-09-22T20:58:10.957987,J1,Main Market,158,300,52.7,38.82,LOW
2026-09-22T20:58:10.957987,J2,Railway Square,221,350,63.1,29.55,MEDIUM
2026-09-22T20:58:10.957987,J3,City Center,374,400,93.5,15.91,HIGH
2026-09-22T20:58:10.957987,J4,University Road,161,300,53.7,39.11,LOW
2026-09-22T20:58:10.957987,J5,Hospital Road,194,280,69.3,24.37,MEDIUM
2026-09-22T20:58:10.957987,J6,Airport Road,237,350,67.7,29.09,MEDIUM
2026-09-22T20:58:15.969071,J1,Main Market,169,300,56.3,37.13,LOW
2026-09-22T20:58:15.969071,J2,Railway Square,244,350,69.7,26.64,MEDIUM
2026-09-22T20:58:15.969071,J3,City Center,325,400,81.2,15.99,MEDIUM
2026-09-22T20:58:15.969071,J4,University Road,144,300,48.0,31.04,LOW
2026-09-22T20:58:15.969071,J5,Hospital Road,211,280,75.4,22.58,MEDIUM
2026-09-22T20:58:15.969071,J6,Airport Road,205,350,58.6,31.63,LOW
2026-09-22T20:58:20.986196,J1,Main Market,169,300,56.3,36.84,LOW
2026-09-22T20:58:20.986196,J2,Railway Square,234,350,66.9,20.71,MEDIUM
2026-09-22T20:58:20.986196,J3,City Center,334,400,83.5,16.2,MEDIUM
2026-09-22T20:58:20.986196,J4,University Road,170,300,56.7,37.79,LOW
2026-09-22T20:58:20.986196,J5,Hospital Road,198,280,70.7,25.24,MEDIUM
2026-09-22T20:58:20.986196,J6,Airport Road,205,350,58.6,35.0,LOW
2026-09-22T20:58:26.007240,J1,Main Market,158,300,52.7,30.22,LOW
2026-09-22T20:58:26.007240,J2,Railway Square,228,350,65.1,26.53,MEDIUM
2026-09-22T20:58:26.007240,J3,City Center,391,400,97.8,19.49,HIGH
2026-09-22T20:58:26.007240,J4,University Road,161,300,53.7,32.53,LOW
2026-09-22T20:58:26.007240,J5,Hospital Road,197,280,70.4,27.9,MEDIUM
2026-09-22T20:58:26.007240,J6,Airport Road,234,350,66.9,29.58,MEDIUM
2026-09-22T20:58:31.012725,J1,Main Market,189,300,63.0,20.47,MEDIUM
2026-09-22T20:58:31.012725,J2,Railway Square,218,350,62.3,26.49,MEDIUM
2026-09-22T20:58:31.012725,J3,City Center,369,400,92.2,21.55,HIGH
2026-09-22T20:58:31.012725,J4,University Road,153,300,51.0,32.3,LOW
2026-09-22T20:58:31.012725,J5,Hospital Road,195,280,69.6,28.86,MEDIUM
2026-09-22T20:58:31.012725,J6,Airport Road,205,350,58.6,39.87,LOW
2026-09-22T20:58:36.038844,J1,Main Market,173,300,57.7,39.79,LOW
2026-09-22T20:58:36.038844,J2,Railway Square,253,350,72.3,20.66,MEDIUM
2026-09-22T20:58:36.038844,J3,City Center,378,400,94.5,20.86,HIGH
2026-09-22T20:58:36.038844,J4,University Road,165,300,55.0,33.16,LOW
2026-09-22T20:58:36.038844,J5,Hospital Road,193,280,68.9,26.24,MEDIUM
2026-09-22T20:58:36.038844,J6,Airport Road,201,350,57.4,34.81,LOW
2026-09-22T20:58:41.056532,J1,Main Market,165,300,55.0,33.46,LOW
2026-09-22T20:58:41.056532,J2,Railway Square,253,350,72.3,25.6,MEDIUM
2026-09-22T20:58:41.056532,J3,City Center,326,400,81.5,17.27,MEDIUM
2026-09-22T20:58:41.056532,J4,University Road,141,300,47.0,37.79,LOW
2026-09-22T20:58:41.056532,J5,Hospital Road,226,280,80.7,13.01,HIGH
2026-09-22T20:58:41.056532,J6,Airport Road,207,350,59.1,36.82,LOW
2026-09-22T20:58:46.087367,J1,Main Market,170,300,56.7,34.28,LOW
2026-09-22T20:58:46.087367,J2,Railway Square,237,350,67.7,27.27,MEDIUM
2026-09-22T20:58:46.087367,J3,City Center,340,400,85.0,12.87,HIGH
2026-09-22T20:58:46.087367,J4,University Road,154,300,51.3,39.56,LOW
2026-09-22T20:58:46.087367,J5,Hospital Road,223,280,79.6,29.22,MEDIUM
2026-09-22T20:58:46.087367,J6,Airport Road,201,350,57.4,37.51,LOW
2026-09-22T20:58:51.100309,J1,Main Market,164,300,54.7,30.4,LOW
2026-09-22T20:58:51.100309,J2,Railway Square,262,350,74.9,29.04,MEDIUM
2026-09-22T20:58:51.100309,J3,City Center,377,400,94.2,17.87,HIGH
2026-09-22T20:58:51.100309,J4,University Road,170,300,56.7,31.44,LOW
2026-09-22T20:58:51.100309,J5,Hospital Road,203,280,72.5,24.09,MEDIUM
2026-09-22T20:58:51.100309,J6,Airport Road,222,350,63.4,27.91,MEDIUM
2026-09-22T20:58:56.146170,J1,Main Market,186,300,62.0,20.02,MEDIUM
2026-09-22T20:58:56.146170,J2,Railway Square,245,350,70.0,24.0,MEDIUM
2026-09-22T20:58:56.146170,J3,City Center,387,400,96.8,17.9,HIGH
2026-09-22T20:58:56.146170,J4,University Road,147,300,49.0,37.25,LOW
2026-09-22T20:58:56.146170,J5,Hospital Road,191,280,68.2,20.54,MEDIUM
2026-09-22T20:58:56.146170,J6,Airport Road,207,350,59.1,38.3,LOW
2026-09-22T20:59:01.171760,J1,Main Market,180,300,60.0,23.67,MEDIUM
2026-09-22T20:59:01.171760,J2,Railway Square,261,350,74.6,25.03,MEDIUM
2026-09-22T20:59:01.171760,J3,City Center,332,400,83.0,19.58,MEDIUM
2026-09-22T20:59:01.171760,J4,University Road,162,300,54.0,36.93,LOW
2026-09-22T20:59:01.171760,J5,Hospital Road,225,280,80.4,13.65,HIGH
2026-09-22T20:59:01.171760,J6,Airport Road,232,350,66.3,24.46,MEDIUM
2026-09-22T20:59:06.189972,J1,Main Market,156,300,52.0,30.89,LOW
2026-09-22T20:59:06.189972,J2,Railway Square,238,350,68.0,23.31,MEDIUM
2026-09-22T20:59:06.189972,J3,City Center,345,400,86.2,21.63,MEDIUM
2026-09-22T20:59:06.189972,J4,University Road,160,300,53.3,35.04,LOW
2026-09-22T20:59:06.189972,J5,Hospital Road,214,280,76.4,29.53,MEDIUM
2026-09-22T20:59:06.189972,J6,Airport Road,238,350,68.0,29.56,MEDIUM
2026-09-22T20:59:11.197680,J1,Main Market,158,300,52.7,30.59,LOW
2026-09-22T20:59:11.197680,J2,Railway Square,260,350,74.3,27.73,MEDIUM
2026-09-22T20:59:11.197680,J3,City Center,362,400,90.5,13.62,HIGH
2026-09-22T20:59:11.197680,J4,University Road,157,300,52.3,37.42,LOW
2026-09-22T20:59:11.197680,J5,Hospital Road,203,280,72.5,27.61,MEDIUM
2026-09-22T20:59:11.197680,J6,Airport Road,212,350,60.6,20.71,MEDIUM
2026-09-22T20:59:16.226257,J1,Main Market,162,300,54.0,38.63,LOW
2026-09-22T20:59:16.226257,J2,Railway Square,261,350,74.6,26.13,MEDIUM
2026-09-22T20:59:16.226257,J3,City Center,356,400,89.0,20.98,MEDIUM
2026-09-22T20:59:16.226257,J4,University Road,150,300,50.0,38.84,LOW
2026-09-22T20:59:16.226257,J5,Hospital Road,187,280,66.8,29.36,MEDIUM
2026-09-22T20:59:16.226257,J6,Airport Road,225,350,64.3,27.56,MEDIUM
2026-09-22T20:59:21.233455,J1,Main Market,170,300,56.7,32.36,LOW
2026-09-22T20:59:21.233455,J2,Railway Square,224,350,64.0,20.61,MEDIUM
2026-09-22T20:59:21.233455,J3,City Center,348,400,87.0,16.06,MEDIUM
2026-09-22T20:59:21.233455,J4,University Road,161,300,53.7,30.18,LOW
2026-09-22T20:59:21.233455,J5,Hospital Road,224,280,80.0,20.69,MEDIUM
2026-09-22T20:59:21.233455,J6,Airport Road,199,350,56.9,30.72,LOW
2026-09-22T20:59:26.250763,J1,Main Market,161,300,53.7,38.36,LOW
2026-09-22T20:59:26.250763,J2,Railway Square,239,350,68.3,25.3,MEDIUM
2026-09-22T20:59:26.250763,J3,City Center,329,400,82.2,14.73,HIGH
2026-09-22T20:59:26.250763,J4,University Road,170,300,56.7,34.46,LOW
2026-09-22T20:59:26.250763,J5,Hospital Road,206,280,73.6,22.1,MEDIUM
2026-09-22T20:59:26.250763,J6,Airport Road,225,350,64.3,23.97,MEDIUM
2026-09-22T20:59:31.268327,J1,Main Market,167,300,55.7,37.11,LOW
2026-09-22T20:59:31.268327,J2,Railway Square,242,350,69.1,28.8,MEDIUM
2026-09-22T20:59:31.268327,J3,City Center,357,400,89.2,19.94,MEDIUM
2026-09-22T20:59:31.268327,J4,University Road,158,300,52.7,33.1,LOW
2026-09-22T20:59:31.268327,J5,Hospital Road,192,280,68.6,27.48,MEDIUM
2026-09-22T20:59:31.268327,J6,Airport Road,229,350,65.4,23.1,MEDIUM
2026-09-22T20:59:36.276352,J1,Main Market,161,300,53.7,37.44,LOW
2026-09-22T20:59:36.276352,J2,Railway Square,222,350,63.4,22.28,MEDIUM
2026-09-22T20:59:36.276352,J3,City Center,374,400,93.5,21.84,HIGH
2026-09-22T20:59:36.276352,J4,University Road,155,300,51.7,33.07,LOW
2026-09-22T20:59:36.276352,J5,Hospital Road,217,280,77.5,21.04,MEDIUM
2026-09-22T20:59:36.276352,J6,Airport Road,221,350,63.1,26.35,MEDIUM
2026-09-22T20:59:41.286669,J1,Main Market,167,300,55.7,32.68,LOW
2026-09-22T20:59:41.286669,J2,Railway Square,223,350,63.7,21.89,MEDIUM
2026-09-22T20:59:41.286669,J3,City Center,327,400,81.8,12.08,HIGH
2026-09-22T20:59:41.286669,J4,University Road,150,300,50.0,39.39,LOW
2026-09-22T20:59:41.286669,J5,Hospital Road,198,280,70.7,20.99,MEDIUM
2026-09-22T20:59:41.286669,J6,Airport Road,226,350,64.6,24.93,MEDIUM
2026-09-22T20:59:46.294319,J1,Main Market,188,300,62.7,21.15,MEDIUM
2026-09-22T20:59:46.294319,J2,Railway Square,256,350,73.1,25.96,MEDIUM
2026-09-22T20:59:46.294319,J3,City Center,341,400,85.2,17.28,MEDIUM
2026-09-22T20:59:46.294319,J4,University Road,155,300,51.7,35.37,LOW
2026-09-22T20:59:46.294319,J5,Hospital Road,199,280,71.1,26.52,MEDIUM
2026-09-22T20:59:46.294319,J6,Airport Road,240,350,68.6,23.63,MEDIUM
2026-09-22T20:59:51.300024,J1,Main Market,161,300,53.7,37.36,LOW
2026-09-22T20:59:51.300024,J2,Railway Square,251,350,71.7,20.91,MEDIUM
2026-09-22T20:59:51.300024,J3,City Center,348,400,87.0,20.0,MEDIUM
2026-09-22T20:59:51.300024,J4,University Road,169,300,56.3,36.72,LOW
2026-09-22T20:59:51.300024,J5,Hospital Road,206,280,73.6,24.74,MEDIUM
2026-09-22T20:59:51.300024,J6,Airport Road,230,350,65.7,29.49,MEDIUM
2026-09-22T20:59:56.317302,J1,Main Market,186,300,62.0,24.86,MEDIUM
2026-09-22T20:59:56.317302,J2,Railway Square,259,350,74.0,20.99,MEDIUM
2026-09-22T20:59:56.317302,J3,City Center,328,400,82.0,21.35,MEDIUM
2026-09-22T20:59:56.317302,J4,University Road,164,300,54.7,31.32,LOW
2026-09-22T20:59:56.317302,J5,Hospital Road,196,280,70.0,25.15,MEDIUM
2026-09-22T20:59:56.317302,J6,Airport Road,210,350,60.0,24.35,MEDIUM
2026-09-22T21:00:01.327004,J1,Main Market,163,300,54.3,36.86,LOW
2026-09-22T21:00:01.327004,J2,Railway Square,259,350,74.0,29.9,MEDIUM
2026-09-22T21:00:01.327004,J3,City Center,376,400,94.0,17.21,HIGH
2026-09-22T21:00:01.327004,J4,University Road,171,300,57.0,36.39,LOW
2026-09-22T21:00:01.327004,J5,Hospital Road,188,280,67.1,24.82,MEDIUM
2026-09-22T21:00:01.327004,J6,Airport Road,236,350,67.4,20.83,MEDIUM
2026-09-22T21:00:06.332046,J1,Main Market,185,300,61.7,25.88,MEDIUM
2026-09-22T21:00:06.332046,J2,Railway Square,236,350,67.4,28.53,MEDIUM
2026-09-22T21:00:06.332046,J3,City Center,350,400,87.5,17.52,MEDIUM
2026-09-22T21:00:06.332046,J4,University Road,151,300,50.3,31.03,LOW
2026-09-22T21:00:06.332046,J5,Hospital Road,186,280,66.4,22.37,MEDIUM
2026-09-22T21:00:06.332046,J6,Airport Road,202,350,57.7,35.01,LOW
2026-09-22T21:00:11.342478,J1,Main Market,185,300,61.7,27.68,MEDIUM
2026-09-22T21:00:11.342478,J2,Railway Square,256,350,73.1,25.74,MEDIUM
2026-09-22T21:00:11.342478,J3,City Center,352,400,88.0,16.21,MEDIUM
2026-09-22T21:00:11.342478,J4,University Road,170,300,56.7,37.77,LOW
2026-09-22T21:00:11.342478,J5,Hospital Road,187,280,66.8,28.28,MEDIUM
2026-09-22T21:00:11.342478,J6,Airport Road,214,350,61.1,26.58,MEDIUM
2026-09-22T21:00:16.351703,J1,Main Market,185,300,61.7,21.36,MEDIUM
2026-09-22T21:00:16.351703,J2,Railway Square,248,350,70.9,25.38,MEDIUM
2026-09-22T21:00:16.351703,J3,City Center,356,400,89.0,21.37,MEDIUM
2026-09-22T21:00:16.351703,J4,University Road,152,300,50.7,39.07,LOW
2026-09-22T21:00:16.351703,J5,Hospital Road,196,280,70.0,29.64,MEDIUM
2026-09-22T21:00:16.351703,J6,Airport Road,216,350,61.7,23.88,MEDIUM
2026-09-22T21:00:21.361729,J1,Main Market,167,300,55.7,39.04,LOW
2026-09-22T21:00:21.361729,J2,Railway Square,219,350,62.6,22.94,MEDIUM
2026-09-22T21:00:21.361729,J3,City Center,338,400,84.5,17.4,MEDIUM
2026-09-22T21:00:21.361729,J4,University Road,158,300,52.7,34.33,LOW
2026-09-22T21:00:21.361729,J5,Hospital Road,202,280,72.1,21.13,MEDIUM
2026-09-22T21:00:21.361729,J6,Airport Road,219,350,62.6,20.05,MEDIUM
2026-09-22T21:00:26.373364,J1,Main Market,180,300,60.0,28.67,MEDIUM
2026-09-22T21:00:26.373364,J2,Railway Square,243,350,69.4,22.26,MEDIUM
2026-09-22T21:00:26.373364,J3,City Center,384,400,96.0,21.47,HIGH
2026-09-22T21:00:26.373364,J4,University Road,145,300,48.3,33.4,LOW
2026-09-22T21:00:26.373364,J5,Hospital Road,207,280,73.9,20.1,MEDIUM
2026-09-22T21:00:26.373364,J6,Airport Road,205,350,58.6,31.81,LOW
2026-09-22T21:00:31.382563,J1,Main Market,182,300,60.7,23.61,MEDIUM
2026-09-22T21:00:31.382563,J2,Railway Square,250,350,71.4,22.93,MEDIUM
2026-09-22T21:00:31.382563,J3,City Center,335,400,83.8,13.35,HIGH
2026-09-22T21:00:31.382563,J4,University Road,161,300,53.7,35.49,LOW
2026-09-22T21:00:31.382563,J5,Hospital Road,199,280,71.1,23.9,MEDIUM
2026-09-22T21:00:31.382563,J6,Airport Road,221,350,63.1,29.69,MEDIUM
2026-09-22T21:00:36.392181,J1,Main Market,174,300,58.0,31.42,LOW
2026-09-22T21:00:36.392181,J2,Railway Square,260,350,74.3,23.02,MEDIUM
2026-09-22T21:00:36.392181,J3,City Center,377,400,94.2,12.94,HIGH
2026-09-22T21:00:36.392181,J4,University Road,167,300,55.7,38.97,LOW
2026-09-22T21:00:36.392181,J5,Hospital Road,216,280,77.1,25.69,MEDIUM
2026-09-22T21:00:36.392181,J6,Airport Road,225,350,64.3,26.31,MEDIUM
2026-09-22T21:00:41.400584,J1,Main Market,182,300,60.7,23.58,MEDIUM
2026-09-22T21:00:41.400584,J2,Railway Square,260,350,74.3,27.1,MEDIUM
2026-09-22T21:00:41.400584,J3,City Center,378,400,94.5,16.39,HIGH
2026-09-22T21:00:41.400584,J4,University Road,158,300,52.7,35.05,LOW
2026-09-22T21:00:41.400584,J5,Hospital Road,216,280,77.1,28.52,MEDIUM
2026-09-22T21:00:41.400584,J6,Airport Road,238,350,68.0,24.79,MEDIUM
2026-09-22T21:00:46.413722,J1,Main Market,174,300,58.0,32.49,LOW
2026-09-22T21:00:46.413722,J2,Railway Square,240,350,68.6,29.9,MEDIUM
2026-09-22T21:00:46.413722,J3,City Center,368,400,92.0,15.7,HIGH
2026-09-22T21:00:46.413722,J4,University Road,150,300,50.0,36.64,LOW
2026-09-22T21:00:46.413722,J5,Hospital Road,202,280,72.1,26.49,MEDIUM
2026-09-22T21:00:46.413722,J6,Airport Road,232,350,66.3,22.54,MEDIUM
2026-09-22T21:00:51.424750,J1,Main Market,163,300,54.3,31.4,LOW
2026-09-22T21:00:51.424750,J2,Railway Square,262,350,74.9,27.51,MEDIUM
2026-09-22T21:00:51.424750,J3,City Center,369,400,92.2,15.79,HIGH
2026-09-22T21:00:51.424750,J4,University Road,158,300,52.7,38.47,LOW
2026-09-22T21:00:51.424750,J5,Hospital Road,224,280,80.0,20.88,MEDIUM
2026-09-22T21:00:51.424750,J6,Airport Road,226,350,64.6,27.01,MEDIUM
2026-09-22T21:00:56.445542,J1,Main Market,181,300,60.3,29.59,MEDIUM
2026-09-22T21:00:56.445542,J2,Railway Square,257,350,73.4,27.78,MEDIUM
2026-09-22T21:00:56.445542,J3,City Center,355,400,88.8,14.27,HIGH
2026-09-22T21:00:56.445542,J4,University Road,169,300,56.3,39.19,LOW
2026-09-22T21:00:56.445542,J5,Hospital Road,189,280,67.5,26.39,MEDIUM
2026-09-22T21:00:56.445542,J6,Airport Road,229,350,65.4,20.18,MEDIUM
2026-09-22T21:01:01.459828,J1,Main Market,184,300,61.3,21.51,MEDIUM
2026-09-22T21:01:01.459828,J2,Railway Square,262,350,74.9,20.8,MEDIUM
2026-09-22T21:01:01.459828,J3,City Center,329,400,82.2,12.89,HIGH
2026-09-22T21:01:01.459828,J4,University Road,169,300,56.3,33.61,LOW
2026-09-22T21:01:01.459828,J5,Hospital Road,194,280,69.3,20.38,MEDIUM
2026-09-22T21:01:01.459828,J6,Airport Road,199,350,56.9,33.11,LOW
2026-09-22T21:01:06.474525,J1,Main Market,159,300,53.0,32.17,LOW
2026-09-22T21:01:06.474525,J2,Railway Square,240,350,68.6,23.68,MEDIUM
2026-09-22T21:01:06.474525,J3,City Center,387,400,96.8,20.48,HIGH
2026-09-22T21:01:06.474525,J4,University Road,163,300,54.3,32.23,LOW
2026-09-22T21:01:06.474525,J5,Hospital Road,218,280,77.9,25.39,MEDIUM
2026-09-22T21:01:06.474525,J6,Airport Road,224,350,64.0,27.55,MEDIUM
2026-09-22T21:01:11.480797,J1,Main Market,158,300,52.7,30.8,LOW
2026-09-22T21:01:11.480797,J2,Railway Square,243,350,69.4,21.16,MEDIUM
2026-09-22T21:01:11.480797,J3,City Center,373,400,93.2,15.94,HIGH
2026-09-22T21:01:11.480797,J4,University Road,154,300,51.3,33.55,LOW
2026-09-22T21:01:11.480797,J5,Hospital Road,207,280,73.9,20.12,MEDIUM
2026-09-22T21:01:11.480797,J6,Airport Road,219,350,62.6,25.21,MEDIUM
2026-09-22T21:01:16.489792,J1,Main Market,162,300,54.0,36.03,LOW
2026-09-22T21:01:16.489792,J2,Railway Square,243,350,69.4,21.03,MEDIUM
2026-09-22T21:01:16.489792,J3,City Center,346,400,86.5,15.32,MEDIUM
2026-09-22T21:01:16.489792,J4,University Road,148,300,49.3,31.95,LOW
2026-09-22T21:01:16.489792,J5,Hospital Road,207,280,73.9,27.16,MEDIUM
2026-09-22T21:01:16.489792,J6,Airport Road,230,350,65.7,27.11,MEDIUM
2026-09-22T21:01:21.500962,J1,Main Market,177,300,59.0,35.96,LOW
2026-09-22T21:01:21.500962,J2,Railway Square,249,350,71.1,26.21,MEDIUM
2026-09-22T21:01:21.500962,J3,City Center,335,400,83.8,16.2,MEDIUM
2026-09-22T21:01:21.500962,J4,University Road,166,300,55.3,33.85,LOW
2026-09-22T21:01:21.500962,J5,Hospital Road,218,280,77.9,27.72,MEDIUM
2026-09-22T21:01:21.500962,J6,Airport Road,207,350,59.1,34.73,LOW
2026-09-22T21:01:26.512083,J1,Main Market,180,300,60.0,29.93,MEDIUM
2026-09-22T21:01:26.512083,J2,Railway Square,259,350,74.0,28.76,MEDIUM
2026-09-22T21:01:26.512083,J3,City Center,384,400,96.0,21.76,HIGH
2026-09-22T21:01:26.512083,J4,University Road,157,300,52.3,36.72,LOW
2026-09-22T21:01:26.512083,J5,Hospital Road,223,280,79.6,28.02,MEDIUM
2026-09-22T21:01:26.512083,J6,Airport Road,231,350,66.0,21.45,MEDIUM
2026-09-22T21:01:31.517434,J1,Main Market,166,300,55.3,30.05,LOW
2026-09-22T21:01:31.517434,J2,Railway Square,216,350,61.7,24.39,MEDIUM
2026-09-22T21:01:31.517434,J3,City Center,332,400,83.0,13.12,HIGH
2026-09-22T21:01:31.517434,J4,University Road,159,300,53.0,34.61,LOW
2026-09-22T21:01:31.517434,J5,Hospital Road,202,280,72.1,29.92,MEDIUM
2026-09-22T21:01:31.517434,J6,Airport Road,241,350,68.9,24.29,MEDIUM
2026-09-22T21:01:36.527921,J1,Main Market,166,300,55.3,30.12,LOW
2026-09-22T21:01:36.527921,J2,Railway Square,223,350,63.7,25.37,MEDIUM
2026-09-22T21:01:36.527921,J3,City Center,341,400,85.2,21.09,MEDIUM
2026-09-22T21:01:36.527921,J4,University Road,164,300,54.7,34.25,LOW
2026-09-22T21:01:36.527921,J5,Hospital Road,191,280,68.2,29.91,MEDIUM
2026-09-22T21:01:36.527921,J6,Airport Road,237,350,67.7,29.06,MEDIUM
2026-09-22T21:01:41.539293,J1,Main Market,183,300,61.0,29.31,MEDIUM
2026-09-22T21:01:41.539293,J2,Railway Square,247,350,70.6,28.4,MEDIUM
2026-09-22T21:01:41.539293,J3,City Center,380,400,95.0,16.87,HIGH
2026-09-22T21:01:41.539293,J4,University Road,146,300,48.7,30.53,LOW
2026-09-22T21:01:41.539293,J5,Hospital Road,214,280,76.4,23.41,MEDIUM
2026-09-22T21:01:41.539293,J6,Airport Road,203,350,58.0,38.56,LOW
2026-09-22T21:01:46.549233,J1,Main Market,160,300,53.3,36.83,LOW
2026-09-22T21:01:46.549233,J2,Railway Square,250,350,71.4,27.36,MEDIUM
2026-09-22T21:01:46.549233,J3,City Center,361,400,90.2,15.91,HIGH
2026-09-22T21:01:46.549233,J4,University Road,172,300,57.3,33.33,LOW
2026-09-22T21:01:46.549233,J5,Hospital Road,214,280,76.4,21.86,MEDIUM
2026-09-22T21:01:46.549233,J6,Airport Road,211,350,60.3,24.57,MEDIUM
2026-09-22T21:01:51.568523,J1,Main Market,165,300,55.0,38.46,LOW
2026-09-22T21:01:51.568523,J2,Railway Square,239,350,68.3,28.23,MEDIUM
2026-09-22T21:01:51.568523,J3,City Center,323,400,80.8,16.88,MEDIUM
2026-09-22T21:01:51.568523,J4,University Road,170,300,56.7,39.57,LOW
2026-09-22T21:01:51.568523,J5,Hospital Road,198,280,70.7,24.82,MEDIUM
2026-09-22T21:01:51.568523,J6,Airport Road,204,350,58.3,34.42,LOW
2026-09-22T21:01:56.579147,J1,Main Market,184,300,61.3,26.78,MEDIUM
2026-09-22T21:01:56.579147,J2,Railway Square,224,350,64.0,29.66,MEDIUM
2026-09-22T21:01:56.579147,J3,City Center,391,400,97.8,20.81,HIGH
2026-09-22T21:01:56.579147,J4,University Road,146,300,48.7,39.23,LOW
2026-09-22T21:01:56.579147,J5,Hospital Road,191,280,68.2,22.6,MEDIUM
2026-09-22T21:01:56.579147,J6,Airport Road,210,350,60.0,24.72,MEDIUM
2026-09-22T21:02:01.590267,J1,Main Market,172,300,57.3,37.23,LOW
2026-09-22T21:02:01.590267,J2,Railway Square,240,350,68.6,29.48,MEDIUM
2026-09-22T21:02:01.590267,J3,City Center,367,400,91.8,18.07,HIGH
2026-09-22T21:02:01.590267,J4,University Road,170,300,56.7,36.31,LOW
2026-09-22T21:02:01.590267,J5,Hospital Road,199,280,71.1,26.05,MEDIUM
2026-09-22T21:02:01.590267,J6,Airport Road,219,350,62.6,25.42,MEDIUM
2026-09-22T21:02:06.600626,J1,Main Market,169,300,56.3,30.22,LOW
2026-09-22T21:02:06.600626,J2,Railway Square,221,350,63.1,25.21,MEDIUM
2026-09-22T21:02:06.600626,J3,City Center,336,400,84.0,20.72,MEDIUM
2026-09-22T21:02:06.600626,J4,University Road,166,300,55.3,30.39,LOW
2026-09-22T21:02:06.600626,J5,Hospital Road,193,280,68.9,20.04,MEDIUM
2026-09-22T21:02:06.600626,J6,Airport Road,209,350,59.7,33.75,LOW
2026-09-22T21:02:11.607184,J1,Main Market,165,300,55.0,30.51,LOW
2026-09-22T21:02:11.607184,J2,Railway Square,255,350,72.9,24.38,MEDIUM
2026-09-22T21:02:11.607184,J3,City Center,375,400,93.8,17.19,HIGH
2026-09-22T21:02:11.607184,J4,University Road,160,300,53.3,37.15,LOW
2026-09-22T21:02:11.607184,J5,Hospital Road,219,280,78.2,21.66,MEDIUM
2026-09-22T21:02:11.607184,J6,Airport Road,202,350,57.7,39.67,LOW
2026-09-22T21:02:16.618968,J1,Main Market,161,300,53.7,30.88,LOW
2026-09-22T21:02:16.618968,J2,Railway Square,217,350,62.0,22.47,MEDIUM
2026-09-22T21:02:16.618968,J3,City Center,325,400,81.2,20.7,MEDIUM
2026-09-22T21:02:16.618968,J4,University Road,144,300,48.0,36.44,LOW
2026-09-22T21:02:16.618968,J5,Hospital Road,223,280,79.6,21.4,MEDIUM
2026-09-22T21:02:16.618968,J6,Airport Road,229,350,65.4,25.53,MEDIUM
2026-09-22T21:02:21.629534,J1,Main Market,168,300,56.0,38.94,LOW
2026-09-22T21:02:21.629534,J2,Railway Square,251,350,71.7,29.94,MEDIUM
2026-09-22T21:02:21.629534,J3,City Center,365,400,91.2,19.66,HIGH
2026-09-22T21:02:21.629534,J4,University Road,150,300,50.0,30.0,LOW
2026-09-22T21:02:21.629534,J5,Hospital Road,201,280,71.8,24.04,MEDIUM
2026-09-22T21:02:21.629534,J6,Airport Road,231,350,66.0,28.06,MEDIUM
2026-09-22T21:02:26.640004,J1,Main Market,160,300,53.3,35.34,LOW
2026-09-22T21:02:26.640004,J2,Railway Square,236,350,67.4,28.93,MEDIUM
2026-09-22T21:02:26.640004,J3,City Center,328,400,82.0,19.34,MEDIUM
2026-09-22T21:02:26.640004,J4,University Road,160,300,53.3,32.9,LOW
2026-09-22T21:02:26.640004,J5,Hospital Road,190,280,67.9,29.18,MEDIUM
2026-09-22T21:02:26.640004,J6,Airport Road,237,350,67.7,26.63,MEDIUM
2026-09-22T21:02:31.650779,J1,Main Market,185,300,61.7,29.43,MEDIUM
2026-09-22T21:02:31.650779,J2,Railway Square,253,350,72.3,24.11,MEDIUM
2026-09-22T21:02:31.650779,J3,City Center,370,400,92.5,19.53,HIGH
2026-09-22T21:02:31.650779,J4,University Road,165,300,55.0,34.16,LOW
2026-09-22T21:02:31.650779,J5,Hospital Road,220,280,78.6,26.87,MEDIUM
2026-09-22T21:02:31.650779,J6,Airport Road,198,350,56.6,34.27,LOW
2026-09-22T21:02:36.660897,J1,Main Market,171,300,57.0,30.74,LOW
2026-09-22T21:02:36.660897,J2,Railway Square,233,350,66.6,29.57,MEDIUM
2026-09-22T21:02:36.660897,J3,City Center,340,400,85.0,17.54,MEDIUM
2026-09-22T21:02:36.660897,J4,University Road,173,300,57.7,33.49,LOW
2026-09-22T21:02:36.660897,J5,Hospital Road,205,280,73.2,26.62,MEDIUM
2026-09-22T21:02:36.660897,J6,Airport Road,235,350,67.1,23.44,MEDIUM
2026-09-22T21:02:41.671609,J1,Main Market,181,300,60.3,23.72,MEDIUM
2026-09-22T21:02:41.671609,J2,Railway Square,233,350,66.6,29.21,MEDIUM
2026-09-22T21:02:41.671609,J3,City Center,348,400,87.0,12.8,HIGH
2026-09-22T21:02:41.671609,J4,University Road,151,300,50.3,31.32,LOW
2026-09-22T21:02:41.671609,J5,Hospital Road,191,280,68.2,22.07,MEDIUM
2026-09-22T21:02:41.671609,J6,Airport Road,239,350,68.3,26.06,MEDIUM
2026-09-22T21:02:46.682641,J1,Main Market,189,300,63.0,24.22,MEDIUM
2026-09-22T21:02:46.682641,J2,Railway Square,253,350,72.3,20.2,MEDIUM
2026-09-22T21:02:46.682641,J3,City Center,358,400,89.5,14.58,HIGH
2026-09-22T21:02:46.682641,J4,University Road,161,300,53.7,31.15,LOW
2026-09-22T21:02:46.682641,J5,Hospital Road,202,280,72.1,21.89,MEDIUM
2026-09-22T21:02:46.682641,J6,Airport Road,206,350,58.9,34.23,LOW
2026-09-22T21:02:51.691433,J1,Main Market,185,300,61.7,25.48,MEDIUM
2026-09-22T21:02:51.691433,J2,Railway Square,258,350,73.7,28.32,MEDIUM
2026-09-22T21:02:51.691433,J3,City Center,387,400,96.8,18.59,HIGH
2026-09-22T21:02:51.691433,J4,University Road,162,300,54.0,32.7,LOW
2026-09-22T21:02:51.691433,J5,Hospital Road,189,280,67.5,22.61,MEDIUM
2026-09-22T21:02:51.691433,J6,Airport Road,222,350,63.4,29.3,MEDIUM
2026-09-22T21:02:56.702129,J1,Main Market,180,300,60.0,26.12,MEDIUM
2026-09-22T21:02:56.702129,J2,Railway Square,227,350,64.9,27.29,MEDIUM
2026-09-22T21:02:56.702129,J3,City Center,353,400,88.2,21.91,MEDIUM
2026-09-22T21:02:56.702129,J4,University Road,162,300,54.0,39.36,LOW
2026-09-22T21:02:56.702129,J5,Hospital Road,187,280,66.8,22.06,MEDIUM
2026-09-22T21:02:56.702129,J6,Airport Road,235,350,67.1,26.32,MEDIUM
2026-09-22T21:03:01.712048,J1,Main Market,170,300,56.7,33.4,LOW
2026-09-22T21:03:01.712048,J2,Railway Square,225,350,64.3,22.61,MEDIUM
2026-09-22T21:03:01.712048,J3,City Center,332,400,83.0,19.65,MEDIUM
2026-09-22T21:03:01.712048,J4,University Road,156,300,52.0,32.55,LOW
2026-09-22T21:03:01.712048,J5,Hospital Road,199,280,71.1,22.69,MEDIUM
2026-09-22T21:03:01.712048,J6,Airport Road,207,350,59.1,38.95,LOW
2026-09-22T21:03:06.717801,J1,Main Market,170,300,56.7,39.35,LOW
2026-09-22T21:03:06.717801,J2,Railway Square,253,350,72.3,23.38,MEDIUM
2026-09-22T21:03:06.717801,J3,City Center,345,400,86.2,19.05,MEDIUM
2026-09-22T21:03:06.717801,J4,University Road,168,300,56.0,31.66,LOW
2026-09-22T21:03:06.717801,J5,Hospital Road,196,280,70.0,26.39,MEDIUM
2026-09-22T21:03:06.717801,J6,Airport Road,240,350,68.6,22.44,MEDIUM
2026-09-22T21:03:11.728979,J1,Main Market,158,300,52.7,34.76,LOW
2026-09-22T21:03:11.728979,J2,Railway Square,246,350,70.3,28.06,MEDIUM
2026-09-22T21:03:11.728979,J3,City Center,380,400,95.0,12.84,HIGH
2026-09-22T21:03:11.728979,J4,University Road,168,300,56.0,35.94,LOW
2026-09-22T21:03:11.728979,J5,Hospital Road,212,280,75.7,23.48,MEDIUM
2026-09-22T21:03:11.728979,J6,Airport Road,231,350,66.0,28.08,MEDIUM
2026-09-22T21:03:16.739799,J1,Main Market,179,300,59.7,34.96,LOW
2026-09-22T21:03:16.739799,J2,Railway Square,259,350,74.0,28.02,MEDIUM
2026-09-22T21:03:16.739799,J3,City Center,369,400,92.2,14.5,HIGH
2026-09-22T21:03:16.739799,J4,University Road,172,300,57.3,36.42,LOW
2026-09-22T21:03:16.739799,J5,Hospital Road,221,280,78.9,28.23,MEDIUM
2026-09-22T21:03:16.739799,J6,Airport Road,213,350,60.9,28.25,MEDIUM
2026-09-22T21:03:21.750485,J1,Main Market,183,300,61.0,22.42,MEDIUM
2026-09-22T21:03:21.750485,J2,Railway Square,218,350,62.3,28.53,MEDIUM
2026-09-22T21:03:21.750485,J3,City Center,333,400,83.2,13.42,HIGH
2026-09-22T21:03:21.750485,J4,University Road,159,300,53.0,38.42,LOW
2026-09-22T21:03:21.750485,J5,Hospital Road,210,280,75.0,29.63,MEDIUM
2026-09-22T21:03:21.750485,J6,Airport Road,240,350,68.6,24.84,MEDIUM
2026-09-22T21:03:26.760673,J1,Main Market,188,300,62.7,26.65,MEDIUM
2026-09-22T21:03:26.760673,J2,Railway Square,262,350,74.9,23.17,MEDIUM
2026-09-22T21:03:26.760673,J3,City Center,365,400,91.2,16.45,HIGH
2026-09-22T21:03:26.760673,J4,University Road,168,300,56.0,32.61,LOW
2026-09-22T21:03:26.760673,J5,Hospital Road,222,280,79.3,23.83,MEDIUM
2026-09-22T21:03:26.760673,J6,Airport Road,231,350,66.0,27.02,MEDIUM
2026-09-22T21:03:31.777678,J1,Main Market,163,300,54.3,35.34,LOW
2026-09-22T21:03:31.777678,J2,Railway Square,237,350,67.7,22.9,MEDIUM
2026-09-22T21:03:31.777678,J3,City Center,353,400,88.2,18.6,MEDIUM
2026-09-22T21:03:31.777678,J4,University Road,148,300,49.3,30.59,LOW
2026-09-22T21:03:31.777678,J5,Hospital Road,192,280,68.6,27.55,MEDIUM
2026-09-22T21:03:31.777678,J6,Airport Road,223,350,63.7,28.68,MEDIUM
2026-09-22T21:03:36.783947,J1,Main Market,174,300,58.0,38.09,LOW
2026-09-22T21:03:36.783947,J2,Railway Square,247,350,70.6,29.43,MEDIUM
2026-09-22T21:03:36.783947,J3,City Center,321,400,80.2,16.4,MEDIUM
2026-09-22T21:03:36.783947,J4,University Road,156,300,52.0,33.47,LOW
2026-09-22T21:03:36.783947,J5,Hospital Road,201,280,71.8,21.41,MEDIUM
2026-09-22T21:03:36.783947,J6,Airport Road,216,350,61.7,25.61,MEDIUM
2026-09-22T21:03:41.794822,J1,Main Market,168,300,56.0,37.09,LOW
2026-09-22T21:03:41.794822,J2,Railway Square,236,350,67.4,25.61,MEDIUM
2026-09-22T21:03:41.794822,J3,City Center,343,400,85.8,12.67,HIGH
2026-09-22T21:03:41.794822,J4,University Road,167,300,55.7,30.65,LOW
2026-09-22T21:03:41.794822,J5,Hospital Road,195,280,69.6,20.82,MEDIUM
2026-09-22T21:03:41.794822,J6,Airport Road,200,350,57.1,35.91,LOW
2026-09-22T21:03:46.805729,J1,Main Market,184,300,61.3,22.24,MEDIUM
2026-09-22T21:03:46.805729,J2,Railway Square,238,350,68.0,24.62,MEDIUM
2026-09-22T21:03:46.805729,J3,City Center,386,400,96.5,19.26,HIGH
2026-09-22T21:03:46.805729,J4,University Road,172,300,57.3,32.33,LOW
2026-09-22T21:03:46.805729,J5,Hospital Road,192,280,68.6,25.36,MEDIUM
2026-09-22T21:03:46.805729,J6,Airport Road,206,350,58.9,34.16,LOW
2026-09-22T21:03:51.815936,J1,Main Market,182,300,60.7,25.64,MEDIUM
2026-09-22T21:03:51.815936,J2,Railway Square,215,350,61.4,20.13,MEDIUM
2026-09-22T21:03:51.815936,J3,City Center,343,400,85.8,18.59,MEDIUM
2026-09-22T21:03:51.815936,J4,University Road,145,300,48.3,36.79,LOW
2026-09-22T21:03:51.815936,J5,Hospital Road,208,280,74.3,27.88,MEDIUM
2026-09-22T21:03:51.815936,J6,Airport Road,211,350,60.3,24.38,MEDIUM
2026-09-22T21:03:56.829077,J1,Main Market,186,300,62.0,27.19,MEDIUM
2026-09-22T21:03:56.829077,J2,Railway Square,240,350,68.6,29.91,MEDIUM
2026-09-22T21:03:56.829077,J3,City Center,342,400,85.5,13.81,HIGH
2026-09-22T21:03:56.829077,J4,University Road,164,300,54.7,37.84,LOW
2026-09-22T21:03:56.829077,J5,Hospital Road,222,280,79.3,23.53,MEDIUM
2026-09-22T21:03:56.829077,J6,Airport Road,216,350,61.7,25.31,MEDIUM
2026-09-22T21:04:01.842325,J1,Main Market,182,300,60.7,26.37,MEDIUM
2026-09-22T21:04:01.842325,J2,Railway Square,240,350,68.6,22.39,MEDIUM
2026-09-22T21:04:01.842325,J3,City Center,323,400,80.8,20.14,MEDIUM
2026-09-22T21:04:01.842325,J4,University Road,155,300,51.7,32.24,LOW
2026-09-22T21:04:01.842325,J5,Hospital Road,202,280,72.1,26.94,MEDIUM
2026-09-22T21:04:01.842325,J6,Airport Road,220,350,62.9,27.92,MEDIUM
2026-09-22T21:04:06.852754,J1,Main Market,156,300,52.0,30.17,LOW
2026-09-22T21:04:06.852754,J2,Railway Square,243,350,69.4,22.14,MEDIUM
2026-09-22T21:04:06.852754,J3,City Center,387,400,96.8,14.26,HIGH
2026-09-22T21:04:06.852754,J4,University Road,142,300,47.3,39.19,LOW
2026-09-22T21:04:06.852754,J5,Hospital Road,195,280,69.6,22.91,MEDIUM
2026-09-22T21:04:06.852754,J6,Airport Road,204,350,58.3,31.74,LOW
2026-09-22T21:04:11.872029,J1,Main Market,178,300,59.3,30.49,LOW
2026-09-22T21:04:11.872029,J2,Railway Square,231,350,66.0,22.31,MEDIUM
2026-09-22T21:04:11.872029,J3,City Center,350,400,87.5,17.55,MEDIUM
2026-09-22T21:04:11.872029,J4,University Road,148,300,49.3,38.19,LOW
2026-09-22T21:04:11.872029,J5,Hospital Road,207,280,73.9,20.69,MEDIUM
2026-09-22T21:04:11.872029,J6,Airport Road,219,350,62.6,22.94,MEDIUM
2026-09-22T21:04:16.883722,J1,Main Market,177,300,59.0,30.77,LOW
2026-09-22T21:04:16.883722,J2,Railway Square,231,350,66.0,24.54,MEDIUM
2026-09-22T21:04:16.883722,J3,City Center,347,400,86.8,16.9,MEDIUM
2026-09-22T21:04:16.883722,J4,University Road,172,300,57.3,34.78,LOW
2026-09-22T21:04:16.883722,J5,Hospital Road,222,280,79.3,23.54,MEDIUM
2026-09-22T21:04:16.883722,J6,Airport Road,210,350,60.0,20.52,MEDIUM
2026-09-22T21:04:21.889415,J1,Main Market,167,300,55.7,38.88,LOW
2026-09-22T21:04:21.889415,J2,Railway Square,256,350,73.1,26.42,MEDIUM
2026-09-22T21:04:21.889415,J3,City Center,339,400,84.8,13.59,HIGH
2026-09-22T21:04:21.889415,J4,University Road,158,300,52.7,36.81,LOW
2026-09-22T21:04:21.889415,J5,Hospital Road,206,280,73.6,27.69,MEDIUM
2026-09-22T21:04:21.889415,J6,Airport Road,216,350,61.7,24.12,MEDIUM
2026-09-22T21:04:26.899967,J1,Main Market,189,300,63.0,22.38,MEDIUM
2026-09-22T21:04:26.899967,J2,Railway Square,221,350,63.1,22.43,MEDIUM
2026-09-22T21:04:26.899967,J3,City Center,361,400,90.2,20.67,HIGH
2026-09-22T21:04:26.899967,J4,University Road,145,300,48.3,31.47,LOW
2026-09-22T21:04:26.899967,J5,Hospital Road,200,280,71.4,25.06,MEDIUM
2026-09-22T21:04:26.899967,J6,Airport Road,240,350,68.6,27.69,MEDIUM
2026-09-22T21:04:31.907624,J1,Main Market,186,300,62.0,28.03,MEDIUM
2026-09-22T21:04:31.907624,J2,Railway Square,233,350,66.6,21.92,MEDIUM
2026-09-22T21:04:31.907624,J3,City Center,350,400,87.5,14.03,HIGH
2026-09-22T21:04:31.907624,J4,University Road,156,300,52.0,39.45,LOW
2026-09-22T21:04:31.907624,J5,Hospital Road,219,280,78.2,21.94,MEDIUM
2026-09-22T21:04:31.907624,J6,Airport Road,218,350,62.3,22.86,MEDIUM
2026-09-22T21:04:36.913926,J1,Main Market,160,300,53.3,35.03,LOW
2026-09-22T21:04:36.913926,J2,Railway Square,257,350,73.4,23.1,MEDIUM
2026-09-22T21:04:36.913926,J3,City Center,358,400,89.5,13.09,HIGH
2026-09-22T21:04:36.913926,J4,University Road,165,300,55.0,33.03,LOW
2026-09-22T21:04:36.913926,J5,Hospital Road,196,280,70.0,28.06,MEDIUM
2026-09-22T21:04:36.913926,J6,Airport Road,215,350,61.4,20.35,MEDIUM
2026-09-22T21:04:41.918473,J1,Main Market,181,300,60.3,28.36,MEDIUM
2026-09-22T21:04:41.918473,J2,Railway Square,252,350,72.0,23.87,MEDIUM
2026-09-22T21:04:41.918473,J3,City Center,335,400,83.8,19.48,MEDIUM
2026-09-22T21:04:41.918473,J4,University Road,169,300,56.3,31.24,LOW
2026-09-22T21:04:41.918473,J5,Hospital Road,190,280,67.9,23.92,MEDIUM
2026-09-22T21:04:41.918473,J6,Airport Road,233,350,66.6,20.83,MEDIUM
2026-09-22T21:04:46.923238,J1,Main Market,173,300,57.7,38.73,LOW
2026-09-22T21:04:46.923238,J2,Railway Square,253,350,72.3,28.05,MEDIUM
2026-09-22T21:04:46.923238,J3,City Center,387,400,96.8,18.15,HIGH
2026-09-22T21:04:46.923238,J4,University Road,157,300,52.3,38.31,LOW
2026-09-22T21:04:46.923238,J5,Hospital Road,206,280,73.6,24.92,MEDIUM
2026-09-22T21:04:46.923238,J6,Airport Road,225,350,64.3,26.17,MEDIUM
2026-09-22T21:04:51.933762,J1,Main Market,157,300,52.3,39.38,LOW
2026-09-22T21:04:51.933762,J2,Railway Square,228,350,65.1,20.74,MEDIUM
2026-09-22T21:04:51.933762,J3,City Center,340,400,85.0,17.84,MEDIUM
2026-09-22T21:04:51.933762,J4,University Road,154,300,51.3,35.84,LOW
2026-09-22T21:04:51.933762,J5,Hospital Road,192,280,68.6,28.44,MEDIUM
2026-09-22T21:04:51.933762,J6,Airport Road,242,350,69.1,21.59,MEDIUM
2026-09-22T21:04:56.952418,J1,Main Market,179,300,59.7,33.14,LOW
2026-09-22T21:04:56.952418,J2,Railway Square,232,350,66.3,28.22,MEDIUM
2026-09-22T21:04:56.952418,J3,City Center,364,400,91.0,13.09,HIGH
2026-09-22T21:04:56.952418,J4,University Road,158,300,52.7,30.8,LOW
2026-09-22T21:04:56.952418,J5,Hospital Road,203,280,72.5,27.05,MEDIUM
2026-09-22T21:04:56.952418,J6,Airport Road,228,350,65.1,23.57,MEDIUM
2026-09-22T21:05:01.963340,J1,Main Market,163,300,54.3,36.96,LOW
2026-09-22T21:05:01.963340,J2,Railway Square,232,350,66.3,22.95,MEDIUM
2026-09-22T21:05:01.963340,J3,City Center,344,400,86.0,19.91,MEDIUM
2026-09-22T21:05:01.963340,J4,University Road,147,300,49.0,30.63,LOW
2026-09-22T21:05:01.963340,J5,Hospital Road,202,280,72.1,28.19,MEDIUM
2026-09-22T21:05:01.963340,J6,Airport Road,215,350,61.4,22.42,MEDIUM
2026-09-22T21:05:06.981215,J1,Main Market,167,300,55.7,39.42,LOW
2026-09-22T21:05:06.981215,J2,Railway Square,231,350,66.0,24.81,MEDIUM
2026-09-22T21:05:06.981215,J3,City Center,333,400,83.2,21.47,MEDIUM
2026-09-22T21:05:06.981215,J4,University Road,150,300,50.0,38.32,LOW
2026-09-22T21:05:06.981215,J5,Hospital Road,188,280,67.1,23.79,MEDIUM
2026-09-22T21:05:06.981215,J6,Airport Road,203,350,58.0,35.84,LOW
2026-09-22T21:05:11.986311,J1,Main Market,162,300,54.0,30.38,LOW
2026-09-22T21:05:11.986311,J2,Railway Square,245,350,70.0,23.95,MEDIUM
2026-09-22T21:05:11.986311,J3,City Center,339,400,84.8,13.58,HIGH
2026-09-22T21:05:11.986311,J4,University Road,143,300,47.7,39.98,LOW
2026-09-22T21:05:11.986311,J5,Hospital Road,222,280,79.3,27.85,MEDIUM
2026-09-22T21:05:11.986311,J6,Airport Road,209,350,59.7,32.1,LOW
2026-09-22T21:05:16.991232,J1,Main Market,171,300,57.0,38.41,LOW
2026-09-22T21:05:16.991232,J2,Railway Square,223,350,63.7,26.27,MEDIUM
2026-09-22T21:05:16.991232,J3,City Center,351,400,87.8,21.6,MEDIUM
2026-09-22T21:05:16.991232,J4,University Road,163,300,54.3,33.03,LOW
2026-09-22T21:05:16.991232,J5,Hospital Road,188,280,67.1,21.36,MEDIUM
2026-09-22T21:05:16.991232,J6,Airport Road,233,350,66.6,26.21,MEDIUM
2026-09-22T21:05:22.019190,J1,Main Market,182,300,60.7,27.71,MEDIUM
2026-09-22T21:05:22.019190,J2,Railway Square,243,350,69.4,28.79,MEDIUM
2026-09-22T21:05:22.019190,J3,City Center,380,400,95.0,14.21,HIGH
2026-09-22T21:05:22.019190,J4,University Road,155,300,51.7,34.52,LOW
2026-09-22T21:05:22.019190,J5,Hospital Road,225,280,80.4,18.86,MEDIUM
2026-09-22T21:05:22.019190,J6,Airport Road,222,350,63.4,26.34,MEDIUM
2026-09-22T21:05:27.029580,J1,Main Market,171,300,57.0,30.55,LOW
2026-09-22T21:05:27.029580,J2,Railway Square,246,350,70.3,25.09,MEDIUM
2026-09-22T21:05:27.029580,J3,City Center,389,400,97.2,15.05,HIGH
2026-09-22T21:05:27.029580,J4,University Road,152,300,50.7,36.54,LOW
2026-09-22T21:05:27.029580,J5,Hospital Road,192,280,68.6,24.93,MEDIUM
2026-09-22T21:05:27.029580,J6,Airport Road,218,350,62.3,25.99,MEDIUM
2026-09-22T21:05:32.061158,J1,Main Market,165,300,55.0,30.74,LOW
2026-09-22T21:05:32.061158,J2,Railway Square,227,350,64.9,22.75,MEDIUM
2026-09-22T21:05:32.061158,J3,City Center,370,400,92.5,15.93,HIGH
2026-09-22T21:05:32.061158,J4,University Road,165,300,55.0,35.76,LOW
2026-09-22T21:05:32.061158,J5,Hospital Road,187,280,66.8,20.24,MEDIUM
2026-09-22T21:05:32.061158,J6,Airport Road,239,350,68.3,28.63,MEDIUM
2026-09-22T21:05:37.105558,J1,Main Market,170,300,56.7,30.43,LOW
2026-09-22T21:05:37.105558,J2,Railway Square,255,350,72.9,28.32,MEDIUM
2026-09-22T21:05:37.105558,J3,City Center,338,400,84.5,19.52,MEDIUM
2026-09-22T21:05:37.105558,J4,University Road,145,300,48.3,34.0,LOW
2026-09-22T21:05:37.105558,J5,Hospital Road,199,280,71.1,21.03,MEDIUM
2026-09-22T21:05:37.105558,J6,Airport Road,218,350,62.3,22.76,MEDIUM
2026-09-22T21:05:42.149028,J1,Main Market,171,300,57.0,32.21,LOW
2026-09-22T21:05:42.149028,J2,Railway Square,226,350,64.6,28.44,MEDIUM
2026-09-22T21:05:42.149028,J3,City Center,379,400,94.8,17.0,HIGH
2026-09-22T21:05:42.149028,J4,University Road,156,300,52.0,33.05,LOW
2026-09-22T21:05:42.149028,J5,Hospital Road,208,280,74.3,26.62,MEDIUM
2026-09-22T21:05:42.149028,J6,Airport Road,212,350,60.6,22.34,MEDIUM
2026-09-22T21:05:47.160480,J1,Main Market,157,300,52.3,37.89,LOW
2026-09-22T21:05:47.160480,J2,Railway Square,223,350,63.7,20.76,MEDIUM
2026-09-22T21:05:47.160480,J3,City Center,349,400,87.2,17.45,MEDIUM
2026-09-22T21:05:47.160480,J4,University Road,161,300,53.7,32.67,LOW
2026-09-22T21:05:47.160480,J5,Hospital Road,204,280,72.9,23.44,MEDIUM
2026-09-22T21:05:47.160480,J6,Airport Road,230,350,65.7,23.07,MEDIUM
2026-09-22T21:05:52.165497,J1,Main Market,166,300,55.3,37.22,LOW
2026-09-22T21:05:52.165497,J2,Railway Square,256,350,73.1,25.84,MEDIUM
2026-09-22T21:05:52.165497,J3,City Center,377,400,94.2,19.89,HIGH
2026-09-22T21:05:52.165497,J4,University Road,145,300,48.3,39.43,LOW
2026-09-22T21:05:52.165497,J5,Hospital Road,185,280,66.1,29.38,MEDIUM
2026-09-22T21:05:52.165497,J6,Airport Road,214,350,61.1,26.82,MEDIUM
2026-09-22T21:05:57.171983,J1,Main Market,168,300,56.0,32.32,LOW
2026-09-22T21:05:57.171983,J2,Railway Square,233,350,66.6,22.58,MEDIUM
2026-09-22T21:05:57.171983,J3,City Center,352,400,88.0,18.74,MEDIUM
2026-09-22T21:05:57.171983,J4,University Road,147,300,49.0,32.04,LOW
2026-09-22T21:05:57.171983,J5,Hospital Road,215,280,76.8,26.06,MEDIUM
2026-09-22T21:05:57.171983,J6,Airport Road,228,350,65.1,21.36,MEDIUM
2026-09-22T21:06:02.179699,J1,Main Market,183,300,61.0,22.26,MEDIUM
2026-09-22T21:06:02.179699,J2,Railway Square,218,350,62.3,27.3,MEDIUM
2026-09-22T21:06:02.179699,J3,City Center,381,400,95.2,14.77,HIGH
2026-09-22T21:06:02.179699,J4,University Road,163,300,54.3,39.42,LOW
2026-09-22T21:06:02.179699,J5,Hospital Road,209,280,74.6,28.74,MEDIUM
2026-09-22T21:06:02.179699,J6,Airport Road,201,350,57.4,32.0,LOW
2026-09-22T21:06:07.191576,J1,Main Market,184,300,61.3,21.12,MEDIUM
2026-09-22T21:06:07.191576,J2,Railway Square,251,350,71.7,25.78,MEDIUM
2026-09-22T21:06:07.191576,J3,City Center,366,400,91.5,19.97,HIGH
2026-09-22T21:06:07.191576,J4,University Road,153,300,51.0,35.8,LOW
2026-09-22T21:06:07.191576,J5,Hospital Road,225,280,80.4,15.1,MEDIUM
2026-09-22T21:06:07.191576,J6,Airport Road,224,350,64.0,24.6,MEDIUM
2026-09-22T21:06:12.200746,J1,Main Market,162,300,54.0,33.98,LOW
2026-09-22T21:06:12.200746,J2,Railway Square,259,350,74.0,20.22,MEDIUM
2026-09-22T21:06:12.200746,J3,City Center,372,400,93.0,12.46,HIGH
2026-09-22T21:06:12.200746,J4,University Road,165,300,55.0,34.03,LOW
2026-09-22T21:06:12.200746,J5,Hospital Road,212,280,75.7,20.25,MEDIUM
2026-09-22T21:06:12.200746,J6,Airport Road,226,350,64.6,28.44,MEDIUM
2026-09-22T21:06:17.211423,J1,Main Market,181,300,60.3,29.44,MEDIUM
2026-09-22T21:06:17.211423,J2,Railway Square,259,350,74.0,26.81,MEDIUM
2026-09-22T21:06:17.211423,J3,City Center,326,400,81.5,16.07,MEDIUM
2026-09-22T21:06:17.211423,J4,University Road,158,300,52.7,35.33,LOW
2026-09-22T21:06:17.211423,J5,Hospital Road,195,280,69.6,22.89,MEDIUM
2026-09-22T21:06:17.211423,J6,Airport Road,220,350,62.9,21.18,MEDIUM
2026-09-22T21:06:22.229761,J1,Main Market,172,300,57.3,34.26,LOW
2026-09-22T21:06:22.229761,J2,Railway Square,228,350,65.1,26.44,MEDIUM
2026-09-22T21:06:22.229761,J3,City Center,327,400,81.8,16.37,MEDIUM
2026-09-22T21:06:22.229761,J4,University Road,170,300,56.7,34.88,LOW
2026-09-22T21:06:22.229761,J5,Hospital Road,186,280,66.4,24.35,MEDIUM
2026-09-22T21:06:22.229761,J6,Airport Road,215,350,61.4,25.84,MEDIUM
2026-09-22T21:06:27.243998,J1,Main Market,179,300,59.7,39.34,LOW
2026-09-22T21:06:27.243998,J2,Railway Square,224,350,64.0,23.07,MEDIUM
2026-09-22T21:06:27.243998,J3,City Center,386,400,96.5,14.83,HIGH
2026-09-22T21:06:27.243998,J4,University Road,158,300,52.7,37.0,LOW
2026-09-22T21:06:27.243998,J5,Hospital Road,201,280,71.8,27.49,MEDIUM
2026-09-22T21:06:27.243998,J6,Airport Road,208,350,59.4,38.33,LOW
2026-09-22T21:06:32.253947,J1,Main Market,164,300,54.7,33.85,LOW
2026-09-22T21:06:32.253947,J2,Railway Square,256,350,73.1,23.29,MEDIUM
2026-09-22T21:06:32.253947,J3,City Center,346,400,86.5,20.67,MEDIUM
2026-09-22T21:06:32.253947,J4,University Road,144,300,48.0,38.16,LOW
2026-09-22T21:06:32.253947,J5,Hospital Road,219,280,78.2,20.69,MEDIUM
2026-09-22T21:06:32.253947,J6,Airport Road,232,350,66.3,22.53,MEDIUM
2026-09-22T21:06:37.265156,J1,Main Market,186,300,62.0,21.89,MEDIUM
2026-09-22T21:06:37.265156,J2,Railway Square,247,350,70.6,23.25,MEDIUM
2026-09-22T21:06:37.265156,J3,City Center,363,400,90.8,18.92,HIGH
2026-09-22T21:06:37.265156,J4,University Road,151,300,50.3,39.96,LOW
2026-09-22T21:06:37.265156,J5,Hospital Road,207,280,73.9,22.97,MEDIUM
2026-09-22T21:06:37.265156,J6,Airport Road,218,350,62.3,27.92,MEDIUM
2026-09-22T21:06:42.269400,J1,Main Market,188,300,62.7,29.87,MEDIUM
2026-09-22T21:06:42.269400,J2,Railway Square,226,350,64.6,24.45,MEDIUM
2026-09-22T21:06:42.269400,J3,City Center,379,400,94.8,14.34,HIGH
2026-09-22T21:06:42.269400,J4,University Road,161,300,53.7,36.37,LOW
2026-09-22T21:06:42.269400,J5,Hospital Road,196,280,70.0,27.23,MEDIUM
2026-09-22T21:06:42.269400,J6,Airport Road,233,350,66.6,23.81,MEDIUM
2026-09-22T21:06:47.287330,J1,Main Market,168,300,56.0,36.84,LOW
2026-09-22T21:06:47.287330,J2,Railway Square,235,350,67.1,28.7,MEDIUM
2026-09-22T21:06:47.287330,J3,City Center,382,400,95.5,14.24,HIGH
2026-09-22T21:06:47.287330,J4,University Road,164,300,54.7,34.83,LOW
2026-09-22T21:06:47.287330,J5,Hospital Road,187,280,66.8,28.25,MEDIUM
2026-09-22T21:06:47.287330,J6,Airport Road,215,350,61.4,22.32,MEDIUM
2026-09-22T21:06:52.291592,J1,Main Market,190,300,63.3,23.08,MEDIUM
2026-09-22T21:06:52.291592,J2,Railway Square,237,350,67.7,20.26,MEDIUM
2026-09-22T21:06:52.291592,J3,City Center,368,400,92.0,19.97,HIGH
2026-09-22T21:06:52.291592,J4,University Road,142,300,47.3,33.52,LOW
2026-09-22T21:06:52.291592,J5,Hospital Road,189,280,67.5,20.66,MEDIUM
2026-09-22T21:06:52.291592,J6,Airport Road,219,350,62.6,28.88,MEDIUM
2026-09-22T21:06:57.302085,J1,Main Market,186,300,62.0,25.34,MEDIUM
2026-09-22T21:06:57.302085,J2,Railway Square,246,350,70.3,29.96,MEDIUM
2026-09-22T21:06:57.302085,J3,City Center,381,400,95.2,19.74,HIGH
2026-09-22T21:06:57.302085,J4,University Road,151,300,50.3,30.25,LOW
2026-09-22T21:06:57.302085,J5,Hospital Road,205,280,73.2,29.87,MEDIUM
2026-09-22T21:06:57.302085,J6,Airport Road,221,350,63.1,25.34,MEDIUM
2026-09-22T21:07:02.308721,J1,Main Market,159,300,53.0,37.68,LOW
2026-09-22T21:07:02.308721,J2,Railway Square,256,350,73.1,21.41,MEDIUM
2026-09-22T21:07:02.308721,J3,City Center,378,400,94.5,16.16,HIGH
2026-09-22T21:07:02.308721,J4,University Road,172,300,57.3,39.32,LOW
2026-09-22T21:07:02.308721,J5,Hospital Road,224,280,80.0,13.8,HIGH
2026-09-22T21:07:02.308721,J6,Airport Road,235,350,67.1,24.99,MEDIUM
2026-09-22T21:07:07.319135,J1,Main Market,190,300,63.3,23.7,MEDIUM
2026-09-22T21:07:07.319135,J2,Railway Square,260,350,74.3,21.23,MEDIUM
2026-09-22T21:07:07.319135,J3,City Center,344,400,86.0,20.34,MEDIUM
2026-09-22T21:07:07.319135,J4,University Road,150,300,50.0,37.93,LOW
2026-09-22T21:07:07.319135,J5,Hospital Road,223,280,79.6,29.07,MEDIUM
2026-09-22T21:07:07.319135,J6,Airport Road,242,350,69.1,23.44,MEDIUM
2026-09-22T21:07:12.330682,J1,Main Market,157,300,52.3,37.61,LOW
2026-09-22T21:07:12.330682,J2,Railway Square,251,350,71.7,29.82,MEDIUM
2026-09-22T21:07:12.330682,J3,City Center,351,400,87.8,21.29,MEDIUM
2026-09-22T21:07:12.330682,J4,University Road,159,300,53.0,32.32,LOW
2026-09-22T21:07:12.330682,J5,Hospital Road,190,280,67.9,27.24,MEDIUM
2026-09-22T21:07:12.330682,J6,Airport Road,211,350,60.3,27.95,MEDIUM
2026-09-22T21:07:17.334867,J1,Main Market,167,300,55.7,38.51,LOW
2026-09-22T21:07:17.334867,J2,Railway Square,247,350,70.6,28.59,MEDIUM
2026-09-22T21:07:17.334867,J3,City Center,338,400,84.5,14.57,HIGH
2026-09-22T21:07:17.334867,J4,University Road,159,300,53.0,30.09,LOW
2026-09-22T21:07:17.334867,J5,Hospital Road,208,280,74.3,25.21,MEDIUM
2026-09-22T21:07:17.334867,J6,Airport Road,222,350,63.4,20.6,MEDIUM
2026-09-22T21:07:22.345376,J1,Main Market,177,300,59.0,30.1,LOW
2026-09-22T21:07:22.345376,J2,Railway Square,225,350,64.3,29.7,MEDIUM
2026-09-22T21:07:22.345376,J3,City Center,390,400,97.5,18.58,HIGH
2026-09-22T21:07:22.345376,J4,University Road,151,300,50.3,30.52,LOW
2026-09-22T21:07:22.345376,J5,Hospital Road,217,280,77.5,28.82,MEDIUM
2026-09-22T21:07:22.345376,J6,Airport Road,226,350,64.6,23.38,MEDIUM
2026-09-22T21:07:27.355509,J1,Main Market,188,300,62.7,20.15,MEDIUM
2026-09-22T21:07:27.355509,J2,Railway Square,225,350,64.3,21.02,MEDIUM
2026-09-22T21:07:27.355509,J3,City Center,336,400,84.0,13.51,HIGH
2026-09-22T21:07:27.355509,J4,University Road,156,300,52.0,32.08,LOW
2026-09-22T21:07:27.355509,J5,Hospital Road,190,280,67.9,20.61,MEDIUM
2026-09-22T21:07:27.355509,J6,Airport Road,222,350,63.4,21.43,MEDIUM
2026-09-22T21:07:32.366004,J1,Main Market,178,300,59.3,34.5,LOW
2026-09-22T21:07:32.366004,J2,Railway Square,261,350,74.6,26.86,MEDIUM
2026-09-22T21:07:32.366004,J3,City Center,344,400,86.0,19.36,MEDIUM
2026-09-22T21:07:32.366004,J4,University Road,170,300,56.7,35.28,LOW
2026-09-22T21:07:32.366004,J5,Hospital Road,215,280,76.8,24.75,MEDIUM
2026-09-22T21:07:32.366004,J6,Airport Road,201,350,57.4,37.24,LOW
2026-09-22T21:07:37.376570,J1,Main Market,158,300,52.7,31.46,LOW
2026-09-22T21:07:37.376570,J2,Railway Square,238,350,68.0,24.85,MEDIUM
2026-09-22T21:07:37.376570,J3,City Center,337,400,84.2,21.89,MEDIUM
2026-09-22T21:07:37.376570,J4,University Road,154,300,51.3,38.58,LOW
2026-09-22T21:07:37.376570,J5,Hospital Road,216,280,77.1,28.45,MEDIUM
2026-09-22T21:07:37.376570,J6,Airport Road,204,350,58.3,34.38,LOW
2026-09-22T21:07:42.386678,J1,Main Market,187,300,62.3,26.65,MEDIUM
2026-09-22T21:07:42.386678,J2,Railway Square,236,350,67.4,29.09,MEDIUM
2026-09-22T21:07:42.386678,J3,City Center,354,400,88.5,17.75,MEDIUM
2026-09-22T21:07:42.386678,J4,University Road,168,300,56.0,32.28,LOW
2026-09-22T21:07:42.386678,J5,Hospital Road,194,280,69.3,20.96,MEDIUM
2026-09-22T21:07:42.386678,J6,Airport Road,227,350,64.9,29.91,MEDIUM
2026-09-22T21:07:47.396527,J1,Main Market,176,300,58.7,38.07,LOW
2026-09-22T21:07:47.396527,J2,Railway Square,247,350,70.6,27.27,MEDIUM
2026-09-22T21:07:47.396527,J3,City Center,380,400,95.0,13.47,HIGH
2026-09-22T21:07:47.396527,J4,University Road,156,300,52.0,30.0,LOW
2026-09-22T21:07:47.396527,J5,Hospital Road,195,280,69.6,23.62,MEDIUM
2026-09-22T21:07:47.396527,J6,Airport Road,215,350,61.4,20.18,MEDIUM
2026-09-22T21:07:52.402409,J1,Main Market,160,300,53.3,36.69,LOW
2026-09-22T21:07:52.402409,J2,Railway Square,235,350,67.1,28.03,MEDIUM
2026-09-22T21:07:52.402409,J3,City Center,383,400,95.8,13.44,HIGH
2026-09-22T21:07:52.402409,J4,University Road,173,300,57.7,38.55,LOW
2026-09-22T21:07:52.402409,J5,Hospital Road,191,280,68.2,22.04,MEDIUM
2026-09-22T21:07:52.402409,J6,Airport Road,207,350,59.1,32.37,LOW
2026-09-22T21:07:57.412869,J1,Main Market,156,300,52.0,37.85,LOW
2026-09-22T21:07:57.412869,J2,Railway Square,258,350,73.7,28.76,MEDIUM
2026-09-22T21:07:57.412869,J3,City Center,330,400,82.5,18.37,MEDIUM
2026-09-22T21:07:57.412869,J4,University Road,162,300,54.0,33.69,LOW
2026-09-22T21:07:57.412869,J5,Hospital Road,206,280,73.6,29.48,MEDIUM
2026-09-22T21:07:57.412869,J6,Airport Road,220,350,62.9,20.59,MEDIUM
2026-09-22T21:08:02.430148,J1,Main Market,167,300,55.7,39.16,LOW
2026-09-22T21:08:02.430148,J2,Railway Square,253,350,72.3,27.64,MEDIUM
2026-09-22T21:08:02.430148,J3,City Center,388,400,97.0,21.03,HIGH
2026-09-22T21:08:02.430148,J4,University Road,156,300,52.0,38.19,LOW
2026-09-22T21:08:02.430148,J5,Hospital Road,194,280,69.3,25.78,MEDIUM
2026-09-22T21:08:02.430148,J6,Airport Road,241,350,68.9,22.31,MEDIUM
2026-09-22T21:08:07.449667,J1,Main Market,157,300,52.3,36.3,LOW
2026-09-22T21:08:07.449667,J2,Railway Square,215,350,61.4,26.4,MEDIUM
2026-09-22T21:08:07.449667,J3,City Center,337,400,84.2,16.3,MEDIUM
2026-09-22T21:08:07.449667,J4,University Road,148,300,49.3,30.8,LOW
2026-09-22T21:08:07.449667,J5,Hospital Road,218,280,77.9,20.4,MEDIUM
2026-09-22T21:08:07.449667,J6,Airport Road,203,350,58.0,34.66,LOW
2026-09-22T21:08:12.458015,J1,Main Market,181,300,60.3,20.56,MEDIUM
2026-09-22T21:08:12.458015,J2,Railway Square,230,350,65.7,25.58,MEDIUM
2026-09-22T21:08:12.458015,J3,City Center,388,400,97.0,19.71,HIGH
2026-09-22T21:08:12.458015,J4,University Road,149,300,49.7,32.77,LOW
2026-09-22T21:08:12.458015,J5,Hospital Road,221,280,78.9,27.16,MEDIUM
2026-09-22T21:08:12.458015,J6,Airport Road,233,350,66.6,26.47,MEDIUM
2026-09-22T21:08:17.468869,J1,Main Market,190,300,63.3,24.82,MEDIUM
2026-09-22T21:08:17.468869,J2,Railway Square,226,350,64.6,29.89,MEDIUM
2026-09-22T21:08:17.468869,J3,City Center,384,400,96.0,21.28,HIGH
2026-09-22T21:08:17.468869,J4,University Road,153,300,51.0,30.03,LOW
2026-09-22T21:08:17.468869,J5,Hospital Road,202,280,72.1,25.35,MEDIUM
2026-09-22T21:08:17.468869,J6,Airport Road,227,350,64.9,25.55,MEDIUM
2026-09-22T21:08:22.479739,J1,Main Market,165,300,55.0,34.26,LOW
2026-09-22T21:08:22.479739,J2,Railway Square,262,350,74.9,29.65,MEDIUM
2026-09-22T21:08:22.479739,J3,City Center,351,400,87.8,14.94,HIGH
2026-09-22T21:08:22.479739,J4,University Road,142,300,47.3,35.96,LOW
2026-09-22T21:08:22.479739,J5,Hospital Road,203,280,72.5,22.74,MEDIUM
2026-09-22T21:08:22.479739,J6,Airport Road,202,350,57.7,38.24,LOW
2026-09-22T21:08:27.489855,J1,Main Market,168,300,56.0,36.01,LOW
2026-09-22T21:08:27.489855,J2,Railway Square,254,350,72.6,26.8,MEDIUM
2026-09-22T21:08:27.489855,J3,City Center,331,400,82.8,16.26,MEDIUM
2026-09-22T21:08:27.489855,J4,University Road,161,300,53.7,38.75,LOW
2026-09-22T21:08:27.489855,J5,Hospital Road,224,280,80.0,17.63,MEDIUM
2026-09-22T21:08:27.489855,J6,Airport Road,216,350,61.7,24.3,MEDIUM
2026-09-22T21:08:32.498396,J1,Main Market,160,300,53.3,37.19,LOW
2026-09-22T21:08:32.498396,J2,Railway Square,226,350,64.6,20.97,MEDIUM
2026-09-22T21:08:32.498396,J3,City Center,366,400,91.5,12.57,HIGH
2026-09-22T21:08:32.498396,J4,University Road,156,300,52.0,30.42,LOW
2026-09-22T21:08:32.498396,J5,Hospital Road,195,280,69.6,25.83,MEDIUM
2026-09-22T21:08:32.498396,J6,Airport Road,199,350,56.9,36.62,LOW
2026-09-22T21:08:37.505376,J1,Main Market,181,300,60.3,20.13,MEDIUM
2026-09-22T21:08:37.505376,J2,Railway Square,230,350,65.7,28.67,MEDIUM
2026-09-22T21:08:37.505376,J3,City Center,380,400,95.0,16.68,HIGH
2026-09-22T21:08:37.505376,J4,University Road,153,300,51.0,30.46,LOW
2026-09-22T21:08:37.505376,J5,Hospital Road,190,280,67.9,22.38,MEDIUM
2026-09-22T21:08:37.505376,J6,Airport Road,222,350,63.4,20.04,MEDIUM
2026-09-22T21:08:42.524055,J1,Main Market,172,300,57.3,35.42,LOW
2026-09-22T21:08:42.524055,J2,Railway Square,227,350,64.9,22.69,MEDIUM
2026-09-22T21:08:42.524055,J3,City Center,342,400,85.5,14.51,HIGH
2026-09-22T21:08:42.524055,J4,University Road,163,300,54.3,33.08,LOW
2026-09-22T21:08:42.524055,J5,Hospital Road,191,280,68.2,29.91,MEDIUM
2026-09-22T21:08:42.524055,J6,Airport Road,235,350,67.1,26.41,MEDIUM
2026-09-22T21:08:47.534754,J1,Main Market,189,300,63.0,20.41,MEDIUM
2026-09-22T21:08:47.534754,J2,Railway Square,220,350,62.9,27.58,MEDIUM
2026-09-22T21:08:47.534754,J3,City Center,346,400,86.5,18.26,MEDIUM
2026-09-22T21:08:47.534754,J4,University Road,172,300,57.3,38.37,LOW
2026-09-22T21:08:47.534754,J5,Hospital Road,204,280,72.9,20.33,MEDIUM
2026-09-22T21:08:47.534754,J6,Airport Road,217,350,62.0,26.7,MEDIUM
2026-09-22T21:08:52.540009,J1,Main Market,163,300,54.3,32.08,LOW
2026-09-22T21:08:52.540009,J2,Railway Square,220,350,62.9,23.24,MEDIUM
2026-09-22T21:08:52.540009,J3,City Center,343,400,85.8,14.6,HIGH
2026-09-22T21:08:52.540009,J4,University Road,150,300,50.0,37.04,LOW
2026-09-22T21:08:52.540009,J5,Hospital Road,208,280,74.3,22.75,MEDIUM
2026-09-22T21:08:52.540009,J6,Airport Road,218,350,62.3,28.23,MEDIUM
2026-09-22T21:08:57.556932,J1,Main Market,175,300,58.3,37.26,LOW
2026-09-22T21:08:57.556932,J2,Railway Square,238,350,68.0,27.08,MEDIUM
2026-09-22T21:08:57.556932,J3,City Center,357,400,89.2,19.52,MEDIUM
2026-09-22T21:08:57.556932,J4,University Road,158,300,52.7,32.61,LOW
2026-09-22T21:08:57.556932,J5,Hospital Road,214,280,76.4,26.98,MEDIUM
2026-09-22T21:08:57.556932,J6,Airport Road,208,350,59.4,30.33,LOW
2026-09-22T21:09:02.570999,J1,Main Market,174,300,58.0,32.31,LOW
2026-09-22T21:09:02.570999,J2,Railway Square,219,350,62.6,27.96,MEDIUM
2026-09-22T21:09:02.570999,J3,City Center,360,400,90.0,15.62,HIGH
2026-09-22T21:09:02.570999,J4,University Road,146,300,48.7,31.47,LOW
2026-09-22T21:09:02.570999,J5,Hospital Road,219,280,78.2,26.3,MEDIUM
2026-09-22T21:09:02.570999,J6,Airport Road,232,350,66.3,25.82,MEDIUM
2026-09-22T21:09:07.581832,J1,Main Market,162,300,54.0,36.03,LOW
2026-09-22T21:09:07.581832,J2,Railway Square,262,350,74.9,29.27,MEDIUM
2026-09-22T21:09:07.581832,J3,City Center,362,400,90.5,14.14,HIGH
2026-09-22T21:09:07.581832,J4,University Road,150,300,50.0,38.38,LOW
2026-09-22T21:09:07.581832,J5,Hospital Road,224,280,80.0,20.65,MEDIUM
2026-09-22T21:09:07.581832,J6,Airport Road,213,350,60.9,24.72,MEDIUM
2026-09-22T21:09:12.590333,J1,Main Market,190,300,63.3,26.77,MEDIUM
2026-09-22T21:09:12.590333,J2,Railway Square,219,350,62.6,25.68,MEDIUM
2026-09-22T21:09:12.590333,J3,City Center,334,400,83.5,21.83,MEDIUM
2026-09-22T21:09:12.590333,J4,University Road,146,300,48.7,33.36,LOW
2026-09-22T21:09:12.590333,J5,Hospital Road,204,280,72.9,27.42,MEDIUM
2026-09-22T21:09:12.590333,J6,Airport Road,227,350,64.9,29.94,MEDIUM
2026-09-22T21:09:17.600197,J1,Main Market,168,300,56.0,33.09,LOW
2026-09-22T21:09:17.600197,J2,Railway Square,215,350,61.4,28.02,MEDIUM
2026-09-22T21:09:17.600197,J3,City Center,325,400,81.2,14.12,HIGH
2026-09-22T21:09:17.600197,J4,University Road,170,300,56.7,39.12,LOW
2026-09-22T21:09:17.600197,J5,Hospital Road,222,280,79.3,22.55,MEDIUM
2026-09-22T21:09:17.600197,J6,Airport Road,216,350,61.7,21.38,MEDIUM
2026-09-22T21:09:22.610659,J1,Main Market,186,300,62.0,25.22,MEDIUM
2026-09-22T21:09:22.610659,J2,Railway Square,234,350,66.9,25.73,MEDIUM
2026-09-22T21:09:22.610659,J3,City Center,344,400,86.0,14.27,HIGH
2026-09-22T21:09:22.610659,J4,University Road,143,300,47.7,39.54,LOW
2026-09-22T21:09:22.610659,J5,Hospital Road,212,280,75.7,26.25,MEDIUM
2026-09-22T21:09:22.610659,J6,Airport Road,220,350,62.9,23.28,MEDIUM
2026-09-22T21:09:27.621388,J1,Main Market,162,300,54.0,37.77,LOW
2026-09-22T21:09:27.621388,J2,Railway Square,221,350,63.1,22.88,MEDIUM
2026-09-22T21:09:27.621388,J3,City Center,369,400,92.2,14.94,HIGH
2026-09-22T21:09:27.621388,J4,University Road,167,300,55.7,37.79,LOW
2026-09-22T21:09:27.621388,J5,Hospital Road,223,280,79.6,28.61,MEDIUM
2026-09-22T21:09:27.621388,J6,Airport Road,201,350,57.4,37.4,LOW
2026-09-22T21:09:32.631486,J1,Main Market,178,300,59.3,30.01,LOW
2026-09-22T21:09:32.631486,J2,Railway Square,232,350,66.3,20.21,MEDIUM
2026-09-22T21:09:32.631486,J3,City Center,362,400,90.5,14.55,HIGH
2026-09-22T21:09:32.631486,J4,University Road,169,300,56.3,39.42,LOW
2026-09-22T21:09:32.631486,J5,Hospital Road,215,280,76.8,25.96,MEDIUM
2026-09-22T21:09:32.631486,J6,Airport Road,232,350,66.3,26.88,MEDIUM
2026-09-22T21:09:37.641430,J1,Main Market,166,300,55.3,38.53,LOW
2026-09-22T21:09:37.641430,J2,Railway Square,217,350,62.0,21.6,MEDIUM
2026-09-22T21:09:37.641430,J3,City Center,368,400,92.0,19.12,HIGH
2026-09-22T21:09:37.641430,J4,University Road,145,300,48.3,34.49,LOW
2026-09-22T21:09:37.641430,J5,Hospital Road,221,280,78.9,21.14,MEDIUM
2026-09-22T21:09:37.641430,J6,Airport Road,205,350,58.6,37.93,LOW
2026-09-22T21:09:42.651244,J1,Main Market,164,300,54.7,31.18,LOW
2026-09-22T21:09:42.651244,J2,Railway Square,238,350,68.0,25.39,MEDIUM
2026-09-22T21:09:42.651244,J3,City Center,387,400,96.8,13.13,HIGH
2026-09-22T21:09:42.651244,J4,University Road,142,300,47.3,30.31,LOW
2026-09-22T21:09:42.651244,J5,Hospital Road,186,280,66.4,28.2,MEDIUM
2026-09-22T21:09:42.651244,J6,Airport Road,214,350,61.1,28.42,MEDIUM
2026-09-22T21:09:47.660814,J1,Main Market,177,300,59.0,36.61,LOW
2026-09-22T21:09:47.660814,J2,Railway Square,226,350,64.6,24.74,MEDIUM
2026-09-22T21:09:47.660814,J3,City Center,342,400,85.5,14.93,HIGH
2026-09-22T21:09:47.660814,J4,University Road,145,300,48.3,39.17,LOW
2026-09-22T21:09:47.660814,J5,Hospital Road,205,280,73.2,26.44,MEDIUM
2026-09-22T21:09:47.660814,J6,Airport Road,212,350,60.6,21.76,MEDIUM
2026-09-22T21:09:52.667994,J1,Main Market,164,300,54.7,31.75,LOW
2026-09-22T21:09:52.667994,J2,Railway Square,217,350,62.0,27.0,MEDIUM
2026-09-22T21:09:52.667994,J3,City Center,355,400,88.8,13.2,HIGH
2026-09-22T21:09:52.667994,J4,University Road,164,300,54.7,39.77,LOW
2026-09-22T21:09:52.667994,J5,Hospital Road,205,280,73.2,20.27,MEDIUM
2026-09-22T21:09:52.667994,J6,Airport Road,214,350,61.1,21.3,MEDIUM
2026-09-22T21:09:57.672309,J1,Main Market,185,300,61.7,25.83,MEDIUM
2026-09-22T21:09:57.672309,J2,Railway Square,241,350,68.9,24.86,MEDIUM
2026-09-22T21:09:57.672309,J3,City Center,341,400,85.2,18.4,MEDIUM
2026-09-22T21:09:57.672309,J4,University Road,171,300,57.0,34.88,LOW
2026-09-22T21:09:57.672309,J5,Hospital Road,219,280,78.2,25.56,MEDIUM
2026-09-22T21:09:57.672309,J6,Airport Road,202,350,57.7,35.7,LOW
2026-09-22T21:10:02.678716,J1,Main Market,168,300,56.0,31.66,LOW
2026-09-22T21:10:02.678716,J2,Railway Square,234,350,66.9,22.8,MEDIUM
2026-09-22T21:10:02.678716,J3,City Center,325,400,81.2,17.45,MEDIUM
2026-09-22T21:10:02.678716,J4,University Road,150,300,50.0,38.04,LOW
2026-09-22T21:10:02.678716,J5,Hospital Road,224,280,80.0,20.76,MEDIUM
2026-09-22T21:10:02.678716,J6,Airport Road,223,350,63.7,26.69,MEDIUM
2026-09-22T21:10:07.683130,J1,Main Market,184,300,61.3,27.16,MEDIUM
2026-09-22T21:10:07.683130,J2,Railway Square,236,350,67.4,27.5,MEDIUM
2026-09-22T21:10:07.683130,J3,City Center,392,400,98.0,17.71,HIGH
2026-09-22T21:10:07.683130,J4,University Road,156,300,52.0,39.95,LOW
2026-09-22T21:10:07.683130,J5,Hospital Road,208,280,74.3,29.12,MEDIUM
2026-09-22T21:10:07.683130,J6,Airport Road,207,350,59.1,38.06,LOW
2026-09-22T21:10:12.688044,J1,Main Market,161,300,53.7,35.05,LOW
2026-09-22T21:10:12.688044,J2,Railway Square,250,350,71.4,28.63,MEDIUM
2026-09-22T21:10:12.688044,J3,City Center,359,400,89.8,16.09,MEDIUM
2026-09-22T21:10:12.688044,J4,University Road,145,300,48.3,36.56,LOW
2026-09-22T21:10:12.688044,J5,Hospital Road,193,280,68.9,21.39,MEDIUM
2026-09-22T21:10:12.688044,J6,Airport Road,238,350,68.0,23.52,MEDIUM
2026-09-22T21:10:17.693230,J1,Main Market,176,300,58.7,38.4,LOW
2026-09-22T21:10:17.693230,J2,Railway Square,252,350,72.0,26.77,MEDIUM
2026-09-22T21:10:17.693230,J3,City Center,360,400,90.0,18.82,HIGH
2026-09-22T21:10:17.693230,J4,University Road,142,300,47.3,31.84,LOW
2026-09-22T21:10:17.693230,J5,Hospital Road,211,280,75.4,22.1,MEDIUM
2026-09-22T21:10:17.693230,J6,Airport Road,241,350,68.9,21.36,MEDIUM
2026-09-22T21:10:22.697766,J1,Main Market,168,300,56.0,35.16,LOW
2026-09-22T21:10:22.697766,J2,Railway Square,257,350,73.4,27.4,MEDIUM
2026-09-22T21:10:22.697766,J3,City Center,344,400,86.0,15.82,MEDIUM
2026-09-22T21:10:22.697766,J4,University Road,155,300,51.7,34.22,LOW
2026-09-22T21:10:22.697766,J5,Hospital Road,199,280,71.1,21.18,MEDIUM
2026-09-22T21:10:22.697766,J6,Airport Road,235,350,67.1,23.91,MEDIUM
2026-09-22T21:10:27.703472,J1,Main Market,188,300,62.7,25.97,MEDIUM
2026-09-22T21:10:27.703472,J2,Railway Square,255,350,72.9,25.89,MEDIUM
2026-09-22T21:10:27.703472,J3,City Center,345,400,86.2,21.13,MEDIUM
2026-09-22T21:10:27.703472,J4,University Road,168,300,56.0,35.48,LOW
2026-09-22T21:10:27.703472,J5,Hospital Road,199,280,71.1,29.27,MEDIUM
2026-09-22T21:10:27.703472,J6,Airport Road,229,350,65.4,23.9,MEDIUM
2026-09-22T21:10:32.708018,J1,Main Market,174,300,58.0,35.5,LOW
2026-09-22T21:10:32.708018,J2,Railway Square,241,350,68.9,20.39,MEDIUM
2026-09-22T21:10:32.708018,J3,City Center,335,400,83.8,13.08,HIGH
2026-09-22T21:10:32.708018,J4,University Road,172,300,57.3,35.41,LOW
2026-09-22T21:10:32.708018,J5,Hospital Road,200,280,71.4,25.66,MEDIUM
2026-09-22T21:10:32.708018,J6,Airport Road,235,350,67.1,23.58,MEDIUM
2026-09-22T21:10:37.713147,J1,Main Market,190,300,63.3,22.77,MEDIUM
2026-09-22T21:10:37.713147,J2,Railway Square,230,350,65.7,21.74,MEDIUM
2026-09-22T21:10:37.713147,J3,City Center,333,400,83.2,13.7,HIGH
2026-09-22T21:10:37.713147,J4,University Road,148,300,49.3,35.44,LOW
2026-09-22T21:10:37.713147,J5,Hospital Road,197,280,70.4,25.46,MEDIUM
2026-09-22T21:10:37.713147,J6,Airport Road,218,350,62.3,22.37,MEDIUM
2026-09-22T21:10:42.717907,J1,Main Market,183,300,61.0,20.45,MEDIUM
2026-09-22T21:10:42.717907,J2,Railway Square,256,350,73.1,25.74,MEDIUM
2026-09-22T21:10:42.717907,J3,City Center,388,400,97.0,14.53,HIGH
2026-09-22T21:10:42.717907,J4,University Road,151,300,50.3,33.34,LOW
2026-09-22T21:10:42.717907,J5,Hospital Road,220,280,78.6,28.26,MEDIUM
2026-09-22T21:10:42.717907,J6,Airport Road,213,350,60.9,20.39,MEDIUM
2026-09-22T21:10:47.723670,J1,Main Market,158,300,52.7,30.2,LOW
2026-09-22T21:10:47.723670,J2,Railway Square,231,350,66.0,22.14,MEDIUM
2026-09-22T21:10:47.723670,J3,City Center,366,400,91.5,17.06,HIGH
2026-09-22T21:10:47.723670,J4,University Road,148,300,49.3,35.24,LOW
2026-09-22T21:10:47.723670,J5,Hospital Road,202,280,72.1,20.54,MEDIUM
2026-09-22T21:10:47.723670,J6,Airport Road,220,350,62.9,20.18,MEDIUM
2026-09-22T21:10:52.728295,J1,Main Market,173,300,57.7,34.89,LOW
2026-09-22T21:10:52.728295,J2,Railway Square,230,350,65.7,21.59,MEDIUM
2026-09-22T21:10:52.728295,J3,City Center,323,400,80.8,13.74,HIGH
2026-09-22T21:10:52.728295,J4,University Road,153,300,51.0,36.71,LOW
2026-09-22T21:10:52.728295,J5,Hospital Road,223,280,79.6,24.99,MEDIUM
2026-09-22T21:10:52.728295,J6,Airport Road,208,350,59.4,33.58,LOW
2026-09-22T21:10:57.733427,J1,Main Market,184,300,61.3,26.71,MEDIUM
2026-09-22T21:10:57.733427,J2,Railway Square,225,350,64.3,28.06,MEDIUM
2026-09-22T21:10:57.733427,J3,City Center,335,400,83.8,18.28,MEDIUM
2026-09-22T21:10:57.733427,J4,University Road,161,300,53.7,34.56,LOW
2026-09-22T21:10:57.733427,J5,Hospital Road,220,280,78.6,20.32,MEDIUM
2026-09-22T21:10:57.733427,J6,Airport Road,203,350,58.0,36.69,LOW
2026-09-22T21:11:02.739102,J1,Main Market,175,300,58.3,36.74,LOW
2026-09-22T21:11:02.739102,J2,Railway Square,220,350,62.9,20.02,MEDIUM
2026-09-22T21:11:02.739102,J3,City Center,330,400,82.5,21.19,MEDIUM
2026-09-22T21:11:02.739102,J4,University Road,143,300,47.7,32.98,LOW
2026-09-22T21:11:02.739102,J5,Hospital Road,218,280,77.9,23.11,MEDIUM
2026-09-22T21:11:02.739102,J6,Airport Road,212,350,60.6,28.48,MEDIUM
2026-09-22T21:11:07.749241,J1,Main Market,174,300,58.0,31.49,LOW
2026-09-22T21:11:07.749241,J2,Railway Square,240,350,68.6,23.65,MEDIUM
2026-09-22T21:11:07.749241,J3,City Center,363,400,90.8,14.15,HIGH
2026-09-22T21:11:07.749241,J4,University Road,159,300,53.0,30.55,LOW
2026-09-22T21:11:07.749241,J5,Hospital Road,226,280,80.7,16.36,MEDIUM
2026-09-22T21:11:07.749241,J6,Airport Road,223,350,63.7,26.47,MEDIUM
2026-09-22T21:11:12.754156,J1,Main Market,174,300,58.0,32.9,LOW
2026-09-22T21:11:12.754156,J2,Railway Square,249,350,71.1,29.66,MEDIUM
2026-09-22T21:11:12.754156,J3,City Center,376,400,94.0,16.56,HIGH
2026-09-22T21:11:12.754156,J4,University Road,152,300,50.7,31.51,LOW
2026-09-22T21:11:12.754156,J5,Hospital Road,218,280,77.9,25.08,MEDIUM
2026-09-22T21:11:12.754156,J6,Airport Road,219,350,62.6,25.15,MEDIUM
2026-09-22T21:11:17.760444,J1,Main Market,164,300,54.7,30.6,LOW
2026-09-22T21:11:17.760444,J2,Railway Square,242,350,69.1,28.72,MEDIUM
2026-09-22T21:11:17.760444,J3,City Center,361,400,90.2,17.13,HIGH
2026-09-22T21:11:17.760444,J4,University Road,162,300,54.0,35.51,LOW
2026-09-22T21:11:17.760444,J5,Hospital Road,196,280,70.0,26.3,MEDIUM
2026-09-22T21:11:17.760444,J6,Airport Road,236,350,67.4,23.8,MEDIUM
2026-09-22T21:11:22.770561,J1,Main Market,169,300,56.3,33.01,LOW
2026-09-22T21:11:22.770561,J2,Railway Square,222,350,63.4,22.92,MEDIUM
2026-09-22T21:11:22.770561,J3,City Center,368,400,92.0,16.27,HIGH
2026-09-22T21:11:22.770561,J4,University Road,171,300,57.0,35.98,LOW
2026-09-22T21:11:22.770561,J5,Hospital Road,221,280,78.9,22.64,MEDIUM
2026-09-22T21:11:22.770561,J6,Airport Road,210,350,60.0,29.57,MEDIUM
2026-09-22T21:11:27.784185,J1,Main Market,159,300,53.0,36.83,LOW
2026-09-22T21:11:27.784185,J2,Railway Square,255,350,72.9,23.18,MEDIUM
2026-09-22T21:11:27.784185,J3,City Center,362,400,90.5,12.14,HIGH
2026-09-22T21:11:27.784185,J4,University Road,167,300,55.7,38.85,LOW
2026-09-22T21:11:27.784185,J5,Hospital Road,201,280,71.8,27.14,MEDIUM
2026-09-22T21:11:27.784185,J6,Airport Road,226,350,64.6,29.91,MEDIUM
2026-09-22T21:11:32.793060,J1,Main Market,166,300,55.3,31.2,LOW
2026-09-22T21:11:32.793060,J2,Railway Square,257,350,73.4,20.68,MEDIUM
2026-09-22T21:11:32.793060,J3,City Center,325,400,81.2,21.06,MEDIUM
2026-09-22T21:11:32.793060,J4,University Road,160,300,53.3,32.13,LOW
2026-09-22T21:11:32.793060,J5,Hospital Road,209,280,74.6,28.92,MEDIUM
2026-09-22T21:11:32.793060,J6,Airport Road,216,350,61.7,29.83,MEDIUM
2026-09-22T21:11:37.799951,J1,Main Market,161,300,53.7,31.95,LOW
2026-09-22T21:11:37.799951,J2,Railway Square,254,350,72.6,24.02,MEDIUM
2026-09-22T21:11:37.799951,J3,City Center,382,400,95.5,17.72,HIGH
2026-09-22T21:11:37.799951,J4,University Road,150,300,50.0,32.6,LOW
2026-09-22T21:11:37.799951,J5,Hospital Road,206,280,73.6,27.06,MEDIUM
2026-09-22T21:11:37.799951,J6,Airport Road,207,350,59.1,34.52,LOW
2026-09-22T21:11:42.810479,J1,Main Market,170,300,56.7,35.48,LOW
2026-09-22T21:11:42.810479,J2,Railway Square,255,350,72.9,20.91,MEDIUM
2026-09-22T21:11:42.810479,J3,City Center,362,400,90.5,21.1,HIGH
2026-09-22T21:11:42.810479,J4,University Road,169,300,56.3,31.02,LOW
2026-09-22T21:11:42.810479,J5,Hospital Road,209,280,74.6,28.01,MEDIUM
2026-09-22T21:11:42.810479,J6,Airport Road,229,350,65.4,22.14,MEDIUM
2026-09-22T21:11:47.821511,J1,Main Market,179,300,59.7,38.74,LOW
2026-09-22T21:11:47.821511,J2,Railway Square,247,350,70.6,23.45,MEDIUM
2026-09-22T21:11:47.821511,J3,City Center,366,400,91.5,17.36,HIGH
2026-09-22T21:11:47.821511,J4,University Road,161,300,53.7,37.64,LOW
2026-09-22T21:11:47.821511,J5,Hospital Road,186,280,66.4,28.66,MEDIUM
2026-09-22T21:11:47.821511,J6,Airport Road,230,350,65.7,22.13,MEDIUM
2026-09-22T21:11:52.828346,J1,Main Market,183,300,61.0,26.83,MEDIUM
2026-09-22T21:11:52.828346,J2,Railway Square,217,350,62.0,24.18,MEDIUM
2026-09-22T21:11:52.828346,J3,City Center,371,400,92.8,12.38,HIGH
2026-09-22T21:11:52.828346,J4,University Road,161,300,53.7,33.08,LOW
2026-09-22T21:11:52.828346,J5,Hospital Road,218,280,77.9,28.35,MEDIUM
2026-09-22T21:11:52.828346,J6,Airport Road,205,350,58.6,39.12,LOW
2026-09-22T21:11:57.839210,J1,Main Market,158,300,52.7,38.54,LOW
2026-09-22T21:11:57.839210,J2,Railway Square,241,350,68.9,22.61,MEDIUM
2026-09-22T21:11:57.839210,J3,City Center,363,400,90.8,21.28,HIGH
2026-09-22T21:11:57.839210,J4,University Road,151,300,50.3,32.5,LOW
2026-09-22T21:11:57.839210,J5,Hospital Road,187,280,66.8,23.05,MEDIUM
2026-09-22T21:11:57.839210,J6,Airport Road,220,350,62.9,23.13,MEDIUM
2026-09-22T21:12:02.846255,J1,Main Market,160,300,53.3,31.04,LOW
2026-09-22T21:12:02.846255,J2,Railway Square,237,350,67.7,22.65,MEDIUM
2026-09-22T21:12:02.846255,J3,City Center,328,400,82.0,15.51,MEDIUM
2026-09-22T21:12:02.846255,J4,University Road,158,300,52.7,34.95,LOW
2026-09-22T21:12:02.846255,J5,Hospital Road,195,280,69.6,26.42,MEDIUM
2026-09-22T21:12:02.846255,J6,Airport Road,207,350,59.1,34.16,LOW
2026-09-22T21:12:07.876876,J1,Main Market,188,300,62.7,26.72,MEDIUM
2026-09-22T21:12:07.876876,J2,Railway Square,245,350,70.0,20.41,MEDIUM
2026-09-22T21:12:07.876876,J3,City Center,342,400,85.5,12.7,HIGH
2026-09-22T21:12:07.876876,J4,University Road,158,300,52.7,33.4,LOW
2026-09-22T21:12:07.876876,J5,Hospital Road,225,280,80.4,17.66,MEDIUM
2026-09-22T21:12:07.876876,J6,Airport Road,242,350,69.1,27.22,MEDIUM
2026-09-22T21:12:12.894887,J1,Main Market,188,300,62.7,29.55,MEDIUM
2026-09-22T21:12:12.894887,J2,Railway Square,255,350,72.9,24.08,MEDIUM
2026-09-22T21:12:12.894887,J3,City Center,356,400,89.0,16.61,MEDIUM
2026-09-22T21:12:12.894887,J4,University Road,159,300,53.0,37.74,LOW
2026-09-22T21:12:12.894887,J5,Hospital Road,213,280,76.1,24.62,MEDIUM
2026-09-22T21:12:12.894887,J6,Airport Road,224,350,64.0,25.91,MEDIUM
2026-09-22T21:12:17.901876,J1,Main Market,188,300,62.7,23.74,MEDIUM
2026-09-22T21:12:17.901876,J2,Railway Square,226,350,64.6,22.1,MEDIUM
2026-09-22T21:12:17.901876,J3,City Center,353,400,88.2,20.18,MEDIUM
2026-09-22T21:12:17.901876,J4,University Road,147,300,49.0,35.04,LOW
2026-09-22T21:12:17.901876,J5,Hospital Road,190,280,67.9,22.6,MEDIUM
2026-09-22T21:12:17.901876,J6,Airport Road,235,350,67.1,27.81,MEDIUM
2026-09-22T21:12:22.912533,J1,Main Market,170,300,56.7,31.72,LOW
2026-09-22T21:12:22.912533,J2,Railway Square,226,350,64.6,29.06,MEDIUM
2026-09-22T21:12:22.912533,J3,City Center,354,400,88.5,19.92,MEDIUM
2026-09-22T21:12:22.912533,J4,University Road,162,300,54.0,38.73,LOW
2026-09-22T21:12:22.912533,J5,Hospital Road,197,280,70.4,24.61,MEDIUM
2026-09-22T21:12:22.912533,J6,Airport Road,217,350,62.0,29.92,MEDIUM
2026-09-22T21:12:27.928293,J1,Main Market,163,300,54.3,39.04,LOW
2026-09-22T21:12:27.928293,J2,Railway Square,250,350,71.4,25.55,MEDIUM
2026-09-22T21:12:27.928293,J3,City Center,339,400,84.8,15.71,MEDIUM
2026-09-22T21:12:27.928293,J4,University Road,151,300,50.3,32.89,LOW
2026-09-22T21:12:27.928293,J5,Hospital Road,189,280,67.5,22.96,MEDIUM
2026-09-22T21:12:27.928293,J6,Airport Road,241,350,68.9,28.59,MEDIUM
2026-09-22T21:12:32.936410,J1,Main Market,184,300,61.3,29.1,MEDIUM
2026-09-22T21:12:32.936410,J2,Railway Square,215,350,61.4,20.23,MEDIUM
2026-09-22T21:12:32.936410,J3,City Center,391,400,97.8,18.1,HIGH
2026-09-22T21:12:32.936410,J4,University Road,161,300,53.7,33.68,LOW
2026-09-22T21:12:32.936410,J5,Hospital Road,196,280,70.0,29.17,MEDIUM
2026-09-22T21:12:32.936410,J6,Airport Road,220,350,62.9,24.94,MEDIUM
2026-09-22T21:12:37.991526,J1,Main Market,162,300,54.0,30.91,LOW
2026-09-22T21:12:37.991526,J2,Railway Square,235,350,67.1,21.02,MEDIUM
2026-09-22T21:12:37.991526,J3,City Center,392,400,98.0,14.09,HIGH
2026-09-22T21:12:37.991526,J4,University Road,168,300,56.0,36.61,LOW
2026-09-22T21:12:37.991526,J5,Hospital Road,215,280,76.8,26.97,MEDIUM
2026-09-22T21:12:37.991526,J6,Airport Road,211,350,60.3,21.93,MEDIUM
2026-09-22T21:12:43.261350,J1,Main Market,180,300,60.0,29.48,MEDIUM
2026-09-22T21:12:43.261350,J2,Railway Square,245,350,70.0,23.0,MEDIUM
2026-09-22T21:12:43.261350,J3,City Center,382,400,95.5,14.25,HIGH
2026-09-22T21:12:43.261350,J4,University Road,162,300,54.0,33.44,LOW
2026-09-22T21:12:43.261350,J5,Hospital Road,187,280,66.8,28.37,MEDIUM
2026-09-22T21:12:43.261350,J6,Airport Road,212,350,60.6,28.29,MEDIUM
2026-09-22T21:12:48.275504,J1,Main Market,184,300,61.3,26.63,MEDIUM
2026-09-22T21:12:48.275504,J2,Railway Square,217,350,62.0,25.22,MEDIUM
2026-09-22T21:12:48.275504,J3,City Center,325,400,81.2,16.61,MEDIUM
2026-09-22T21:12:48.275504,J4,University Road,168,300,56.0,31.36,LOW
2026-09-22T21:12:48.275504,J5,Hospital Road,215,280,76.8,28.54,MEDIUM
2026-09-22T21:12:48.275504,J6,Airport Road,199,350,56.9,32.62,LOW
2026-09-22T21:12:53.308605,J1,Main Market,181,300,60.3,24.32,MEDIUM
2026-09-22T21:12:53.308605,J2,Railway Square,229,350,65.4,21.49,MEDIUM
2026-09-22T21:12:53.308605,J3,City Center,330,400,82.5,21.04,MEDIUM
2026-09-22T21:12:53.308605,J4,University Road,166,300,55.3,36.23,LOW
2026-09-22T21:12:53.308605,J5,Hospital Road,193,280,68.9,26.67,MEDIUM
2026-09-22T21:12:53.308605,J6,Airport Road,201,350,57.4,35.86,LOW
2026-09-22T21:12:58.319341,J1,Main Market,160,300,53.3,31.24,LOW
2026-09-22T21:12:58.319341,J2,Railway Square,237,350,67.7,25.01,MEDIUM
2026-09-22T21:12:58.319341,J3,City Center,354,400,88.5,14.42,HIGH
2026-09-22T21:12:58.319341,J4,University Road,171,300,57.0,30.93,LOW
2026-09-22T21:12:58.319341,J5,Hospital Road,210,280,75.0,21.65,MEDIUM
2026-09-22T21:12:58.319341,J6,Airport Road,202,350,57.7,39.1,LOW
2026-09-22T21:13:03.328918,J1,Main Market,164,300,54.7,32.77,LOW
2026-09-22T21:13:03.328918,J2,Railway Square,216,350,61.7,23.71,MEDIUM
2026-09-22T21:13:03.328918,J3,City Center,335,400,83.8,16.92,MEDIUM
2026-09-22T21:13:03.328918,J4,University Road,145,300,48.3,31.12,LOW
2026-09-22T21:13:03.328918,J5,Hospital Road,201,280,71.8,20.01,MEDIUM
2026-09-22T21:13:03.328918,J6,Airport Road,242,350,69.1,29.77,MEDIUM
2026-09-22T21:13:08.337205,J1,Main Market,179,300,59.7,30.78,LOW
2026-09-22T21:13:08.337205,J2,Railway Square,237,350,67.7,26.95,MEDIUM
2026-09-22T21:13:08.337205,J3,City Center,340,400,85.0,19.74,MEDIUM
2026-09-22T21:13:08.337205,J4,University Road,159,300,53.0,36.04,LOW
2026-09-22T21:13:08.337205,J5,Hospital Road,208,280,74.3,26.48,MEDIUM
2026-09-22T21:13:08.337205,J6,Airport Road,235,350,67.1,27.74,MEDIUM
2026-09-22T21:13:13.353489,J1,Main Market,163,300,54.3,34.61,LOW
2026-09-22T21:13:13.353489,J2,Railway Square,252,350,72.0,21.91,MEDIUM
2026-09-22T21:13:13.353489,J3,City Center,352,400,88.0,19.34,MEDIUM
2026-09-22T21:13:13.353489,J4,University Road,162,300,54.0,33.66,LOW
2026-09-22T21:13:13.353489,J5,Hospital Road,211,280,75.4,25.09,MEDIUM
2026-09-22T21:13:13.353489,J6,Airport Road,208,350,59.4,32.89,LOW
2026-09-22T21:13:18.715879,J1,Main Market,158,300,52.7,37.8,LOW
2026-09-22T21:13:18.715879,J2,Railway Square,219,350,62.6,21.04,MEDIUM
2026-09-22T21:13:18.715879,J3,City Center,324,400,81.0,18.42,MEDIUM
2026-09-22T21:13:18.715879,J4,University Road,166,300,55.3,36.42,LOW
2026-09-22T21:13:18.715879,J5,Hospital Road,192,280,68.6,21.22,MEDIUM
2026-09-22T21:13:18.715879,J6,Airport Road,241,350,68.9,25.92,MEDIUM
2026-09-22T21:13:23.727198,J1,Main Market,170,300,56.7,34.3,LOW
2026-09-22T21:13:23.727198,J2,Railway Square,233,350,66.6,22.45,MEDIUM
2026-09-22T21:13:23.727198,J3,City Center,361,400,90.2,16.0,HIGH
2026-09-22T21:13:23.727198,J4,University Road,143,300,47.7,36.13,LOW
2026-09-22T21:13:23.727198,J5,Hospital Road,213,280,76.1,25.39,MEDIUM
2026-09-22T21:13:23.727198,J6,Airport Road,229,350,65.4,24.16,MEDIUM
2026-09-22T21:13:28.742289,J1,Main Market,171,300,57.0,39.44,LOW
2026-09-22T21:13:28.742289,J2,Railway Square,255,350,72.9,28.05,MEDIUM
2026-09-22T21:13:28.742289,J3,City Center,328,400,82.0,20.97,MEDIUM
2026-09-22T21:13:28.742289,J4,University Road,162,300,54.0,32.43,LOW
2026-09-22T21:13:28.742289,J5,Hospital Road,197,280,70.4,22.95,MEDIUM
2026-09-22T21:13:28.742289,J6,Airport Road,205,350,58.6,30.68,LOW
2026-09-22T21:13:33.753063,J1,Main Market,172,300,57.3,32.83,LOW
2026-09-22T21:13:33.753063,J2,Railway Square,225,350,64.3,21.06,MEDIUM
2026-09-22T21:13:33.753063,J3,City Center,360,400,90.0,15.79,HIGH
2026-09-22T21:13:33.753063,J4,University Road,164,300,54.7,34.2,LOW
2026-09-22T21:13:33.753063,J5,Hospital Road,198,280,70.7,29.02,MEDIUM
2026-09-22T21:13:33.753063,J6,Airport Road,212,350,60.6,26.76,MEDIUM
2026-09-22T21:13:38.769596,J1,Main Market,157,300,52.3,37.0,LOW
2026-09-22T21:13:38.769596,J2,Railway Square,230,350,65.7,24.79,MEDIUM
2026-09-22T21:13:38.769596,J3,City Center,341,400,85.2,19.95,MEDIUM
2026-09-22T21:13:38.769596,J4,University Road,152,300,50.7,31.02,LOW
2026-09-22T21:13:38.769596,J5,Hospital Road,186,280,66.4,20.67,MEDIUM
2026-09-22T21:13:38.769596,J6,Airport Road,217,350,62.0,23.16,MEDIUM
2026-09-22T21:13:43.775362,J1,Main Market,188,300,62.7,28.99,MEDIUM
2026-09-22T21:13:43.775362,J2,Railway Square,241,350,68.9,22.63,MEDIUM
2026-09-22T21:13:43.775362,J3,City Center,387,400,96.8,15.44,HIGH
2026-09-22T21:13:43.775362,J4,University Road,143,300,47.7,36.42,LOW
2026-09-22T21:13:43.775362,J5,Hospital Road,217,280,77.5,24.24,MEDIUM
2026-09-22T21:13:43.775362,J6,Airport Road,229,350,65.4,27.61,MEDIUM
2026-09-22T21:13:48.785724,J1,Main Market,182,300,60.7,20.31,MEDIUM
2026-09-22T21:13:48.785724,J2,Railway Square,238,350,68.0,29.52,MEDIUM
2026-09-22T21:13:48.785724,J3,City Center,350,400,87.5,18.63,MEDIUM
2026-09-22T21:13:48.785724,J4,University Road,156,300,52.0,38.15,LOW
2026-09-22T21:13:48.785724,J5,Hospital Road,219,280,78.2,25.59,MEDIUM
2026-09-22T21:13:48.785724,J6,Airport Road,211,350,60.3,27.9,MEDIUM
2026-09-22T21:13:53.794437,J1,Main Market,185,300,61.7,27.48,MEDIUM
2026-09-22T21:13:53.794437,J2,Railway Square,240,350,68.6,29.56,MEDIUM
2026-09-22T21:13:53.794437,J3,City Center,335,400,83.8,17.4,MEDIUM
2026-09-22T21:13:53.794437,J4,University Road,145,300,48.3,32.58,LOW
2026-09-22T21:13:53.794437,J5,Hospital Road,199,280,71.1,26.64,MEDIUM
2026-09-22T21:13:53.794437,J6,Airport Road,218,350,62.3,22.95,MEDIUM
2026-09-22T21:13:58.818867,J1,Main Market,159,300,53.0,31.64,LOW
2026-09-22T21:13:58.818867,J2,Railway Square,262,350,74.9,28.34,MEDIUM
2026-09-22T21:13:58.818867,J3,City Center,357,400,89.2,20.48,MEDIUM
2026-09-22T21:13:58.818867,J4,University Road,162,300,54.0,39.36,LOW
2026-09-22T21:13:58.818867,J5,Hospital Road,199,280,71.1,29.94,MEDIUM
2026-09-22T21:13:58.818867,J6,Airport Road,217,350,62.0,24.5,MEDIUM
2026-09-22T21:14:03.837498,J1,Main Market,167,300,55.7,33.95,LOW
2026-09-22T21:14:03.837498,J2,Railway Square,222,350,63.4,20.92,MEDIUM
2026-09-22T21:14:03.837498,J3,City Center,362,400,90.5,17.24,HIGH
2026-09-22T21:14:03.837498,J4,University Road,159,300,53.0,35.89,LOW
2026-09-22T21:14:03.837498,J5,Hospital Road,217,280,77.5,26.88,MEDIUM
2026-09-22T21:14:03.837498,J6,Airport Road,213,350,60.9,25.71,MEDIUM
2026-09-22T21:14:08.878824,J1,Main Market,157,300,52.3,31.33,LOW
2026-09-22T21:14:08.878824,J2,Railway Square,259,350,74.0,20.11,MEDIUM
2026-09-22T21:14:08.878824,J3,City Center,391,400,97.8,21.49,HIGH
2026-09-22T21:14:08.878824,J4,University Road,143,300,47.7,39.21,LOW
2026-09-22T21:14:08.878824,J5,Hospital Road,220,280,78.6,27.79,MEDIUM
2026-09-22T21:14:08.878824,J6,Airport Road,206,350,58.9,35.29,LOW
2026-09-22T21:14:13.887046,J1,Main Market,183,300,61.0,23.36,MEDIUM
2026-09-22T21:14:13.887046,J2,Railway Square,251,350,71.7,26.63,MEDIUM
2026-09-22T21:14:13.887046,J3,City Center,349,400,87.2,15.5,MEDIUM
2026-09-22T21:14:13.887046,J4,University Road,149,300,49.7,32.29,LOW
2026-09-22T21:14:13.887046,J5,Hospital Road,215,280,76.8,24.33,MEDIUM
2026-09-22T21:14:13.887046,J6,Airport Road,219,350,62.6,22.78,MEDIUM
2026-09-22T21:14:18.936393,J1,Main Market,186,300,62.0,26.42,MEDIUM
2026-09-22T21:14:18.936393,J2,Railway Square,238,350,68.0,22.49,MEDIUM
2026-09-22T21:14:18.936393,J3,City Center,349,400,87.2,12.01,HIGH
2026-09-22T21:14:18.936393,J4,University Road,150,300,50.0,37.6,LOW
2026-09-22T21:14:18.936393,J5,Hospital Road,217,280,77.5,21.87,MEDIUM
2026-09-22T21:14:18.936393,J6,Airport Road,201,350,57.4,33.62,LOW
2026-09-22T21:14:23.959726,J1,Main Market,183,300,61.0,25.59,MEDIUM
2026-09-22T21:14:23.959726,J2,Railway Square,259,350,74.0,23.36,MEDIUM
2026-09-22T21:14:23.959726,J3,City Center,356,400,89.0,17.15,MEDIUM
2026-09-22T21:14:23.959726,J4,University Road,162,300,54.0,35.9,LOW
2026-09-22T21:14:23.959726,J5,Hospital Road,214,280,76.4,24.34,MEDIUM
2026-09-22T21:14:23.959726,J6,Airport Road,237,350,67.7,29.83,MEDIUM
2026-09-22T21:14:28.984976,J1,Main Market,155,300,51.7,31.79,LOW
2026-09-22T21:14:28.984976,J2,Railway Square,256,350,73.1,23.38,MEDIUM
2026-09-22T21:14:28.984976,J3,City Center,331,400,82.8,21.61,MEDIUM
2026-09-22T21:14:28.984976,J4,University Road,147,300,49.0,32.81,LOW
2026-09-22T21:14:28.984976,J5,Hospital Road,204,280,72.9,22.26,MEDIUM
2026-09-22T21:14:28.984976,J6,Airport Road,212,350,60.6,23.16,MEDIUM
2026-09-22T21:14:34.161670,J1,Main Market,175,300,58.3,32.48,LOW
2026-09-22T21:14:34.161670,J2,Railway Square,222,350,63.4,24.51,MEDIUM
2026-09-22T21:14:34.161670,J3,City Center,332,400,83.0,13.05,HIGH
2026-09-22T21:14:34.161670,J4,University Road,142,300,47.3,30.75,LOW
2026-09-22T21:14:34.161670,J5,Hospital Road,192,280,68.6,21.62,MEDIUM
2026-09-22T21:14:34.161670,J6,Airport Road,238,350,68.0,27.53,MEDIUM
2026-09-22T21:14:39.715638,J1,Main Market,171,300,57.0,35.23,LOW
2026-09-22T21:14:39.715638,J2,Railway Square,226,350,64.6,25.09,MEDIUM
2026-09-22T21:14:39.715638,J3,City Center,356,400,89.0,13.2,HIGH
2026-09-22T21:14:39.715638,J4,University Road,142,300,47.3,33.11,LOW
2026-09-22T21:14:39.715638,J5,Hospital Road,189,280,67.5,26.65,MEDIUM
2026-09-22T21:14:39.715638,J6,Airport Road,202,350,57.7,36.71,LOW
2026-09-22T21:14:44.739031,J1,Main Market,162,300,54.0,30.9,LOW
2026-09-22T21:14:44.739031,J2,Railway Square,222,350,63.4,23.78,MEDIUM
2026-09-22T21:14:44.739031,J3,City Center,358,400,89.5,17.88,MEDIUM
2026-09-22T21:14:44.739031,J4,University Road,166,300,55.3,34.45,LOW
2026-09-22T21:14:44.739031,J5,Hospital Road,203,280,72.5,27.29,MEDIUM
2026-09-22T21:14:44.739031,J6,Airport Road,230,350,65.7,28.49,MEDIUM
2026-09-22T21:14:49.758485,J1,Main Market,186,300,62.0,26.16,MEDIUM
2026-09-22T21:14:49.758485,J2,Railway Square,215,350,61.4,20.32,MEDIUM
2026-09-22T21:14:49.758485,J3,City Center,383,400,95.8,20.34,HIGH
2026-09-22T21:14:49.758485,J4,University Road,168,300,56.0,37.76,LOW
2026-09-22T21:14:49.758485,J5,Hospital Road,189,280,67.5,26.63,MEDIUM
2026-09-22T21:14:49.758485,J6,Airport Road,213,350,60.9,22.64,MEDIUM
2026-09-22T21:14:54.765622,J1,Main Market,156,300,52.0,39.38,LOW
2026-09-22T21:14:54.765622,J2,Railway Square,259,350,74.0,20.44,MEDIUM
2026-09-22T21:14:54.765622,J3,City Center,347,400,86.8,19.32,MEDIUM
2026-09-22T21:14:54.765622,J4,University Road,168,300,56.0,32.53,LOW
2026-09-22T21:14:54.765622,J5,Hospital Road,212,280,75.7,29.86,MEDIUM
2026-09-22T21:14:54.765622,J6,Airport Road,218,350,62.3,22.14,MEDIUM
2026-09-22T21:14:59.802108,J1,Main Market,179,300,59.7,30.33,LOW
2026-09-22T21:14:59.802108,J2,Railway Square,218,350,62.3,24.69,MEDIUM
2026-09-22T21:14:59.802108,J3,City Center,379,400,94.8,14.23,HIGH
2026-09-22T21:14:59.802108,J4,University Road,145,300,48.3,39.79,LOW
2026-09-22T21:14:59.802108,J5,Hospital Road,210,280,75.0,27.81,MEDIUM
2026-09-22T21:14:59.802108,J6,Airport Road,198,350,56.6,31.44,LOW
2026-09-22T21:15:04.812576,J1,Main Market,190,300,63.3,26.19,MEDIUM
2026-09-22T21:15:04.812576,J2,Railway Square,228,350,65.1,22.2,MEDIUM
2026-09-22T21:15:04.812576,J3,City Center,346,400,86.5,21.06,MEDIUM
2026-09-22T21:15:04.812576,J4,University Road,172,300,57.3,34.66,LOW
2026-09-22T21:15:04.812576,J5,Hospital Road,224,280,80.0,21.36,MEDIUM
2026-09-22T21:15:04.812576,J6,Airport Road,210,350,60.0,28.67,MEDIUM
2026-09-22T21:15:09.820167,J1,Main Market,167,300,55.7,39.24,LOW
2026-09-22T21:15:09.820167,J2,Railway Square,245,350,70.0,23.46,MEDIUM
2026-09-22T21:15:09.820167,J3,City Center,340,400,85.0,21.12,MEDIUM
2026-09-22T21:15:09.820167,J4,University Road,159,300,53.0,31.39,LOW
2026-09-22T21:15:09.820167,J5,Hospital Road,203,280,72.5,23.12,MEDIUM
2026-09-22T21:15:09.820167,J6,Airport Road,207,350,59.1,38.61,LOW
2026-09-22T21:15:14.828935,J1,Main Market,187,300,62.3,23.45,MEDIUM
2026-09-22T21:15:14.828935,J2,Railway Square,232,350,66.3,29.76,MEDIUM
2026-09-22T21:15:14.828935,J3,City Center,326,400,81.5,20.35,MEDIUM
2026-09-22T21:15:14.828935,J4,University Road,153,300,51.0,30.23,LOW
2026-09-22T21:15:14.828935,J5,Hospital Road,199,280,71.1,21.64,MEDIUM
2026-09-22T21:15:14.828935,J6,Airport Road,227,350,64.9,22.86,MEDIUM
2026-09-22T21:15:19.846966,J1,Main Market,180,300,60.0,24.43,MEDIUM
2026-09-22T21:15:19.846966,J2,Railway Square,224,350,64.0,29.97,MEDIUM
2026-09-22T21:15:19.846966,J3,City Center,352,400,88.0,19.48,MEDIUM
2026-09-22T21:15:19.846966,J4,University Road,147,300,49.0,37.69,LOW
2026-09-22T21:15:19.846966,J5,Hospital Road,198,280,70.7,24.51,MEDIUM
2026-09-22T21:15:19.846966,J6,Airport Road,230,350,65.7,25.54,MEDIUM
2026-09-22T21:15:24.863770,J1,Main Market,186,300,62.0,23.87,MEDIUM
2026-09-22T21:15:24.863770,J2,Railway Square,258,350,73.7,29.56,MEDIUM
2026-09-22T21:15:24.863770,J3,City Center,388,400,97.0,18.34,HIGH
2026-09-22T21:15:24.863770,J4,University Road,152,300,50.7,35.11,LOW
2026-09-22T21:15:24.863770,J5,Hospital Road,197,280,70.4,25.57,MEDIUM
2026-09-22T21:15:24.863770,J6,Airport Road,237,350,67.7,28.16,MEDIUM
2026-09-22T21:15:29.872782,J1,Main Market,189,300,63.0,23.23,MEDIUM
2026-09-22T21:15:29.872782,J2,Railway Square,223,350,63.7,28.89,MEDIUM
2026-09-22T21:15:29.872782,J3,City Center,327,400,81.8,12.61,HIGH
2026-09-22T21:15:29.872782,J4,University Road,172,300,57.3,30.94,LOW
2026-09-22T21:15:29.872782,J5,Hospital Road,199,280,71.1,27.77,MEDIUM
2026-09-22T21:15:29.872782,J6,Airport Road,234,350,66.9,28.37,MEDIUM
2026-09-22T21:15:34.890432,J1,Main Market,158,300,52.7,36.2,LOW
2026-09-22T21:15:34.890432,J2,Railway Square,261,350,74.6,26.7,MEDIUM
2026-09-22T21:15:34.890432,J3,City Center,389,400,97.2,14.84,HIGH
2026-09-22T21:15:34.890432,J4,University Road,148,300,49.3,35.31,LOW
2026-09-22T21:15:34.890432,J5,Hospital Road,222,280,79.3,28.66,MEDIUM
2026-09-22T21:15:34.890432,J6,Airport Road,232,350,66.3,24.23,MEDIUM
2026-09-22T21:15:39.899979,J1,Main Market,179,300,59.7,34.69,LOW
2026-09-22T21:15:39.899979,J2,Railway Square,232,350,66.3,28.83,MEDIUM
2026-09-22T21:15:39.899979,J3,City Center,349,400,87.2,20.67,MEDIUM
2026-09-22T21:15:39.899979,J4,University Road,168,300,56.0,36.09,LOW
2026-09-22T21:15:39.899979,J5,Hospital Road,199,280,71.1,27.14,MEDIUM
2026-09-22T21:15:39.899979,J6,Airport Road,219,350,62.6,26.03,MEDIUM
2026-09-22T21:15:44.910408,J1,Main Market,178,300,59.3,32.38,LOW
2026-09-22T21:15:44.910408,J2,Railway Square,258,350,73.7,28.17,MEDIUM
2026-09-22T21:15:44.910408,J3,City Center,377,400,94.2,21.96,HIGH
2026-09-22T21:15:44.910408,J4,University Road,146,300,48.7,36.1,LOW
2026-09-22T21:15:44.910408,J5,Hospital Road,197,280,70.4,26.92,MEDIUM
2026-09-22T21:15:44.910408,J6,Airport Road,212,350,60.6,21.57,MEDIUM
2026-09-22T21:15:49.924806,J1,Main Market,167,300,55.7,39.51,LOW
2026-09-22T21:15:49.924806,J2,Railway Square,254,350,72.6,28.79,MEDIUM
2026-09-22T21:15:49.924806,J3,City Center,358,400,89.5,16.13,MEDIUM
2026-09-22T21:15:49.924806,J4,University Road,142,300,47.3,32.57,LOW
2026-09-22T21:15:49.924806,J5,Hospital Road,190,280,67.9,26.62,MEDIUM
2026-09-22T21:15:49.924806,J6,Airport Road,225,350,64.3,23.66,MEDIUM
2026-09-22T21:15:54.935087,J1,Main Market,186,300,62.0,25.53,MEDIUM
2026-09-22T21:15:54.935087,J2,Railway Square,237,350,67.7,29.66,MEDIUM
2026-09-22T21:15:54.935087,J3,City Center,391,400,97.8,12.25,HIGH
2026-09-22T21:15:54.935087,J4,University Road,152,300,50.7,38.1,LOW
2026-09-22T21:15:54.935087,J5,Hospital Road,205,280,73.2,23.31,MEDIUM
2026-09-22T21:15:54.935087,J6,Airport Road,216,350,61.7,20.33,MEDIUM
2026-09-22T21:15:59.940877,J1,Main Market,170,300,56.7,36.96,LOW
2026-09-22T21:15:59.940877,J2,Railway Square,253,350,72.3,27.15,MEDIUM
2026-09-22T21:15:59.940877,J3,City Center,388,400,97.0,15.35,HIGH
2026-09-22T21:15:59.940877,J4,University Road,148,300,49.3,33.95,LOW
2026-09-22T21:15:59.940877,J5,Hospital Road,218,280,77.9,24.56,MEDIUM
2026-09-22T21:15:59.940877,J6,Airport Road,215,350,61.4,29.91,MEDIUM
2026-09-22T21:16:04.951403,J1,Main Market,171,300,57.0,36.15,LOW
2026-09-22T21:16:04.951403,J2,Railway Square,258,350,73.7,21.86,MEDIUM
2026-09-22T21:16:04.951403,J3,City Center,348,400,87.0,19.36,MEDIUM
2026-09-22T21:16:04.951403,J4,University Road,141,300,47.0,33.71,LOW
2026-09-22T21:16:04.951403,J5,Hospital Road,186,280,66.4,20.21,MEDIUM
2026-09-22T21:16:04.951403,J6,Airport Road,226,350,64.6,27.15,MEDIUM
2026-09-22T21:16:09.961299,J1,Main Market,168,300,56.0,36.47,LOW
2026-09-22T21:16:09.961299,J2,Railway Square,232,350,66.3,20.61,MEDIUM
2026-09-22T21:16:09.961299,J3,City Center,391,400,97.8,17.9,HIGH
2026-09-22T21:16:09.961299,J4,University Road,162,300,54.0,34.79,LOW
2026-09-22T21:16:09.961299,J5,Hospital Road,219,280,78.2,29.66,MEDIUM
2026-09-22T21:16:09.961299,J6,Airport Road,221,350,63.1,27.54,MEDIUM
2026-09-22T21:16:14.966990,J1,Main Market,172,300,57.3,30.54,LOW
2026-09-22T21:16:14.966990,J2,Railway Square,252,350,72.0,23.86,MEDIUM
2026-09-22T21:16:14.966990,J3,City Center,373,400,93.2,16.96,HIGH
2026-09-22T21:16:14.966990,J4,University Road,160,300,53.3,35.55,LOW
2026-09-22T21:16:14.966990,J5,Hospital Road,185,280,66.1,21.42,MEDIUM
2026-09-22T21:16:14.966990,J6,Airport Road,228,350,65.1,25.08,MEDIUM
2026-09-22T21:16:19.995690,J1,Main Market,183,300,61.0,28.08,MEDIUM
2026-09-22T21:16:19.995690,J2,Railway Square,241,350,68.9,20.94,MEDIUM
2026-09-22T21:16:19.995690,J3,City Center,322,400,80.5,18.66,MEDIUM
2026-09-22T21:16:19.995690,J4,University Road,159,300,53.0,39.72,LOW
2026-09-22T21:16:19.995690,J5,Hospital Road,196,280,70.0,28.02,MEDIUM
2026-09-22T21:16:19.995690,J6,Airport Road,223,350,63.7,21.4,MEDIUM
2026-09-22T21:16:25.300566,J1,Main Market,177,300,59.0,38.88,LOW
2026-09-22T21:16:25.300566,J2,Railway Square,247,350,70.6,24.15,MEDIUM
2026-09-22T21:16:25.300566,J3,City Center,357,400,89.2,14.25,HIGH
2026-09-22T21:16:25.300566,J4,University Road,164,300,54.7,34.79,LOW
2026-09-22T21:16:25.300566,J5,Hospital Road,189,280,67.5,27.29,MEDIUM
2026-09-22T21:16:25.300566,J6,Airport Road,237,350,67.7,24.3,MEDIUM
2026-09-22T21:16:30.349996,J1,Main Market,180,300,60.0,22.29,MEDIUM
2026-09-22T21:16:30.349996,J2,Railway Square,225,350,64.3,22.87,MEDIUM
2026-09-22T21:16:30.349996,J3,City Center,369,400,92.2,16.43,HIGH
2026-09-22T21:16:30.349996,J4,University Road,143,300,47.7,37.13,LOW
2026-09-22T21:16:30.349996,J5,Hospital Road,223,280,79.6,27.76,MEDIUM
2026-09-22T21:16:30.349996,J6,Airport Road,202,350,57.7,32.24,LOW
2026-09-22T21:16:35.361889,J1,Main Market,165,300,55.0,37.06,LOW
2026-09-22T21:16:35.361889,J2,Railway Square,232,350,66.3,28.86,MEDIUM
2026-09-22T21:16:35.361889,J3,City Center,382,400,95.5,15.01,HIGH
2026-09-22T21:16:35.361889,J4,University Road,167,300,55.7,32.32,LOW
2026-09-22T21:16:35.361889,J5,Hospital Road,220,280,78.6,28.86,MEDIUM
2026-09-22T21:16:35.361889,J6,Airport Road,223,350,63.7,21.3,MEDIUM
2026-09-22T21:16:40.367417,J1,Main Market,187,300,62.3,25.95,MEDIUM
2026-09-22T21:16:40.367417,J2,Railway Square,248,350,70.9,29.48,MEDIUM
2026-09-22T21:16:40.367417,J3,City Center,337,400,84.2,12.76,HIGH
2026-09-22T21:16:40.367417,J4,University Road,153,300,51.0,38.71,LOW
2026-09-22T21:16:40.367417,J5,Hospital Road,200,280,71.4,23.03,MEDIUM
2026-09-22T21:16:40.367417,J6,Airport Road,221,350,63.1,20.91,MEDIUM
2026-09-22T21:16:45.379895,J1,Main Market,183,300,61.0,22.96,MEDIUM
2026-09-22T21:16:45.379895,J2,Railway Square,228,350,65.1,21.5,MEDIUM
2026-09-22T21:16:45.379895,J3,City Center,385,400,96.2,17.31,HIGH
2026-09-22T21:16:45.379895,J4,University Road,151,300,50.3,36.12,LOW
2026-09-22T21:16:45.379895,J5,Hospital Road,201,280,71.8,22.16,MEDIUM
2026-09-22T21:16:45.379895,J6,Airport Road,214,350,61.1,24.18,MEDIUM
2026-09-22T21:16:50.456364,J1,Main Market,185,300,61.7,24.0,MEDIUM
2026-09-22T21:16:50.456364,J2,Railway Square,245,350,70.0,20.95,MEDIUM
2026-09-22T21:16:50.456364,J3,City Center,390,400,97.5,18.53,HIGH
2026-09-22T21:16:50.456364,J4,University Road,145,300,48.3,34.05,LOW
2026-09-22T21:16:50.456364,J5,Hospital Road,197,280,70.4,20.31,MEDIUM
2026-09-22T21:16:50.456364,J6,Airport Road,235,350,67.1,25.25,MEDIUM
2026-09-22T21:16:55.488891,J1,Main Market,183,300,61.0,26.97,MEDIUM
2026-09-22T21:16:55.488891,J2,Railway Square,229,350,65.4,24.19,MEDIUM
2026-09-22T21:16:55.488891,J3,City Center,384,400,96.0,18.33,HIGH
2026-09-22T21:16:55.488891,J4,University Road,169,300,56.3,33.96,LOW
2026-09-22T21:16:55.488891,J5,Hospital Road,203,280,72.5,26.18,MEDIUM
2026-09-22T21:16:55.488891,J6,Airport Road,241,350,68.9,28.31,MEDIUM
2026-09-22T21:17:00.539950,J1,Main Market,171,300,57.0,30.12,LOW
2026-09-22T21:17:00.539950,J2,Railway Square,221,350,63.1,23.5,MEDIUM
2026-09-22T21:17:00.539950,J3,City Center,337,400,84.2,14.85,HIGH
2026-09-22T21:17:00.539950,J4,University Road,143,300,47.7,39.76,LOW
2026-09-22T21:17:00.539950,J5,Hospital Road,185,280,66.1,24.2,MEDIUM
2026-09-22T21:17:00.539950,J6,Airport Road,202,350,57.7,31.07,LOW
2026-09-22T21:17:05.560315,J1,Main Market,169,300,56.3,35.47,LOW
2026-09-22T21:17:05.560315,J2,Railway Square,237,350,67.7,28.02,MEDIUM
2026-09-22T21:17:05.560315,J3,City Center,372,400,93.0,16.29,HIGH
2026-09-22T21:17:05.560315,J4,University Road,155,300,51.7,31.34,LOW
2026-09-22T21:17:05.560315,J5,Hospital Road,198,280,70.7,29.06,MEDIUM
2026-09-22T21:17:05.560315,J6,Airport Road,238,350,68.0,25.65,MEDIUM
2026-09-22T21:17:10.573799,J1,Main Market,176,300,58.7,34.72,LOW
2026-09-22T21:17:10.573799,J2,Railway Square,230,350,65.7,24.18,MEDIUM
2026-09-22T21:17:10.573799,J3,City Center,325,400,81.2,14.08,HIGH
2026-09-22T21:17:10.573799,J4,University Road,154,300,51.3,34.26,LOW
2026-09-22T21:17:10.573799,J5,Hospital Road,217,280,77.5,21.9,MEDIUM
2026-09-22T21:17:10.573799,J6,Airport Road,217,350,62.0,28.13,MEDIUM
2026-09-22T21:17:15.612044,J1,Main Market,161,300,53.7,37.84,LOW
2026-09-22T21:17:15.612044,J2,Railway Square,229,350,65.4,26.7,MEDIUM
2026-09-22T21:17:15.612044,J3,City Center,388,400,97.0,20.67,HIGH
2026-09-22T21:17:15.612044,J4,University Road,164,300,54.7,32.1,LOW
2026-09-22T21:17:15.612044,J5,Hospital Road,214,280,76.4,25.08,MEDIUM
2026-09-22T21:17:15.612044,J6,Airport Road,217,350,62.0,27.69,MEDIUM
2026-09-22T21:17:20.693914,J1,Main Market,165,300,55.0,39.42,LOW
2026-09-22T21:17:20.693914,J2,Railway Square,260,350,74.3,28.05,MEDIUM
2026-09-22T21:17:20.693914,J3,City Center,334,400,83.5,12.69,HIGH
2026-09-22T21:17:20.693914,J4,University Road,146,300,48.7,34.53,LOW
2026-09-22T21:17:20.693914,J5,Hospital Road,206,280,73.6,25.47,MEDIUM
2026-09-22T21:17:20.693914,J6,Airport Road,241,350,68.9,22.2,MEDIUM
2026-09-22T21:17:25.705668,J1,Main Market,174,300,58.0,31.57,LOW
2026-09-22T21:17:25.705668,J2,Railway Square,231,350,66.0,22.4,MEDIUM
2026-09-22T21:17:25.705668,J3,City Center,391,400,97.8,20.98,HIGH
2026-09-22T21:17:25.705668,J4,University Road,167,300,55.7,30.95,LOW
2026-09-22T21:17:25.705668,J5,Hospital Road,199,280,71.1,25.99,MEDIUM
2026-09-22T21:17:25.705668,J6,Airport Road,232,350,66.3,25.16,MEDIUM
2026-09-22T21:17:30.710456,J1,Main Market,166,300,55.3,35.8,LOW
2026-09-22T21:17:30.710456,J2,Railway Square,223,350,63.7,22.58,MEDIUM
2026-09-22T21:17:30.710456,J3,City Center,334,400,83.5,18.23,MEDIUM
2026-09-22T21:17:30.710456,J4,University Road,169,300,56.3,38.38,LOW
2026-09-22T21:17:30.710456,J5,Hospital Road,211,280,75.4,29.51,MEDIUM
2026-09-22T21:17:30.710456,J6,Airport Road,239,350,68.3,28.69,MEDIUM
2026-09-22T21:17:35.715613,J1,Main Market,173,300,57.7,35.63,LOW
2026-09-22T21:17:35.715613,J2,Railway Square,253,350,72.3,26.61,MEDIUM
2026-09-22T21:17:35.715613,J3,City Center,387,400,96.8,16.83,HIGH
2026-09-22T21:17:35.715613,J4,University Road,169,300,56.3,36.03,LOW
2026-09-22T21:17:35.715613,J5,Hospital Road,215,280,76.8,28.29,MEDIUM
2026-09-22T21:17:35.715613,J6,Airport Road,206,350,58.9,30.05,LOW
2026-09-22T21:17:40.733298,J1,Main Market,188,300,62.7,26.12,MEDIUM
2026-09-22T21:17:40.733298,J2,Railway Square,261,350,74.6,23.1,MEDIUM
2026-09-22T21:17:40.733298,J3,City Center,334,400,83.5,14.5,HIGH
2026-09-22T21:17:40.733298,J4,University Road,144,300,48.0,31.51,LOW
2026-09-22T21:17:40.733298,J5,Hospital Road,188,280,67.1,22.29,MEDIUM
2026-09-22T21:17:40.733298,J6,Airport Road,229,350,65.4,27.98,MEDIUM
2026-09-22T21:17:45.747675,J1,Main Market,183,300,61.0,24.17,MEDIUM
2026-09-22T21:17:45.747675,J2,Railway Square,252,350,72.0,22.39,MEDIUM
2026-09-22T21:17:45.747675,J3,City Center,377,400,94.2,20.81,HIGH
2026-09-22T21:17:45.747675,J4,University Road,154,300,51.3,32.1,LOW
2026-09-22T21:17:45.747675,J5,Hospital Road,187,280,66.8,21.15,MEDIUM
2026-09-22T21:17:45.747675,J6,Airport Road,202,350,57.7,38.85,LOW
2026-09-22T21:17:50.758818,J1,Main Market,190,300,63.3,21.07,MEDIUM
2026-09-22T21:17:50.758818,J2,Railway Square,240,350,68.6,25.02,MEDIUM
2026-09-22T21:17:50.758818,J3,City Center,325,400,81.2,18.75,MEDIUM
2026-09-22T21:17:50.758818,J4,University Road,155,300,51.7,30.63,LOW
2026-09-22T21:17:50.758818,J5,Hospital Road,195,280,69.6,26.31,MEDIUM
2026-09-22T21:17:50.758818,J6,Airport Road,215,350,61.4,25.97,MEDIUM
2026-09-22T21:17:55.769989,J1,Main Market,166,300,55.3,32.21,LOW
2026-09-22T21:17:55.769989,J2,Railway Square,235,350,67.1,25.71,MEDIUM
2026-09-22T21:17:55.769989,J3,City Center,326,400,81.5,17.22,MEDIUM
2026-09-22T21:17:55.769989,J4,University Road,142,300,47.3,39.32,LOW
2026-09-22T21:17:55.769989,J5,Hospital Road,225,280,80.4,16.08,MEDIUM
2026-09-22T21:17:55.769989,J6,Airport Road,214,350,61.1,26.63,MEDIUM
2026-09-22T21:18:00.785503,J1,Main Market,165,300,55.0,36.37,LOW
2026-09-22T21:18:00.785503,J2,Railway Square,248,350,70.9,22.89,MEDIUM
2026-09-22T21:18:00.785503,J3,City Center,361,400,90.2,19.16,HIGH
2026-09-22T21:18:00.785503,J4,University Road,158,300,52.7,39.72,LOW
2026-09-22T21:18:00.785503,J5,Hospital Road,201,280,71.8,24.29,MEDIUM
2026-09-22T21:18:00.785503,J6,Airport Road,230,350,65.7,25.98,MEDIUM
2026-09-22T21:18:05.809286,J1,Main Market,165,300,55.0,39.03,LOW
2026-09-22T21:18:05.809286,J2,Railway Square,215,350,61.4,28.63,MEDIUM
2026-09-22T21:18:05.809286,J3,City Center,329,400,82.2,20.55,MEDIUM
2026-09-22T21:18:05.809286,J4,University Road,145,300,48.3,31.59,LOW
2026-09-22T21:18:05.809286,J5,Hospital Road,204,280,72.9,27.94,MEDIUM
2026-09-22T21:18:05.809286,J6,Airport Road,232,350,66.3,22.26,MEDIUM
2026-09-22T21:18:10.838323,J1,Main Market,165,300,55.0,38.64,LOW
2026-09-22T21:18:10.838323,J2,Railway Square,215,350,61.4,24.69,MEDIUM
2026-09-22T21:18:10.838323,J3,City Center,343,400,85.8,20.98,MEDIUM
2026-09-22T21:18:10.838323,J4,University Road,150,300,50.0,33.94,LOW
2026-09-22T21:18:10.838323,J5,Hospital Road,213,280,76.1,29.28,MEDIUM
2026-09-22T21:18:10.838323,J6,Airport Road,205,350,58.6,30.88,LOW
2026-09-22T21:18:15.844966,J1,Main Market,170,300,56.7,33.44,LOW
2026-09-22T21:18:15.844966,J2,Railway Square,245,350,70.0,29.32,MEDIUM
2026-09-22T21:18:15.844966,J3,City Center,335,400,83.8,16.6,MEDIUM
2026-09-22T21:18:15.844966,J4,University Road,152,300,50.7,30.44,LOW
2026-09-22T21:18:15.844966,J5,Hospital Road,191,280,68.2,25.04,MEDIUM
2026-09-22T21:18:15.844966,J6,Airport Road,239,350,68.3,20.46,MEDIUM
2026-09-22T21:18:20.854879,J1,Main Market,175,300,58.3,37.35,LOW
2026-09-22T21:18:20.854879,J2,Railway Square,249,350,71.1,23.7,MEDIUM
2026-09-22T21:18:20.854879,J3,City Center,331,400,82.8,21.46,MEDIUM
2026-09-22T21:18:20.854879,J4,University Road,152,300,50.7,33.04,LOW
2026-09-22T21:18:20.854879,J5,Hospital Road,201,280,71.8,27.37,MEDIUM
2026-09-22T21:18:20.854879,J6,Airport Road,203,350,58.0,35.27,LOW
2026-09-22T21:18:25.906331,J1,Main Market,182,300,60.7,20.13,MEDIUM
2026-09-22T21:18:25.906331,J2,Railway Square,233,350,66.6,27.68,MEDIUM
2026-09-22T21:18:25.906331,J3,City Center,340,400,85.0,13.13,HIGH
2026-09-22T21:18:25.906331,J4,University Road,164,300,54.7,36.73,LOW
2026-09-22T21:18:25.906331,J5,Hospital Road,221,280,78.9,29.36,MEDIUM
2026-09-22T21:18:25.906331,J6,Airport Road,223,350,63.7,27.03,MEDIUM
2026-09-22T21:18:30.915424,J1,Main Market,158,300,52.7,35.88,LOW
2026-09-22T21:18:30.915424,J2,Railway Square,231,350,66.0,21.42,MEDIUM
2026-09-22T21:18:30.915424,J3,City Center,384,400,96.0,18.13,HIGH
2026-09-22T21:18:30.915424,J4,University Road,164,300,54.7,37.96,LOW
2026-09-22T21:18:30.915424,J5,Hospital Road,209,280,74.6,21.72,MEDIUM
2026-09-22T21:18:30.915424,J6,Airport Road,210,350,60.0,27.73,MEDIUM
2026-09-22T21:18:35.932677,J1,Main Market,158,300,52.7,36.77,LOW
2026-09-22T21:18:35.932677,J2,Railway Square,233,350,66.6,27.72,MEDIUM
2026-09-22T21:18:35.932677,J3,City Center,337,400,84.2,21.46,MEDIUM
2026-09-22T21:18:35.932677,J4,University Road,168,300,56.0,32.46,LOW
2026-09-22T21:18:35.932677,J5,Hospital Road,206,280,73.6,25.91,MEDIUM
2026-09-22T21:18:35.932677,J6,Airport Road,208,350,59.4,30.88,LOW
2026-09-22T21:18:40.948962,J1,Main Market,183,300,61.0,21.23,MEDIUM
2026-09-22T21:18:40.948962,J2,Railway Square,251,350,71.7,26.75,MEDIUM
2026-09-22T21:18:40.948962,J3,City Center,386,400,96.5,13.47,HIGH
2026-09-22T21:18:40.948962,J4,University Road,166,300,55.3,35.48,LOW
2026-09-22T21:18:40.948962,J5,Hospital Road,206,280,73.6,28.39,MEDIUM
2026-09-22T21:18:40.948962,J6,Airport Road,221,350,63.1,22.41,MEDIUM
2026-09-22T21:18:45.958681,J1,Main Market,162,300,54.0,39.94,LOW
2026-09-22T21:18:45.958681,J2,Railway Square,252,350,72.0,26.76,MEDIUM
2026-09-22T21:18:45.958681,J3,City Center,385,400,96.2,20.23,HIGH
2026-09-22T21:18:45.958681,J4,University Road,170,300,56.7,34.72,LOW
2026-09-22T21:18:45.958681,J5,Hospital Road,188,280,67.1,25.7,MEDIUM
2026-09-22T21:18:45.958681,J6,Airport Road,204,350,58.3,32.49,LOW
2026-09-22T21:18:50.964230,J1,Main Market,165,300,55.0,36.37,LOW
2026-09-22T21:18:50.964230,J2,Railway Square,222,350,63.4,20.8,MEDIUM
2026-09-22T21:18:50.964230,J3,City Center,359,400,89.8,17.16,MEDIUM
2026-09-22T21:18:50.964230,J4,University Road,145,300,48.3,39.47,LOW
2026-09-22T21:18:50.964230,J5,Hospital Road,218,280,77.9,25.36,MEDIUM
2026-09-22T21:18:50.964230,J6,Airport Road,238,350,68.0,26.53,MEDIUM
2026-09-22T21:18:55.972502,J1,Main Market,158,300,52.7,39.12,LOW
2026-09-22T21:18:55.972502,J2,Railway Square,238,350,68.0,27.3,MEDIUM
2026-09-22T21:18:55.972502,J3,City Center,385,400,96.2,15.79,HIGH
2026-09-22T21:18:55.972502,J4,University Road,154,300,51.3,38.17,LOW
2026-09-22T21:18:55.972502,J5,Hospital Road,189,280,67.5,27.17,MEDIUM
2026-09-22T21:18:55.972502,J6,Airport Road,223,350,63.7,29.82,MEDIUM
2026-09-22T21:19:00.987461,J1,Main Market,170,300,56.7,39.21,LOW
2026-09-22T21:19:00.987461,J2,Railway Square,233,350,66.6,26.01,MEDIUM
2026-09-22T21:19:00.987461,J3,City Center,342,400,85.5,17.94,MEDIUM
2026-09-22T21:19:00.987461,J4,University Road,160,300,53.3,34.5,LOW
2026-09-22T21:19:00.987461,J5,Hospital Road,187,280,66.8,23.99,MEDIUM
2026-09-22T21:19:00.987461,J6,Airport Road,205,350,58.6,33.56,LOW
2026-09-22T21:19:06.001893,J1,Main Market,158,300,52.7,38.72,LOW
2026-09-22T21:19:06.001893,J2,Railway Square,241,350,68.9,23.89,MEDIUM
2026-09-22T21:19:06.001893,J3,City Center,340,400,85.0,14.27,HIGH
2026-09-22T21:19:06.001893,J4,University Road,170,300,56.7,34.33,LOW
2026-09-22T21:19:06.001893,J5,Hospital Road,216,280,77.1,23.83,MEDIUM
2026-09-22T21:19:06.001893,J6,Airport Road,229,350,65.4,24.55,MEDIUM
2026-09-22T21:19:11.020233,J1,Main Market,180,300,60.0,20.13,MEDIUM
2026-09-22T21:19:11.020233,J2,Railway Square,242,350,69.1,24.34,MEDIUM
2026-09-22T21:19:11.020233,J3,City Center,385,400,96.2,19.63,HIGH
2026-09-22T21:19:11.020233,J4,University Road,161,300,53.7,32.7,LOW
2026-09-22T21:19:11.020233,J5,Hospital Road,188,280,67.1,24.11,MEDIUM
2026-09-22T21:19:11.020233,J6,Airport Road,224,350,64.0,25.3,MEDIUM
2026-09-22T21:19:16.037608,J1,Main Market,171,300,57.0,38.42,LOW
2026-09-22T21:19:16.037608,J2,Railway Square,248,350,70.9,29.89,MEDIUM
2026-09-22T21:19:16.037608,J3,City Center,347,400,86.8,12.32,HIGH
2026-09-22T21:19:16.037608,J4,University Road,169,300,56.3,36.29,LOW
2026-09-22T21:19:16.037608,J5,Hospital Road,189,280,67.5,26.46,MEDIUM
2026-09-22T21:19:16.037608,J6,Airport Road,219,350,62.6,22.01,MEDIUM
2026-09-22T21:19:21.044548,J1,Main Market,176,300,58.7,30.56,LOW
2026-09-22T21:19:21.044548,J2,Railway Square,216,350,61.7,24.18,MEDIUM
2026-09-22T21:19:21.044548,J3,City Center,344,400,86.0,13.9,HIGH
2026-09-22T21:19:21.044548,J4,University Road,145,300,48.3,32.62,LOW
2026-09-22T21:19:21.044548,J5,Hospital Road,198,280,70.7,26.12,MEDIUM
2026-09-22T21:19:21.044548,J6,Airport Road,235,350,67.1,25.6,MEDIUM
2026-09-22T21:19:26.049930,J1,Main Market,159,300,53.0,31.57,LOW
2026-09-22T21:19:26.049930,J2,Railway Square,260,350,74.3,22.79,MEDIUM
2026-09-22T21:19:26.049930,J3,City Center,359,400,89.8,12.3,HIGH
2026-09-22T21:19:26.049930,J4,University Road,149,300,49.7,36.11,LOW
2026-09-22T21:19:26.049930,J5,Hospital Road,219,280,78.2,25.01,MEDIUM
2026-09-22T21:19:26.049930,J6,Airport Road,215,350,61.4,24.45,MEDIUM
2026-09-22T21:19:31.056379,J1,Main Market,171,300,57.0,37.44,LOW
2026-09-22T21:19:31.056379,J2,Railway Square,240,350,68.6,27.95,MEDIUM
2026-09-22T21:19:31.056379,J3,City Center,367,400,91.8,17.93,HIGH
2026-09-22T21:19:31.056379,J4,University Road,173,300,57.7,31.74,LOW
2026-09-22T21:19:31.056379,J5,Hospital Road,223,280,79.6,25.6,MEDIUM
2026-09-22T21:19:31.056379,J6,Airport Road,232,350,66.3,29.28,MEDIUM
2026-09-22T21:19:36.098255,J1,Main Market,186,300,62.0,28.03,MEDIUM
2026-09-22T21:19:36.098255,J2,Railway Square,253,350,72.3,27.44,MEDIUM
2026-09-22T21:19:36.098255,J3,City Center,339,400,84.8,20.12,MEDIUM
2026-09-22T21:19:36.098255,J4,University Road,160,300,53.3,31.49,LOW
2026-09-22T21:19:36.098255,J5,Hospital Road,201,280,71.8,27.07,MEDIUM
2026-09-22T21:19:36.098255,J6,Airport Road,211,350,60.3,27.43,MEDIUM
2026-09-22T21:19:41.102702,J1,Main Market,184,300,61.3,25.65,MEDIUM
2026-09-22T21:19:41.102702,J2,Railway Square,237,350,67.7,21.65,MEDIUM
2026-09-22T21:19:41.102702,J3,City Center,374,400,93.5,19.62,HIGH
2026-09-22T21:19:41.102702,J4,University Road,157,300,52.3,30.82,LOW
2026-09-22T21:19:41.102702,J5,Hospital Road,213,280,76.1,20.76,MEDIUM
2026-09-22T21:19:41.102702,J6,Airport Road,229,350,65.4,20.82,MEDIUM
2026-09-22T21:19:46.145664,J1,Main Market,174,300,58.0,37.75,LOW
2026-09-22T21:19:46.145664,J2,Railway Square,253,350,72.3,28.03,MEDIUM
2026-09-22T21:19:46.145664,J3,City Center,355,400,88.8,15.02,MEDIUM
2026-09-22T21:19:46.145664,J4,University Road,146,300,48.7,37.17,LOW
2026-09-22T21:19:46.145664,J5,Hospital Road,194,280,69.3,21.13,MEDIUM
2026-09-22T21:19:46.145664,J6,Airport Road,210,350,60.0,29.01,MEDIUM
2026-09-22T21:19:51.170470,J1,Main Market,180,300,60.0,25.36,MEDIUM
2026-09-22T21:19:51.170470,J2,Railway Square,217,350,62.0,20.11,MEDIUM
2026-09-22T21:19:51.170470,J3,City Center,354,400,88.5,16.95,MEDIUM
2026-09-22T21:19:51.170470,J4,University Road,168,300,56.0,30.93,LOW
2026-09-22T21:19:51.170470,J5,Hospital Road,221,280,78.9,26.59,MEDIUM
2026-09-22T21:19:51.170470,J6,Airport Road,218,350,62.3,21.8,MEDIUM
2026-09-22T21:19:56.179226,J1,Main Market,157,300,52.3,30.91,LOW
2026-09-22T21:19:56.179226,J2,Railway Square,221,350,63.1,21.17,MEDIUM
2026-09-22T21:19:56.179226,J3,City Center,340,400,85.0,16.82,MEDIUM
2026-09-22T21:19:56.179226,J4,University Road,151,300,50.3,31.47,LOW
2026-09-22T21:19:56.179226,J5,Hospital Road,212,280,75.7,26.58,MEDIUM
2026-09-22T21:19:56.179226,J6,Airport Road,232,350,66.3,27.85,MEDIUM
2026-09-22T21:20:01.189730,J1,Main Market,165,300,55.0,34.96,LOW
2026-09-22T21:20:01.189730,J2,Railway Square,247,350,70.6,22.25,MEDIUM
2026-09-22T21:20:01.189730,J3,City Center,324,400,81.0,12.23,HIGH
2026-09-22T21:20:01.189730,J4,University Road,149,300,49.7,36.96,LOW
2026-09-22T21:20:01.189730,J5,Hospital Road,208,280,74.3,25.66,MEDIUM
2026-09-22T21:20:01.189730,J6,Airport Road,227,350,64.9,27.67,MEDIUM
2026-09-22T21:20:06.213095,J1,Main Market,178,300,59.3,36.18,LOW
2026-09-22T21:20:06.213095,J2,Railway Square,240,350,68.6,29.5,MEDIUM
2026-09-22T21:20:06.213095,J3,City Center,321,400,80.2,18.69,MEDIUM
2026-09-22T21:20:06.213095,J4,University Road,166,300,55.3,38.63,LOW
2026-09-22T21:20:06.213095,J5,Hospital Road,209,280,74.6,21.73,MEDIUM
2026-09-22T21:20:06.213095,J6,Airport Road,206,350,58.9,32.2,LOW
2026-09-22T21:20:11.224359,J1,Main Market,161,300,53.7,37.87,LOW
2026-09-22T21:20:11.224359,J2,Railway Square,246,350,70.3,24.62,MEDIUM
2026-09-22T21:20:11.224359,J3,City Center,324,400,81.0,21.48,MEDIUM
2026-09-22T21:20:11.224359,J4,University Road,156,300,52.0,35.16,LOW
2026-09-22T21:20:11.224359,J5,Hospital Road,213,280,76.1,20.16,MEDIUM
2026-09-22T21:20:11.224359,J6,Airport Road,227,350,64.9,22.66,MEDIUM
2026-09-22T21:20:16.235619,J1,Main Market,177,300,59.0,36.54,LOW
2026-09-22T21:20:16.235619,J2,Railway Square,238,350,68.0,25.91,MEDIUM
2026-09-22T21:20:16.235619,J3,City Center,332,400,83.0,12.66,HIGH
2026-09-22T21:20:16.235619,J4,University Road,167,300,55.7,36.04,LOW
2026-09-22T21:20:16.235619,J5,Hospital Road,203,280,72.5,26.03,MEDIUM
2026-09-22T21:20:16.235619,J6,Airport Road,208,350,59.4,35.95,LOW
2026-09-22T21:20:21.241582,J1,Main Market,187,300,62.3,21.13,MEDIUM
2026-09-22T21:20:21.241582,J2,Railway Square,216,350,61.7,21.96,MEDIUM
2026-09-22T21:20:21.241582,J3,City Center,367,400,91.8,19.96,HIGH
2026-09-22T21:20:21.241582,J4,University Road,152,300,50.7,36.05,LOW
2026-09-22T21:20:21.241582,J5,Hospital Road,211,280,75.4,24.58,MEDIUM
2026-09-22T21:20:21.241582,J6,Airport Road,218,350,62.3,25.42,MEDIUM
2026-09-22T21:20:26.248583,J1,Main Market,169,300,56.3,39.06,LOW
2026-09-22T21:20:26.248583,J2,Railway Square,215,350,61.4,24.68,MEDIUM
2026-09-22T21:20:26.248583,J3,City Center,361,400,90.2,17.29,HIGH
2026-09-22T21:20:26.248583,J4,University Road,145,300,48.3,33.21,LOW
2026-09-22T21:20:26.248583,J5,Hospital Road,221,280,78.9,23.74,MEDIUM
2026-09-22T21:20:26.248583,J6,Airport Road,218,350,62.3,20.13,MEDIUM
2026-09-22T21:20:31.255251,J1,Main Market,161,300,53.7,32.45,LOW
2026-09-22T21:20:31.255251,J2,Railway Square,252,350,72.0,26.21,MEDIUM
2026-09-22T21:20:31.255251,J3,City Center,342,400,85.5,18.03,MEDIUM
2026-09-22T21:20:31.255251,J4,University Road,149,300,49.7,36.45,LOW
2026-09-22T21:20:31.255251,J5,Hospital Road,211,280,75.4,24.54,MEDIUM
2026-09-22T21:20:31.255251,J6,Airport Road,241,350,68.9,25.91,MEDIUM
2026-09-22T21:20:36.261933,J1,Main Market,176,300,58.7,35.98,LOW
2026-09-22T21:20:36.261933,J2,Railway Square,230,350,65.7,20.65,MEDIUM
2026-09-22T21:20:36.261933,J3,City Center,335,400,83.8,19.66,MEDIUM
2026-09-22T21:20:36.261933,J4,University Road,150,300,50.0,34.54,LOW
2026-09-22T21:20:36.261933,J5,Hospital Road,224,280,80.0,16.0,MEDIUM
2026-09-22T21:20:36.261933,J6,Airport Road,234,350,66.9,29.55,MEDIUM
2026-09-22T21:20:41.268982,J1,Main Market,174,300,58.0,30.4,LOW
2026-09-22T21:20:41.268982,J2,Railway Square,257,350,73.4,20.67,MEDIUM
2026-09-22T21:20:41.268982,J3,City Center,356,400,89.0,20.38,MEDIUM
2026-09-22T21:20:41.268982,J4,University Road,169,300,56.3,33.17,LOW
2026-09-22T21:20:41.268982,J5,Hospital Road,196,280,70.0,24.65,MEDIUM
2026-09-22T21:20:41.268982,J6,Airport Road,240,350,68.6,27.6,MEDIUM
2026-09-22T21:20:46.276906,J1,Main Market,163,300,54.3,32.4,LOW
2026-09-22T21:20:46.276906,J2,Railway Square,248,350,70.9,28.0,MEDIUM
2026-09-22T21:20:46.276906,J3,City Center,330,400,82.5,16.48,MEDIUM
2026-09-22T21:20:46.276906,J4,University Road,154,300,51.3,39.77,LOW
2026-09-22T21:20:46.276906,J5,Hospital Road,201,280,71.8,27.81,MEDIUM
2026-09-22T21:20:46.276906,J6,Airport Road,198,350,56.6,31.17,LOW
2026-09-22T21:20:51.282052,J1,Main Market,156,300,52.0,34.68,LOW
2026-09-22T21:20:51.282052,J2,Railway Square,243,350,69.4,20.37,MEDIUM
2026-09-22T21:20:51.282052,J3,City Center,352,400,88.0,21.08,MEDIUM
2026-09-22T21:20:51.282052,J4,University Road,157,300,52.3,32.68,LOW
2026-09-22T21:20:51.282052,J5,Hospital Road,193,280,68.9,28.92,MEDIUM
2026-09-22T21:20:51.282052,J6,Airport Road,214,350,61.1,22.28,MEDIUM
2026-09-22T21:20:56.301274,J1,Main Market,174,300,58.0,30.44,LOW
2026-09-22T21:20:56.301274,J2,Railway Square,225,350,64.3,24.77,MEDIUM
2026-09-22T21:20:56.301274,J3,City Center,387,400,96.8,12.93,HIGH
2026-09-22T21:20:56.301274,J4,University Road,142,300,47.3,38.7,LOW
2026-09-22T21:20:56.301274,J5,Hospital Road,188,280,67.1,22.62,MEDIUM
2026-09-22T21:20:56.301274,J6,Airport Road,205,350,58.6,38.64,LOW
2026-09-22T21:21:01.320239,J1,Main Market,182,300,60.7,28.29,MEDIUM
2026-09-22T21:21:01.320239,J2,Railway Square,243,350,69.4,25.52,MEDIUM
2026-09-22T21:21:01.320239,J3,City Center,335,400,83.8,15.65,MEDIUM
2026-09-22T21:21:01.320239,J4,University Road,146,300,48.7,36.37,LOW
2026-09-22T21:21:01.320239,J5,Hospital Road,199,280,71.1,27.55,MEDIUM
2026-09-22T21:21:01.320239,J6,Airport Road,229,350,65.4,29.97,MEDIUM
2026-09-22T21:21:06.342525,J1,Main Market,189,300,63.0,29.24,MEDIUM
2026-09-22T21:21:06.342525,J2,Railway Square,254,350,72.6,26.33,MEDIUM
2026-09-22T21:21:06.342525,J3,City Center,379,400,94.8,14.75,HIGH
2026-09-22T21:21:06.342525,J4,University Road,164,300,54.7,30.68,LOW
2026-09-22T21:21:06.342525,J5,Hospital Road,190,280,67.9,24.27,MEDIUM
2026-09-22T21:21:06.342525,J6,Airport Road,242,350,69.1,23.66,MEDIUM
2026-09-22T21:21:11.359100,J1,Main Market,182,300,60.7,20.71,MEDIUM
2026-09-22T21:21:11.359100,J2,Railway Square,255,350,72.9,23.16,MEDIUM
2026-09-22T21:21:11.359100,J3,City Center,379,400,94.8,15.33,HIGH
2026-09-22T21:21:11.359100,J4,University Road,156,300,52.0,30.37,LOW
2026-09-22T21:21:11.359100,J5,Hospital Road,198,280,70.7,25.91,MEDIUM
2026-09-22T21:21:11.359100,J6,Airport Road,229,350,65.4,29.5,MEDIUM
2026-09-22T21:21:16.364012,J1,Main Market,163,300,54.3,31.23,LOW
2026-09-22T21:21:16.364012,J2,Railway Square,222,350,63.4,24.31,MEDIUM
2026-09-22T21:21:16.364012,J3,City Center,358,400,89.5,21.09,MEDIUM
2026-09-22T21:21:16.364012,J4,University Road,154,300,51.3,30.3,LOW
2026-09-22T21:21:16.364012,J5,Hospital Road,215,280,76.8,21.98,MEDIUM
2026-09-22T21:21:16.364012,J6,Airport Road,221,350,63.1,25.39,MEDIUM
2026-09-22T21:21:21.384926,J1,Main Market,173,300,57.7,30.94,LOW
2026-09-22T21:21:21.384926,J2,Railway Square,258,350,73.7,28.08,MEDIUM
2026-09-22T21:21:21.384926,J3,City Center,387,400,96.8,16.26,HIGH
2026-09-22T21:21:21.384926,J4,University Road,145,300,48.3,33.89,LOW
2026-09-22T21:21:21.384926,J5,Hospital Road,213,280,76.1,24.66,MEDIUM
2026-09-22T21:21:21.384926,J6,Airport Road,239,350,68.3,22.52,MEDIUM
2026-09-22T21:21:26.391230,J1,Main Market,170,300,56.7,30.02,LOW
2026-09-22T21:21:26.391230,J2,Railway Square,238,350,68.0,20.65,MEDIUM
2026-09-22T21:21:26.391230,J3,City Center,380,400,95.0,12.96,HIGH
2026-09-22T21:21:26.391230,J4,University Road,147,300,49.0,37.4,LOW
2026-09-22T21:21:26.391230,J5,Hospital Road,218,280,77.9,26.6,MEDIUM
2026-09-22T21:21:26.391230,J6,Airport Road,216,350,61.7,25.19,MEDIUM
2026-09-22T21:21:31.398190,J1,Main Market,166,300,55.3,37.19,LOW
2026-09-22T21:21:31.398190,J2,Railway Square,239,350,68.3,20.69,MEDIUM
2026-09-22T21:21:31.398190,J3,City Center,374,400,93.5,12.89,HIGH
2026-09-22T21:21:31.398190,J4,University Road,150,300,50.0,38.53,LOW
2026-09-22T21:21:31.398190,J5,Hospital Road,186,280,66.4,21.09,MEDIUM
2026-09-22T21:21:31.398190,J6,Airport Road,222,350,63.4,22.07,MEDIUM
2026-09-22T21:21:36.419161,J1,Main Market,162,300,54.0,37.48,LOW
2026-09-22T21:21:36.419161,J2,Railway Square,233,350,66.6,27.23,MEDIUM
2026-09-22T21:21:36.419161,J3,City Center,335,400,83.8,18.47,MEDIUM
2026-09-22T21:21:36.419161,J4,University Road,166,300,55.3,32.14,LOW
2026-09-22T21:21:36.419161,J5,Hospital Road,193,280,68.9,27.55,MEDIUM
2026-09-22T21:21:36.419161,J6,Airport Road,232,350,66.3,21.59,MEDIUM
2026-09-22T21:21:41.432421,J1,Main Market,173,300,57.7,35.87,LOW
2026-09-22T21:21:41.432421,J2,Railway Square,218,350,62.3,24.33,MEDIUM
2026-09-22T21:21:41.432421,J3,City Center,362,400,90.5,19.99,HIGH
2026-09-22T21:21:41.432421,J4,University Road,154,300,51.3,37.02,LOW
2026-09-22T21:21:41.432421,J5,Hospital Road,223,280,79.6,28.08,MEDIUM
2026-09-22T21:21:41.432421,J6,Airport Road,219,350,62.6,25.35,MEDIUM
2026-09-22T21:21:46.437597,J1,Main Market,186,300,62.0,26.75,MEDIUM
2026-09-22T21:21:46.437597,J2,Railway Square,215,350,61.4,23.93,MEDIUM
2026-09-22T21:21:46.437597,J3,City Center,357,400,89.2,12.77,HIGH
2026-09-22T21:21:46.437597,J4,University Road,164,300,54.7,34.78,LOW
2026-09-22T21:21:46.437597,J5,Hospital Road,197,280,70.4,22.3,MEDIUM
2026-09-22T21:21:46.437597,J6,Airport Road,233,350,66.6,24.34,MEDIUM
2026-09-22T21:21:51.446621,J1,Main Market,184,300,61.3,28.11,MEDIUM
2026-09-22T21:21:51.446621,J2,Railway Square,219,350,62.6,21.4,MEDIUM
2026-09-22T21:21:51.446621,J3,City Center,369,400,92.2,19.18,HIGH
2026-09-22T21:21:51.446621,J4,University Road,151,300,50.3,34.41,LOW
2026-09-22T21:21:51.446621,J5,Hospital Road,212,280,75.7,25.08,MEDIUM
2026-09-22T21:21:51.446621,J6,Airport Road,211,350,60.3,25.4,MEDIUM
2026-09-22T21:21:56.453995,J1,Main Market,178,300,59.3,31.23,LOW
2026-09-22T21:21:56.453995,J2,Railway Square,219,350,62.6,21.7,MEDIUM
2026-09-22T21:21:56.453995,J3,City Center,351,400,87.8,21.27,MEDIUM
2026-09-22T21:21:56.453995,J4,University Road,157,300,52.3,35.13,LOW
2026-09-22T21:21:56.453995,J5,Hospital Road,206,280,73.6,29.69,MEDIUM
2026-09-22T21:21:56.453995,J6,Airport Road,209,350,59.7,35.87,LOW
2026-09-22T21:22:01.464766,J1,Main Market,167,300,55.7,37.33,LOW
2026-09-22T21:22:01.464766,J2,Railway Square,235,350,67.1,25.38,MEDIUM
2026-09-22T21:22:01.464766,J3,City Center,363,400,90.8,13.63,HIGH
2026-09-22T21:22:01.464766,J4,University Road,143,300,47.7,38.65,LOW
2026-09-22T21:22:01.464766,J5,Hospital Road,216,280,77.1,28.41,MEDIUM
2026-09-22T21:22:01.464766,J6,Airport Road,224,350,64.0,21.69,MEDIUM
2026-09-22T21:22:06.479468,J1,Main Market,160,300,53.3,34.47,LOW
2026-09-22T21:22:06.479468,J2,Railway Square,225,350,64.3,21.98,MEDIUM
2026-09-22T21:22:06.479468,J3,City Center,355,400,88.8,20.8,MEDIUM
2026-09-22T21:22:06.479468,J4,University Road,152,300,50.7,31.76,LOW
2026-09-22T21:22:06.479468,J5,Hospital Road,187,280,66.8,25.88,MEDIUM
2026-09-22T21:22:06.479468,J6,Airport Road,235,350,67.1,27.28,MEDIUM
2026-09-22T21:22:11.494154,J1,Main Market,167,300,55.7,33.03,LOW
2026-09-22T21:22:11.494154,J2,Railway Square,261,350,74.6,24.11,MEDIUM
2026-09-22T21:22:11.494154,J3,City Center,383,400,95.8,14.12,HIGH
2026-09-22T21:22:11.494154,J4,University Road,154,300,51.3,30.75,LOW
2026-09-22T21:22:11.494154,J5,Hospital Road,196,280,70.0,29.02,MEDIUM
2026-09-22T21:22:11.494154,J6,Airport Road,242,350,69.1,25.04,MEDIUM
2026-09-22T21:22:16.501569,J1,Main Market,179,300,59.7,35.75,LOW
2026-09-22T21:22:16.501569,J2,Railway Square,240,350,68.6,25.89,MEDIUM
2026-09-22T21:22:16.501569,J3,City Center,349,400,87.2,17.62,MEDIUM
2026-09-22T21:22:16.501569,J4,University Road,153,300,51.0,31.02,LOW
2026-09-22T21:22:16.501569,J5,Hospital Road,198,280,70.7,21.58,MEDIUM
2026-09-22T21:22:16.501569,J6,Airport Road,226,350,64.6,26.65,MEDIUM
2026-09-22T21:22:21.523192,J1,Main Market,157,300,52.3,38.31,LOW
2026-09-22T21:22:21.523192,J2,Railway Square,244,350,69.7,26.89,MEDIUM
2026-09-22T21:22:21.523192,J3,City Center,386,400,96.5,20.29,HIGH
2026-09-22T21:22:21.523192,J4,University Road,172,300,57.3,30.98,LOW
2026-09-22T21:22:21.523192,J5,Hospital Road,187,280,66.8,27.63,MEDIUM
2026-09-22T21:22:21.523192,J6,Airport Road,207,350,59.1,37.54,LOW
2026-09-22T21:22:26.546240,J1,Main Market,172,300,57.3,39.61,LOW
2026-09-22T21:22:26.546240,J2,Railway Square,247,350,70.6,24.58,MEDIUM
2026-09-22T21:22:26.546240,J3,City Center,391,400,97.8,18.45,HIGH
2026-09-22T21:22:26.546240,J4,University Road,160,300,53.3,32.02,LOW
2026-09-22T21:22:26.546240,J5,Hospital Road,202,280,72.1,26.69,MEDIUM
2026-09-22T21:22:26.546240,J6,Airport Road,208,350,59.4,36.63,LOW
2026-09-22T21:22:31.557724,J1,Main Market,176,300,58.7,32.0,LOW
2026-09-22T21:22:31.557724,J2,Railway Square,243,350,69.4,26.95,MEDIUM
2026-09-22T21:22:31.557724,J3,City Center,325,400,81.2,21.25,MEDIUM
2026-09-22T21:22:31.557724,J4,University Road,143,300,47.7,36.11,LOW
2026-09-22T21:22:31.557724,J5,Hospital Road,186,280,66.4,26.94,MEDIUM
2026-09-22T21:22:31.557724,J6,Airport Road,224,350,64.0,23.88,MEDIUM
2026-09-22T21:22:36.574933,J1,Main Market,186,300,62.0,20.9,MEDIUM
2026-09-22T21:22:36.574933,J2,Railway Square,242,350,69.1,23.59,MEDIUM
2026-09-22T21:22:36.574933,J3,City Center,387,400,96.8,21.23,HIGH
2026-09-22T21:22:36.574933,J4,University Road,171,300,57.0,39.97,LOW
2026-09-22T21:22:36.574933,J5,Hospital Road,216,280,77.1,28.92,MEDIUM
2026-09-22T21:22:36.574933,J6,Airport Road,233,350,66.6,24.37,MEDIUM
2026-09-22T21:22:41.579186,J1,Main Market,181,300,60.3,20.28,MEDIUM
2026-09-22T21:22:41.579186,J2,Railway Square,262,350,74.9,24.06,MEDIUM
2026-09-22T21:22:41.579186,J3,City Center,383,400,95.8,19.59,HIGH
2026-09-22T21:22:41.579186,J4,University Road,153,300,51.0,33.48,LOW
2026-09-22T21:22:41.579186,J5,Hospital Road,187,280,66.8,25.36,MEDIUM
2026-09-22T21:22:41.579186,J6,Airport Road,218,350,62.3,22.59,MEDIUM
2026-09-22T21:22:46.589549,J1,Main Market,183,300,61.0,21.81,MEDIUM
2026-09-22T21:22:46.589549,J2,Railway Square,260,350,74.3,25.95,MEDIUM
2026-09-22T21:22:46.589549,J3,City Center,335,400,83.8,20.23,MEDIUM
2026-09-22T21:22:46.589549,J4,University Road,169,300,56.3,36.98,LOW
2026-09-22T21:22:46.589549,J5,Hospital Road,203,280,72.5,22.71,MEDIUM
2026-09-22T21:22:46.589549,J6,Airport Road,206,350,58.9,30.46,LOW
2026-09-22T21:22:51.597993,J1,Main Market,177,300,59.0,31.88,LOW
2026-09-22T21:22:51.597993,J2,Railway Square,244,350,69.7,27.42,MEDIUM
2026-09-22T21:22:51.597993,J3,City Center,353,400,88.2,18.76,MEDIUM
2026-09-22T21:22:51.597993,J4,University Road,170,300,56.7,34.8,LOW
2026-09-22T21:22:51.597993,J5,Hospital Road,185,280,66.1,21.86,MEDIUM
2026-09-22T21:22:51.597993,J6,Airport Road,207,350,59.1,32.14,LOW
2026-09-22T21:22:56.604951,J1,Main Market,190,300,63.3,23.55,MEDIUM
2026-09-22T21:22:56.604951,J2,Railway Square,237,350,67.7,23.68,MEDIUM
2026-09-22T21:22:56.604951,J3,City Center,369,400,92.2,19.49,HIGH
2026-09-22T21:22:56.604951,J4,University Road,142,300,47.3,39.24,LOW
2026-09-22T21:22:56.604951,J5,Hospital Road,189,280,67.5,29.05,MEDIUM
2026-09-22T21:22:56.604951,J6,Airport Road,239,350,68.3,23.93,MEDIUM
2026-09-22T21:23:01.610227,J1,Main Market,175,300,58.3,37.73,LOW
2026-09-22T21:23:01.610227,J2,Railway Square,255,350,72.9,24.86,MEDIUM
2026-09-22T21:23:01.610227,J3,City Center,325,400,81.2,14.38,HIGH
2026-09-22T21:23:01.610227,J4,University Road,156,300,52.0,32.5,LOW
2026-09-22T21:23:01.610227,J5,Hospital Road,222,280,79.3,27.64,MEDIUM
2026-09-22T21:23:01.610227,J6,Airport Road,202,350,57.7,39.29,LOW
2026-09-22T21:23:06.626524,J1,Main Market,168,300,56.0,32.24,LOW
2026-09-22T21:23:06.626524,J2,Railway Square,256,350,73.1,23.93,MEDIUM
2026-09-22T21:23:06.626524,J3,City Center,338,400,84.5,14.68,HIGH
2026-09-22T21:23:06.626524,J4,University Road,141,300,47.0,32.21,LOW
2026-09-22T21:23:06.626524,J5,Hospital Road,221,280,78.9,26.66,MEDIUM
2026-09-22T21:23:06.626524,J6,Airport Road,216,350,61.7,29.99,MEDIUM
2026-09-22T21:23:11.644577,J1,Main Market,186,300,62.0,22.76,MEDIUM
2026-09-22T21:23:11.644577,J2,Railway Square,258,350,73.7,24.89,MEDIUM
2026-09-22T21:23:11.644577,J3,City Center,358,400,89.5,21.82,MEDIUM
2026-09-22T21:23:11.644577,J4,University Road,164,300,54.7,34.46,LOW
2026-09-22T21:23:11.644577,J5,Hospital Road,210,280,75.0,24.38,MEDIUM
2026-09-22T21:23:11.644577,J6,Airport Road,208,350,59.4,37.77,LOW
2026-09-22T21:23:16.649985,J1,Main Market,159,300,53.0,34.09,LOW
2026-09-22T21:23:16.649985,J2,Railway Square,258,350,73.7,29.86,MEDIUM
2026-09-22T21:23:16.649985,J3,City Center,348,400,87.0,17.63,MEDIUM
2026-09-22T21:23:16.649985,J4,University Road,149,300,49.7,36.32,LOW
2026-09-22T21:23:16.649985,J5,Hospital Road,191,280,68.2,22.72,MEDIUM
2026-09-22T21:23:16.649985,J6,Airport Road,218,350,62.3,25.03,MEDIUM
2026-09-22T21:23:21.654771,J1,Main Market,178,300,59.3,38.73,LOW
2026-09-22T21:23:21.654771,J2,Railway Square,218,350,62.3,26.59,MEDIUM
2026-09-22T21:23:21.654771,J3,City Center,355,400,88.8,19.46,MEDIUM
2026-09-22T21:23:21.654771,J4,University Road,158,300,52.7,37.35,LOW
2026-09-22T21:23:21.654771,J5,Hospital Road,200,280,71.4,25.46,MEDIUM
2026-09-22T21:23:21.654771,J6,Airport Road,203,350,58.0,37.19,LOW
2026-09-22T21:23:26.673319,J1,Main Market,159,300,53.0,39.98,LOW
2026-09-22T21:23:26.673319,J2,Railway Square,233,350,66.6,25.17,MEDIUM
2026-09-22T21:23:26.673319,J3,City Center,369,400,92.2,15.21,HIGH
2026-09-22T21:23:26.673319,J4,University Road,166,300,55.3,31.55,LOW
2026-09-22T21:23:26.673319,J5,Hospital Road,225,280,80.4,17.18,MEDIUM
2026-09-22T21:23:26.673319,J6,Airport Road,209,350,59.7,36.83,LOW
2026-09-22T21:23:31.725469,J1,Main Market,160,300,53.3,38.65,LOW
2026-09-22T21:23:31.725469,J2,Railway Square,229,350,65.4,28.21,MEDIUM
2026-09-22T21:23:31.725469,J3,City Center,386,400,96.5,14.23,HIGH
2026-09-22T21:23:31.725469,J4,University Road,162,300,54.0,37.56,LOW
2026-09-22T21:23:31.725469,J5,Hospital Road,221,280,78.9,29.46,MEDIUM
2026-09-22T21:23:31.725469,J6,Airport Road,229,350,65.4,29.11,MEDIUM
2026-09-22T21:23:36.753717,J1,Main Market,174,300,58.0,33.19,LOW
2026-09-22T21:23:36.753717,J2,Railway Square,230,350,65.7,24.62,MEDIUM
2026-09-22T21:23:36.753717,J3,City Center,331,400,82.8,18.87,MEDIUM
2026-09-22T21:23:36.753717,J4,University Road,164,300,54.7,33.3,LOW
2026-09-22T21:23:36.753717,J5,Hospital Road,207,280,73.9,26.69,MEDIUM
2026-09-22T21:23:36.753717,J6,Airport Road,216,350,61.7,20.32,MEDIUM
2026-09-22T21:23:41.763675,J1,Main Market,168,300,56.0,37.44,LOW
2026-09-22T21:23:41.763675,J2,Railway Square,221,350,63.1,22.11,MEDIUM
2026-09-22T21:23:41.763675,J3,City Center,387,400,96.8,17.14,HIGH
2026-09-22T21:23:41.763675,J4,University Road,145,300,48.3,33.44,LOW
2026-09-22T21:23:41.763675,J5,Hospital Road,194,280,69.3,23.82,MEDIUM
2026-09-22T21:23:41.763675,J6,Airport Road,233,350,66.6,26.02,MEDIUM
2026-09-22T21:23:46.769050,J1,Main Market,167,300,55.7,39.35,LOW
2026-09-22T21:23:46.769050,J2,Railway Square,242,350,69.1,28.94,MEDIUM
2026-09-22T21:23:46.769050,J3,City Center,322,400,80.5,12.99,HIGH
2026-09-22T21:23:46.769050,J4,University Road,142,300,47.3,30.09,LOW
2026-09-22T21:23:46.769050,J5,Hospital Road,198,280,70.7,21.36,MEDIUM
2026-09-22T21:23:46.769050,J6,Airport Road,220,350,62.9,26.47,MEDIUM
2026-09-22T21:23:51.780268,J1,Main Market,169,300,56.3,33.22,LOW
2026-09-22T21:23:51.780268,J2,Railway Square,261,350,74.6,21.09,MEDIUM
2026-09-22T21:23:51.780268,J3,City Center,332,400,83.0,12.74,HIGH
2026-09-22T21:23:51.780268,J4,University Road,160,300,53.3,38.23,LOW
2026-09-22T21:23:51.780268,J5,Hospital Road,185,280,66.1,24.13,MEDIUM
2026-09-22T21:23:51.780268,J6,Airport Road,224,350,64.0,26.59,MEDIUM
2026-09-22T21:23:56.835969,J1,Main Market,186,300,62.0,29.17,MEDIUM
2026-09-22T21:23:56.835969,J2,Railway Square,233,350,66.6,27.49,MEDIUM
2026-09-22T21:23:56.835969,J3,City Center,358,400,89.5,13.15,HIGH
2026-09-22T21:23:56.835969,J4,University Road,144,300,48.0,38.05,LOW
2026-09-22T21:23:56.835969,J5,Hospital Road,193,280,68.9,20.06,MEDIUM
2026-09-22T21:23:56.835969,J6,Airport Road,225,350,64.3,22.48,MEDIUM
2026-09-22T21:24:01.845120,J1,Main Market,163,300,54.3,36.95,LOW
2026-09-22T21:24:01.845120,J2,Railway Square,220,350,62.9,28.45,MEDIUM
2026-09-22T21:24:01.845120,J3,City Center,374,400,93.5,15.83,HIGH
2026-09-22T21:24:01.845120,J4,University Road,159,300,53.0,30.19,LOW
2026-09-22T21:24:01.845120,J5,Hospital Road,206,280,73.6,25.19,MEDIUM
2026-09-22T21:24:01.845120,J6,Airport Road,235,350,67.1,26.72,MEDIUM
2026-09-22T21:24:06.862426,J1,Main Market,168,300,56.0,36.59,LOW
2026-09-22T21:24:06.862426,J2,Railway Square,220,350,62.9,27.96,MEDIUM
2026-09-22T21:24:06.862426,J3,City Center,336,400,84.0,13.55,HIGH
2026-09-22T21:24:06.862426,J4,University Road,149,300,49.7,37.38,LOW
2026-09-22T21:24:06.862426,J5,Hospital Road,208,280,74.3,27.19,MEDIUM
2026-09-22T21:24:06.862426,J6,Airport Road,241,350,68.9,22.8,MEDIUM
2026-09-22T21:24:11.869659,J1,Main Market,182,300,60.7,22.33,MEDIUM
2026-09-22T21:24:11.869659,J2,Railway Square,216,350,61.7,25.32,MEDIUM
2026-09-22T21:24:11.869659,J3,City Center,379,400,94.8,13.55,HIGH
2026-09-22T21:24:11.869659,J4,University Road,146,300,48.7,38.42,LOW
2026-09-22T21:24:11.869659,J5,Hospital Road,187,280,66.8,26.5,MEDIUM
2026-09-22T21:24:11.869659,J6,Airport Road,229,350,65.4,26.95,MEDIUM
2026-09-22T21:24:16.893589,J1,Main Market,173,300,57.7,38.23,LOW
2026-09-22T21:24:16.893589,J2,Railway Square,221,350,63.1,26.46,MEDIUM
2026-09-22T21:24:16.893589,J3,City Center,368,400,92.0,13.15,HIGH
2026-09-22T21:24:16.893589,J4,University Road,148,300,49.3,32.37,LOW
2026-09-22T21:24:16.893589,J5,Hospital Road,209,280,74.6,23.07,MEDIUM
2026-09-22T21:24:16.893589,J6,Airport Road,205,350,58.6,38.96,LOW
2026-09-22T21:24:21.914027,J1,Main Market,186,300,62.0,28.48,MEDIUM
2026-09-22T21:24:21.914027,J2,Railway Square,258,350,73.7,23.37,MEDIUM
2026-09-22T21:24:21.914027,J3,City Center,360,400,90.0,15.35,HIGH
2026-09-22T21:24:21.914027,J4,University Road,160,300,53.3,32.85,LOW
2026-09-22T21:24:21.914027,J5,Hospital Road,223,280,79.6,27.06,MEDIUM
2026-09-22T21:24:21.914027,J6,Airport Road,233,350,66.6,23.0,MEDIUM
2026-09-22T21:24:26.924196,J1,Main Market,179,300,59.7,31.67,LOW
2026-09-22T21:24:26.924196,J2,Railway Square,257,350,73.4,20.68,MEDIUM
2026-09-22T21:24:26.924196,J3,City Center,336,400,84.0,17.49,MEDIUM
2026-09-22T21:24:26.924196,J4,University Road,164,300,54.7,37.34,LOW
2026-09-22T21:24:26.924196,J5,Hospital Road,203,280,72.5,23.35,MEDIUM
2026-09-22T21:24:26.924196,J6,Airport Road,215,350,61.4,25.22,MEDIUM
2026-09-22T21:24:31.966780,J1,Main Market,169,300,56.3,32.93,LOW
2026-09-22T21:24:31.966780,J2,Railway Square,237,350,67.7,29.6,MEDIUM
2026-09-22T21:24:31.966780,J3,City Center,367,400,91.8,18.64,HIGH
2026-09-22T21:24:31.966780,J4,University Road,153,300,51.0,38.08,LOW
2026-09-22T21:24:31.966780,J5,Hospital Road,200,280,71.4,21.05,MEDIUM
2026-09-22T21:24:31.966780,J6,Airport Road,215,350,61.4,28.86,MEDIUM
2026-09-22T21:24:36.972440,J1,Main Market,158,300,52.7,39.62,LOW
2026-09-22T21:24:36.972440,J2,Railway Square,259,350,74.0,21.25,MEDIUM
2026-09-22T21:24:36.972440,J3,City Center,335,400,83.8,12.6,HIGH
2026-09-22T21:24:36.972440,J4,University Road,156,300,52.0,34.2,LOW
2026-09-22T21:24:36.972440,J5,Hospital Road,185,280,66.1,24.27,MEDIUM
2026-09-22T21:24:36.972440,J6,Airport Road,218,350,62.3,28.58,MEDIUM
2026-09-22T21:24:41.977418,J1,Main Market,157,300,52.3,38.52,LOW
2026-09-22T21:24:41.977418,J2,Railway Square,244,350,69.7,29.84,MEDIUM
2026-09-22T21:24:41.977418,J3,City Center,369,400,92.2,14.44,HIGH
2026-09-22T21:24:41.977418,J4,University Road,160,300,53.3,36.3,LOW
2026-09-22T21:24:41.977418,J5,Hospital Road,220,280,78.6,20.45,MEDIUM
2026-09-22T21:24:41.977418,J6,Airport Road,219,350,62.6,24.6,MEDIUM
2026-09-22T21:24:47.023050,J1,Main Market,168,300,56.0,32.03,LOW
2026-09-22T21:24:47.023050,J2,Railway Square,219,350,62.6,26.8,MEDIUM
2026-09-22T21:24:47.023050,J3,City Center,384,400,96.0,14.72,HIGH
2026-09-22T21:24:47.023050,J4,University Road,154,300,51.3,35.49,LOW
2026-09-22T21:24:47.023050,J5,Hospital Road,193,280,68.9,24.1,MEDIUM
2026-09-22T21:24:47.023050,J6,Airport Road,220,350,62.9,20.59,MEDIUM
2026-09-22T21:24:52.059390,J1,Main Market,171,300,57.0,35.7,LOW
2026-09-22T21:24:52.059390,J2,Railway Square,220,350,62.9,28.6,MEDIUM
2026-09-22T21:24:52.059390,J3,City Center,372,400,93.0,12.06,HIGH
2026-09-22T21:24:52.059390,J4,University Road,153,300,51.0,39.09,LOW
2026-09-22T21:24:52.059390,J5,Hospital Road,215,280,76.8,27.79,MEDIUM
2026-09-22T21:24:52.059390,J6,Airport Road,234,350,66.9,23.25,MEDIUM
2026-09-22T21:24:57.065075,J1,Main Market,169,300,56.3,37.36,LOW
2026-09-22T21:24:57.065075,J2,Railway Square,227,350,64.9,22.1,MEDIUM
2026-09-22T21:24:57.065075,J3,City Center,364,400,91.0,18.32,HIGH
2026-09-22T21:24:57.065075,J4,University Road,167,300,55.7,39.67,LOW
2026-09-22T21:24:57.065075,J5,Hospital Road,209,280,74.6,26.95,MEDIUM
2026-09-22T21:24:57.065075,J6,Airport Road,228,350,65.1,26.37,MEDIUM
2026-09-22T21:25:02.089062,J1,Main Market,177,300,59.0,30.88,LOW
2026-09-22T21:25:02.089062,J2,Railway Square,226,350,64.6,20.56,MEDIUM
2026-09-22T21:25:02.089062,J3,City Center,373,400,93.2,15.53,HIGH
2026-09-22T21:25:02.089062,J4,University Road,170,300,56.7,37.05,LOW
2026-09-22T21:25:02.089062,J5,Hospital Road,190,280,67.9,20.14,MEDIUM
2026-09-22T21:25:02.089062,J6,Airport Road,220,350,62.9,23.92,MEDIUM
2026-09-22T21:25:07.095525,J1,Main Market,164,300,54.7,31.32,LOW
2026-09-22T21:25:07.095525,J2,Railway Square,240,350,68.6,29.29,MEDIUM
2026-09-22T21:25:07.095525,J3,City Center,377,400,94.2,17.23,HIGH
2026-09-22T21:25:07.095525,J4,University Road,152,300,50.7,38.93,LOW
2026-09-22T21:25:07.095525,J5,Hospital Road,218,280,77.9,20.84,MEDIUM
2026-09-22T21:25:07.095525,J6,Airport Road,206,350,58.9,38.49,LOW
2026-09-22T21:25:12.117956,J1,Main Market,157,300,52.3,39.06,LOW
2026-09-22T21:25:12.117956,J2,Railway Square,226,350,64.6,25.32,MEDIUM
2026-09-22T21:25:12.117956,J3,City Center,382,400,95.5,14.58,HIGH
2026-09-22T21:25:12.117956,J4,University Road,151,300,50.3,39.58,LOW
2026-09-22T21:25:12.117956,J5,Hospital Road,205,280,73.2,29.04,MEDIUM
2026-09-22T21:25:12.117956,J6,Airport Road,204,350,58.3,31.46,LOW
2026-09-22T21:25:17.130974,J1,Main Market,188,300,62.7,23.69,MEDIUM
2026-09-22T21:25:17.130974,J2,Railway Square,252,350,72.0,25.92,MEDIUM
2026-09-22T21:25:17.130974,J3,City Center,376,400,94.0,15.01,HIGH
2026-09-22T21:25:17.130974,J4,University Road,164,300,54.7,32.79,LOW
2026-09-22T21:25:17.130974,J5,Hospital Road,226,280,80.7,18.65,MEDIUM
2026-09-22T21:25:17.130974,J6,Airport Road,204,350,58.3,32.59,LOW
2026-09-22T21:25:22.169887,J1,Main Market,172,300,57.3,35.99,LOW
2026-09-22T21:25:22.169887,J2,Railway Square,245,350,70.0,26.63,MEDIUM
2026-09-22T21:25:22.169887,J3,City Center,353,400,88.2,13.07,HIGH
2026-09-22T21:25:22.169887,J4,University Road,147,300,49.0,38.79,LOW
2026-09-22T21:25:22.169887,J5,Hospital Road,216,280,77.1,20.14,MEDIUM
2026-09-22T21:25:22.169887,J6,Airport Road,228,350,65.1,26.63,MEDIUM
2026-09-22T21:25:27.187252,J1,Main Market,177,300,59.0,39.02,LOW
2026-09-22T21:25:27.187252,J2,Railway Square,218,350,62.3,26.04,MEDIUM
2026-09-22T21:25:27.187252,J3,City Center,350,400,87.5,16.38,MEDIUM
2026-09-22T21:25:27.187252,J4,University Road,168,300,56.0,30.42,LOW
2026-09-22T21:25:27.187252,J5,Hospital Road,221,280,78.9,20.89,MEDIUM
2026-09-22T21:25:27.187252,J6,Airport Road,202,350,57.7,34.0,LOW
2026-09-22T21:25:32.207054,J1,Main Market,170,300,56.7,31.34,LOW
2026-09-22T21:25:32.207054,J2,Railway Square,247,350,70.6,24.53,MEDIUM
2026-09-22T21:25:32.207054,J3,City Center,357,400,89.2,13.22,HIGH
2026-09-22T21:25:32.207054,J4,University Road,154,300,51.3,35.68,LOW
2026-09-22T21:25:32.207054,J5,Hospital Road,190,280,67.9,23.36,MEDIUM
2026-09-22T21:25:32.207054,J6,Airport Road,208,350,59.4,35.29,LOW
2026-09-22T21:25:37.237121,J1,Main Market,174,300,58.0,35.4,LOW
2026-09-22T21:25:37.237121,J2,Railway Square,262,350,74.9,21.16,MEDIUM
2026-09-22T21:25:37.237121,J3,City Center,326,400,81.5,21.97,MEDIUM
2026-09-22T21:25:37.237121,J4,University Road,162,300,54.0,30.06,LOW
2026-09-22T21:25:37.237121,J5,Hospital Road,219,280,78.2,22.73,MEDIUM
2026-09-22T21:25:37.237121,J6,Airport Road,219,350,62.6,28.76,MEDIUM
2026-09-22T21:25:42.250578,J1,Main Market,157,300,52.3,39.04,LOW
2026-09-22T21:25:42.250578,J2,Railway Square,226,350,64.6,21.21,MEDIUM
2026-09-22T21:25:42.250578,J3,City Center,324,400,81.0,18.07,MEDIUM
2026-09-22T21:25:42.250578,J4,University Road,168,300,56.0,39.86,LOW
2026-09-22T21:25:42.250578,J5,Hospital Road,203,280,72.5,23.22,MEDIUM
2026-09-22T21:25:42.250578,J6,Airport Road,222,350,63.4,21.71,MEDIUM
2026-09-22T21:25:47.257609,J1,Main Market,171,300,57.0,39.63,LOW
2026-09-22T21:25:47.257609,J2,Railway Square,241,350,68.9,26.39,MEDIUM
2026-09-22T21:25:47.257609,J3,City Center,361,400,90.2,15.66,HIGH
2026-09-22T21:25:47.257609,J4,University Road,170,300,56.7,38.75,LOW
2026-09-22T21:25:47.257609,J5,Hospital Road,208,280,74.3,20.98,MEDIUM
2026-09-22T21:25:47.257609,J6,Airport Road,225,350,64.3,27.41,MEDIUM
2026-09-22T21:25:52.282420,J1,Main Market,172,300,57.3,39.09,LOW
2026-09-22T21:25:52.282420,J2,Railway Square,242,350,69.1,23.17,MEDIUM
2026-09-22T21:25:52.282420,J3,City Center,372,400,93.0,20.31,HIGH
2026-09-22T21:25:52.282420,J4,University Road,147,300,49.0,34.62,LOW
2026-09-22T21:25:52.282420,J5,Hospital Road,223,280,79.6,28.82,MEDIUM
2026-09-22T21:25:52.282420,J6,Airport Road,219,350,62.6,21.86,MEDIUM
2026-09-22T21:25:57.289369,J1,Main Market,179,300,59.7,38.19,LOW
2026-09-22T21:25:57.289369,J2,Railway Square,225,350,64.3,22.71,MEDIUM
2026-09-22T21:25:57.289369,J3,City Center,381,400,95.2,21.11,HIGH
2026-09-22T21:25:57.289369,J4,University Road,145,300,48.3,30.31,LOW
2026-09-22T21:25:57.289369,J5,Hospital Road,225,280,80.4,19.7,MEDIUM
2026-09-22T21:25:57.289369,J6,Airport Road,231,350,66.0,25.56,MEDIUM
2026-09-22T21:26:02.298035,J1,Main Market,180,300,60.0,27.19,MEDIUM
2026-09-22T21:26:02.298035,J2,Railway Square,236,350,67.4,23.97,MEDIUM
2026-09-22T21:26:02.298035,J3,City Center,326,400,81.5,14.94,HIGH
2026-09-22T21:26:02.298035,J4,University Road,172,300,57.3,30.25,LOW
2026-09-22T21:26:02.298035,J5,Hospital Road,188,280,67.1,22.88,MEDIUM
2026-09-22T21:26:02.298035,J6,Airport Road,239,350,68.3,24.8,MEDIUM
2026-09-22T21:26:07.318815,J1,Main Market,158,300,52.7,36.39,LOW
2026-09-22T21:26:07.318815,J2,Railway Square,217,350,62.0,23.26,MEDIUM
2026-09-22T21:26:07.318815,J3,City Center,390,400,97.5,16.24,HIGH
2026-09-22T21:26:07.318815,J4,University Road,146,300,48.7,31.02,LOW
2026-09-22T21:26:07.318815,J5,Hospital Road,194,280,69.3,20.21,MEDIUM
2026-09-22T21:26:07.318815,J6,Airport Road,201,350,57.4,32.85,LOW
2026-09-22T21:26:12.348803,J1,Main Market,181,300,60.3,20.46,MEDIUM
2026-09-22T21:26:12.348803,J2,Railway Square,233,350,66.6,28.04,MEDIUM
2026-09-22T21:26:12.348803,J3,City Center,335,400,83.8,15.37,MEDIUM
2026-09-22T21:26:12.348803,J4,University Road,168,300,56.0,39.67,LOW
2026-09-22T21:26:12.348803,J5,Hospital Road,192,280,68.6,24.62,MEDIUM
2026-09-22T21:26:12.348803,J6,Airport Road,234,350,66.9,21.47,MEDIUM
2026-09-22T21:26:17.354599,J1,Main Market,165,300,55.0,31.57,LOW
2026-09-22T21:26:17.354599,J2,Railway Square,253,350,72.3,22.51,MEDIUM
2026-09-22T21:26:17.354599,J3,City Center,391,400,97.8,21.19,HIGH
2026-09-22T21:26:17.354599,J4,University Road,161,300,53.7,35.25,LOW
2026-09-22T21:26:17.354599,J5,Hospital Road,219,280,78.2,29.85,MEDIUM
2026-09-22T21:26:17.354599,J6,Airport Road,207,350,59.1,36.49,LOW
2026-09-22T21:26:22.375484,J1,Main Market,164,300,54.7,34.54,LOW
2026-09-22T21:26:22.375484,J2,Railway Square,255,350,72.9,28.14,MEDIUM
2026-09-22T21:26:22.375484,J3,City Center,346,400,86.5,12.14,HIGH
2026-09-22T21:26:22.375484,J4,University Road,168,300,56.0,37.78,LOW
2026-09-22T21:26:22.375484,J5,Hospital Road,190,280,67.9,29.09,MEDIUM
2026-09-22T21:26:22.375484,J6,Airport Road,198,350,56.6,33.89,LOW
2026-09-22T21:26:27.407622,J1,Main Market,166,300,55.3,35.81,LOW
2026-09-22T21:26:27.407622,J2,Railway Square,233,350,66.6,29.7,MEDIUM
2026-09-22T21:26:27.407622,J3,City Center,379,400,94.8,13.39,HIGH
2026-09-22T21:26:27.407622,J4,University Road,161,300,53.7,30.53,LOW
2026-09-22T21:26:27.407622,J5,Hospital Road,201,280,71.8,29.6,MEDIUM
2026-09-22T21:26:27.407622,J6,Airport Road,224,350,64.0,29.25,MEDIUM
2026-09-22T21:26:32.415506,J1,Main Market,173,300,57.7,32.62,LOW
2026-09-22T21:26:32.415506,J2,Railway Square,217,350,62.0,28.71,MEDIUM
2026-09-22T21:26:32.415506,J3,City Center,359,400,89.8,18.76,MEDIUM
2026-09-22T21:26:32.415506,J4,University Road,156,300,52.0,32.57,LOW
2026-09-22T21:26:32.415506,J5,Hospital Road,200,280,71.4,28.46,MEDIUM
2026-09-22T21:26:32.415506,J6,Airport Road,204,350,58.3,30.71,LOW
2026-09-22T21:26:37.421152,J1,Main Market,183,300,61.0,24.68,MEDIUM
2026-09-22T21:26:37.421152,J2,Railway Square,231,350,66.0,27.76,MEDIUM
2026-09-22T21:26:37.421152,J3,City Center,337,400,84.2,21.83,MEDIUM
2026-09-22T21:26:37.421152,J4,University Road,170,300,56.7,39.44,LOW
2026-09-22T21:26:37.421152,J5,Hospital Road,214,280,76.4,29.07,MEDIUM
2026-09-22T21:26:37.421152,J6,Airport Road,225,350,64.3,21.42,MEDIUM
2026-09-22T21:26:42.431944,J1,Main Market,181,300,60.3,23.47,MEDIUM
2026-09-22T21:26:42.431944,J2,Railway Square,244,350,69.7,25.8,MEDIUM
2026-09-22T21:26:42.431944,J3,City Center,366,400,91.5,12.53,HIGH
2026-09-22T21:26:42.431944,J4,University Road,145,300,48.3,30.39,LOW
2026-09-22T21:26:42.431944,J5,Hospital Road,212,280,75.7,23.33,MEDIUM
2026-09-22T21:26:42.431944,J6,Airport Road,227,350,64.9,25.85,MEDIUM
2026-09-22T21:26:47.449121,J1,Main Market,170,300,56.7,39.6,LOW
2026-09-22T21:26:47.449121,J2,Railway Square,217,350,62.0,24.92,MEDIUM
2026-09-22T21:26:47.449121,J3,City Center,337,400,84.2,20.68,MEDIUM
2026-09-22T21:26:47.449121,J4,University Road,158,300,52.7,37.61,LOW
2026-09-22T21:26:47.449121,J5,Hospital Road,205,280,73.2,23.23,MEDIUM
2026-09-22T21:26:47.449121,J6,Airport Road,239,350,68.3,28.21,MEDIUM
2026-09-22T21:26:52.457037,J1,Main Market,189,300,63.0,28.1,MEDIUM
2026-09-22T21:26:52.457037,J2,Railway Square,243,350,69.4,29.31,MEDIUM
2026-09-22T21:26:52.457037,J3,City Center,374,400,93.5,19.5,HIGH
2026-09-22T21:26:52.457037,J4,University Road,150,300,50.0,38.64,LOW
2026-09-22T21:26:52.457037,J5,Hospital Road,189,280,67.5,24.63,MEDIUM
2026-09-22T21:26:52.457037,J6,Airport Road,223,350,63.7,25.81,MEDIUM
2026-09-22T21:26:57.525909,J1,Main Market,178,300,59.3,32.76,LOW
2026-09-22T21:26:57.525909,J2,Railway Square,238,350,68.0,26.75,MEDIUM
2026-09-22T21:26:57.525909,J3,City Center,378,400,94.5,14.23,HIGH
2026-09-22T21:26:57.525909,J4,University Road,147,300,49.0,31.37,LOW
2026-09-22T21:26:57.525909,J5,Hospital Road,208,280,74.3,28.73,MEDIUM
2026-09-22T21:26:57.525909,J6,Airport Road,220,350,62.9,22.04,MEDIUM
2026-09-22T21:27:02.536158,J1,Main Market,156,300,52.0,34.45,LOW
2026-09-22T21:27:02.536158,J2,Railway Square,221,350,63.1,22.1,MEDIUM
2026-09-22T21:27:02.536158,J3,City Center,340,400,85.0,21.31,MEDIUM
2026-09-22T21:27:02.536158,J4,University Road,169,300,56.3,30.47,LOW
2026-09-22T21:27:02.536158,J5,Hospital Road,215,280,76.8,22.1,MEDIUM
2026-09-22T21:27:02.536158,J6,Airport Road,204,350,58.3,33.66,LOW
2026-09-22T21:27:07.551741,J1,Main Market,177,300,59.0,30.28,LOW
2026-09-22T21:27:07.551741,J2,Railway Square,254,350,72.6,29.44,MEDIUM
2026-09-22T21:27:07.551741,J3,City Center,341,400,85.2,20.7,MEDIUM
2026-09-22T21:27:07.551741,J4,University Road,169,300,56.3,37.1,LOW
2026-09-22T21:27:07.551741,J5,Hospital Road,211,280,75.4,29.63,MEDIUM
2026-09-22T21:27:07.551741,J6,Airport Road,213,350,60.9,20.95,MEDIUM
2026-09-22T21:27:12.562480,J1,Main Market,163,300,54.3,34.67,LOW
2026-09-22T21:27:12.562480,J2,Railway Square,257,350,73.4,21.62,MEDIUM
2026-09-22T21:27:12.562480,J3,City Center,335,400,83.8,15.53,MEDIUM
2026-09-22T21:27:12.562480,J4,University Road,166,300,55.3,37.11,LOW
2026-09-22T21:27:12.562480,J5,Hospital Road,208,280,74.3,25.48,MEDIUM
2026-09-22T21:27:12.562480,J6,Airport Road,222,350,63.4,26.69,MEDIUM
2026-09-22T21:27:17.580749,J1,Main Market,178,300,59.3,37.62,LOW
2026-09-22T21:27:17.580749,J2,Railway Square,256,350,73.1,21.08,MEDIUM
2026-09-22T21:27:17.580749,J3,City Center,389,400,97.2,19.32,HIGH
2026-09-22T21:27:17.580749,J4,University Road,163,300,54.3,39.68,LOW
2026-09-22T21:27:17.580749,J5,Hospital Road,185,280,66.1,21.61,MEDIUM
2026-09-22T21:27:17.580749,J6,Airport Road,228,350,65.1,24.3,MEDIUM
2026-09-22T21:27:22.622246,J1,Main Market,156,300,52.0,32.36,LOW
2026-09-22T21:27:22.622246,J2,Railway Square,240,350,68.6,28.83,MEDIUM
2026-09-22T21:27:22.622246,J3,City Center,322,400,80.5,17.13,MEDIUM
2026-09-22T21:27:22.622246,J4,University Road,170,300,56.7,32.36,LOW
2026-09-22T21:27:22.622246,J5,Hospital Road,205,280,73.2,26.19,MEDIUM
2026-09-22T21:27:22.622246,J6,Airport Road,208,350,59.4,31.83,LOW
2026-09-22T21:27:27.644136,J1,Main Market,175,300,58.3,33.42,LOW
2026-09-22T21:27:27.644136,J2,Railway Square,229,350,65.4,21.13,MEDIUM
2026-09-22T21:27:27.644136,J3,City Center,336,400,84.0,17.85,MEDIUM
2026-09-22T21:27:27.644136,J4,University Road,145,300,48.3,35.18,LOW
2026-09-22T21:27:27.644136,J5,Hospital Road,221,280,78.9,28.83,MEDIUM
2026-09-22T21:27:27.644136,J6,Airport Road,211,350,60.3,20.17,MEDIUM
2026-09-22T21:27:32.660771,J1,Main Market,176,300,58.7,35.76,LOW
2026-09-22T21:27:32.660771,J2,Railway Square,218,350,62.3,21.28,MEDIUM
2026-09-22T21:27:32.660771,J3,City Center,344,400,86.0,12.97,HIGH
2026-09-22T21:27:32.660771,J4,University Road,163,300,54.3,30.99,LOW
2026-09-22T21:27:32.660771,J5,Hospital Road,191,280,68.2,28.81,MEDIUM
2026-09-22T21:27:32.660771,J6,Airport Road,226,350,64.6,23.42,MEDIUM
2026-09-22T21:27:37.683215,J1,Main Market,161,300,53.7,35.19,LOW
2026-09-22T21:27:37.683215,J2,Railway Square,252,350,72.0,26.73,MEDIUM
2026-09-22T21:27:37.683215,J3,City Center,371,400,92.8,20.47,HIGH
2026-09-22T21:27:37.683215,J4,University Road,166,300,55.3,36.78,LOW
2026-09-22T21:27:37.683215,J5,Hospital Road,202,280,72.1,24.48,MEDIUM
2026-09-22T21:27:37.683215,J6,Airport Road,211,350,60.3,20.76,MEDIUM
2026-09-22T21:27:42.691157,J1,Main Market,163,300,54.3,38.82,LOW
2026-09-22T21:27:42.691157,J2,Railway Square,248,350,70.9,27.81,MEDIUM
2026-09-22T21:27:42.691157,J3,City Center,375,400,93.8,18.85,HIGH
2026-09-22T21:27:42.691157,J4,University Road,151,300,50.3,39.66,LOW
2026-09-22T21:27:42.691157,J5,Hospital Road,200,280,71.4,27.29,MEDIUM
2026-09-22T21:27:42.691157,J6,Airport Road,217,350,62.0,24.17,MEDIUM
2026-09-22T21:27:47.719992,J1,Main Market,159,300,53.0,35.8,LOW
2026-09-22T21:27:47.719992,J2,Railway Square,251,350,71.7,29.81,MEDIUM
2026-09-22T21:27:47.719992,J3,City Center,372,400,93.0,20.2,HIGH
2026-09-22T21:27:47.719992,J4,University Road,168,300,56.0,36.31,LOW
2026-09-22T21:27:47.719992,J5,Hospital Road,186,280,66.4,21.75,MEDIUM
2026-09-22T21:27:47.719992,J6,Airport Road,208,350,59.4,31.5,LOW
2026-09-22T21:27:52.728591,J1,Main Market,164,300,54.7,33.52,LOW
2026-09-22T21:27:52.728591,J2,Railway Square,261,350,74.6,23.14,MEDIUM
2026-09-22T21:27:52.728591,J3,City Center,376,400,94.0,20.36,HIGH
2026-09-22T21:27:52.728591,J4,University Road,142,300,47.3,36.88,LOW
2026-09-22T21:27:52.728591,J5,Hospital Road,223,280,79.6,26.6,MEDIUM
2026-09-22T21:27:52.728591,J6,Airport Road,222,350,63.4,25.39,MEDIUM
2026-09-22T21:27:57.758213,J1,Main Market,186,300,62.0,21.68,MEDIUM
2026-09-22T21:27:57.758213,J2,Railway Square,242,350,69.1,21.07,MEDIUM
2026-09-22T21:27:57.758213,J3,City Center,368,400,92.0,20.14,HIGH
2026-09-22T21:27:57.758213,J4,University Road,172,300,57.3,34.66,LOW
2026-09-22T21:27:57.758213,J5,Hospital Road,209,280,74.6,23.36,MEDIUM
2026-09-22T21:27:57.758213,J6,Airport Road,230,350,65.7,23.82,MEDIUM
2026-09-22T21:28:02.771547,J1,Main Market,186,300,62.0,23.49,MEDIUM
2026-09-22T21:28:02.771547,J2,Railway Square,250,350,71.4,27.68,MEDIUM
2026-09-22T21:28:02.771547,J3,City Center,359,400,89.8,16.76,MEDIUM
2026-09-22T21:28:02.771547,J4,University Road,145,300,48.3,33.24,LOW
2026-09-22T21:28:02.771547,J5,Hospital Road,225,280,80.4,15.14,MEDIUM
2026-09-22T21:28:02.771547,J6,Airport Road,221,350,63.1,21.74,MEDIUM
2026-09-22T21:28:07.802876,J1,Main Market,158,300,52.7,36.08,LOW
2026-09-22T21:28:07.802876,J2,Railway Square,235,350,67.1,22.15,MEDIUM
2026-09-22T21:28:07.802876,J3,City Center,326,400,81.5,16.1,MEDIUM
2026-09-22T21:28:07.802876,J4,University Road,170,300,56.7,35.46,LOW
2026-09-22T21:28:07.802876,J5,Hospital Road,220,280,78.6,27.3,MEDIUM
2026-09-22T21:28:07.802876,J6,Airport Road,203,350,58.0,36.01,LOW
2026-09-22T21:28:12.825725,J1,Main Market,185,300,61.7,22.44,MEDIUM
2026-09-22T21:28:12.825725,J2,Railway Square,255,350,72.9,23.15,MEDIUM
2026-09-22T21:28:12.825725,J3,City Center,325,400,81.2,19.23,MEDIUM
2026-09-22T21:28:12.825725,J4,University Road,146,300,48.7,35.01,LOW
2026-09-22T21:28:12.825725,J5,Hospital Road,218,280,77.9,29.09,MEDIUM
2026-09-22T21:28:12.825725,J6,Airport Road,229,350,65.4,23.53,MEDIUM
2026-09-22T21:28:17.848746,J1,Main Market,169,300,56.3,38.24,LOW
2026-09-22T21:28:17.848746,J2,Railway Square,221,350,63.1,24.78,MEDIUM
2026-09-22T21:28:17.848746,J3,City Center,363,400,90.8,12.24,HIGH
2026-09-22T21:28:17.848746,J4,University Road,160,300,53.3,39.45,LOW
2026-09-22T21:28:17.848746,J5,Hospital Road,223,280,79.6,25.06,MEDIUM
2026-09-22T21:28:17.848746,J6,Airport Road,210,350,60.0,27.45,MEDIUM
2026-09-22T21:28:22.853623,J1,Main Market,174,300,58.0,35.25,LOW
2026-09-22T21:28:22.853623,J2,Railway Square,261,350,74.6,29.15,MEDIUM
2026-09-22T21:28:22.853623,J3,City Center,383,400,95.8,13.19,HIGH
2026-09-22T21:28:22.853623,J4,University Road,154,300,51.3,33.81,LOW
2026-09-22T21:28:22.853623,J5,Hospital Road,198,280,70.7,23.13,MEDIUM
2026-09-22T21:28:22.853623,J6,Airport Road,237,350,67.7,23.46,MEDIUM
2026-09-22T21:28:27.872386,J1,Main Market,159,300,53.0,37.02,LOW
2026-09-22T21:28:27.872386,J2,Railway Square,244,350,69.7,27.88,MEDIUM
2026-09-22T21:28:27.872386,J3,City Center,350,400,87.5,14.88,HIGH
2026-09-22T21:28:27.872386,J4,University Road,156,300,52.0,30.44,LOW
2026-09-22T21:28:27.872386,J5,Hospital Road,198,280,70.7,28.99,MEDIUM
2026-09-22T21:28:27.872386,J6,Airport Road,238,350,68.0,24.95,MEDIUM
2026-09-22T21:28:32.893915,J1,Main Market,180,300,60.0,29.95,MEDIUM
2026-09-22T21:28:32.893915,J2,Railway Square,224,350,64.0,22.59,MEDIUM
2026-09-22T21:28:32.893915,J3,City Center,377,400,94.2,19.27,HIGH
2026-09-22T21:28:32.893915,J4,University Road,147,300,49.0,36.96,LOW
2026-09-22T21:28:32.893915,J5,Hospital Road,211,280,75.4,23.61,MEDIUM
2026-09-22T21:28:32.893915,J6,Airport Road,208,350,59.4,37.75,LOW
2026-09-22T21:28:37.899427,J1,Main Market,162,300,54.0,35.41,LOW
2026-09-22T21:28:37.899427,J2,Railway Square,221,350,63.1,21.75,MEDIUM
2026-09-22T21:28:37.899427,J3,City Center,367,400,91.8,17.08,HIGH
2026-09-22T21:28:37.899427,J4,University Road,161,300,53.7,37.94,LOW
2026-09-22T21:28:37.899427,J5,Hospital Road,194,280,69.3,22.82,MEDIUM
2026-09-22T21:28:37.899427,J6,Airport Road,235,350,67.1,20.53,MEDIUM
2026-09-22T21:28:42.925790,J1,Main Market,156,300,52.0,39.8,LOW
2026-09-22T21:28:42.925790,J2,Railway Square,255,350,72.9,20.41,MEDIUM
2026-09-22T21:28:42.925790,J3,City Center,337,400,84.2,13.05,HIGH
2026-09-22T21:28:42.925790,J4,University Road,170,300,56.7,36.75,LOW
2026-09-22T21:28:42.925790,J5,Hospital Road,222,280,79.3,22.76,MEDIUM
2026-09-22T21:28:42.925790,J6,Airport Road,241,350,68.9,23.83,MEDIUM
2026-09-22T21:28:47.939682,J1,Main Market,167,300,55.7,35.17,LOW
2026-09-22T21:28:47.939682,J2,Railway Square,224,350,64.0,26.89,MEDIUM
2026-09-22T21:28:47.939682,J3,City Center,378,400,94.5,17.73,HIGH
2026-09-22T21:28:47.939682,J4,University Road,168,300,56.0,35.25,LOW
2026-09-22T21:28:47.939682,J5,Hospital Road,216,280,77.1,22.95,MEDIUM
2026-09-22T21:28:47.939682,J6,Airport Road,205,350,58.6,38.99,LOW
2026-09-22T21:28:52.980166,J1,Main Market,156,300,52.0,30.06,LOW
2026-09-22T21:28:52.980166,J2,Railway Square,247,350,70.6,25.47,MEDIUM
2026-09-22T21:28:52.980166,J3,City Center,351,400,87.8,12.98,HIGH
2026-09-22T21:28:52.980166,J4,University Road,151,300,50.3,31.85,LOW
2026-09-22T21:28:52.980166,J5,Hospital Road,215,280,76.8,28.04,MEDIUM
2026-09-22T21:28:52.980166,J6,Airport Road,241,350,68.9,25.09,MEDIUM
2026-09-22T21:28:58.012482,J1,Main Market,183,300,61.0,20.12,MEDIUM
2026-09-22T21:28:58.012482,J2,Railway Square,254,350,72.6,23.51,MEDIUM
2026-09-22T21:28:58.012482,J3,City Center,328,400,82.0,15.96,MEDIUM
2026-09-22T21:28:58.012482,J4,University Road,165,300,55.0,34.65,LOW
2026-09-22T21:28:58.012482,J5,Hospital Road,187,280,66.8,21.16,MEDIUM
2026-09-22T21:28:58.012482,J6,Airport Road,234,350,66.9,22.05,MEDIUM
2026-09-22T21:29:03.042622,J1,Main Market,184,300,61.3,22.28,MEDIUM
2026-09-22T21:29:03.042622,J2,Railway Square,228,350,65.1,28.72,MEDIUM
2026-09-22T21:29:03.042622,J3,City Center,342,400,85.5,17.56,MEDIUM
2026-09-22T21:29:03.042622,J4,University Road,172,300,57.3,31.9,LOW
2026-09-22T21:29:03.042622,J5,Hospital Road,190,280,67.9,27.01,MEDIUM
2026-09-22T21:29:03.042622,J6,Airport Road,212,350,60.6,22.9,MEDIUM
2026-09-22T21:29:08.057700,J1,Main Market,164,300,54.7,35.19,LOW
2026-09-22T21:29:08.057700,J2,Railway Square,219,350,62.6,26.18,MEDIUM
2026-09-22T21:29:08.057700,J3,City Center,387,400,96.8,16.96,HIGH
2026-09-22T21:29:08.057700,J4,University Road,148,300,49.3,37.68,LOW
2026-09-22T21:29:08.057700,J5,Hospital Road,188,280,67.1,22.61,MEDIUM
2026-09-22T21:29:08.057700,J6,Airport Road,208,350,59.4,35.49,LOW
2026-09-22T21:29:13.086023,J1,Main Market,182,300,60.7,23.78,MEDIUM
2026-09-22T21:29:13.086023,J2,Railway Square,257,350,73.4,24.7,MEDIUM
2026-09-22T21:29:13.086023,J3,City Center,354,400,88.5,15.14,MEDIUM
2026-09-22T21:29:13.086023,J4,University Road,155,300,51.7,38.23,LOW
2026-09-22T21:29:13.086023,J5,Hospital Road,196,280,70.0,21.57,MEDIUM
2026-09-22T21:29:13.086023,J6,Airport Road,224,350,64.0,28.64,MEDIUM
2026-09-22T21:29:18.105346,J1,Main Market,176,300,58.7,31.14,LOW
2026-09-22T21:29:18.105346,J2,Railway Square,225,350,64.3,22.86,MEDIUM
2026-09-22T21:29:18.105346,J3,City Center,360,400,90.0,16.56,HIGH
2026-09-22T21:29:18.105346,J4,University Road,143,300,47.7,35.45,LOW
2026-09-22T21:29:18.105346,J5,Hospital Road,192,280,68.6,20.57,MEDIUM
2026-09-22T21:29:18.105346,J6,Airport Road,218,350,62.3,20.15,MEDIUM
2026-09-22T21:29:23.136824,J1,Main Market,185,300,61.7,21.58,MEDIUM
2026-09-22T21:29:23.136824,J2,Railway Square,260,350,74.3,28.31,MEDIUM
2026-09-22T21:29:23.136824,J3,City Center,349,400,87.2,18.94,MEDIUM
2026-09-22T21:29:23.136824,J4,University Road,164,300,54.7,31.24,LOW
2026-09-22T21:29:23.136824,J5,Hospital Road,218,280,77.9,23.76,MEDIUM
2026-09-22T21:29:23.136824,J6,Airport Road,222,350,63.4,22.2,MEDIUM
2026-09-22T21:29:28.150111,J1,Main Market,184,300,61.3,22.07,MEDIUM
2026-09-22T21:29:28.150111,J2,Railway Square,234,350,66.9,22.09,MEDIUM
2026-09-22T21:29:28.150111,J3,City Center,371,400,92.8,15.75,HIGH
2026-09-22T21:29:28.150111,J4,University Road,164,300,54.7,35.99,LOW
2026-09-22T21:29:28.150111,J5,Hospital Road,202,280,72.1,25.62,MEDIUM
2026-09-22T21:29:28.150111,J6,Airport Road,211,350,60.3,29.5,MEDIUM
2026-09-22T21:29:33.175375,J1,Main Market,169,300,56.3,34.53,LOW
2026-09-22T21:29:33.175375,J2,Railway Square,224,350,64.0,20.46,MEDIUM
2026-09-22T21:29:33.175375,J3,City Center,385,400,96.2,13.73,HIGH
2026-09-22T21:29:33.175375,J4,University Road,163,300,54.3,39.1,LOW
2026-09-22T21:29:33.175375,J5,Hospital Road,195,280,69.6,27.0,MEDIUM
2026-09-22T21:29:33.175375,J6,Airport Road,241,350,68.9,22.49,MEDIUM
2026-09-22T21:29:38.180578,J1,Main Market,173,300,57.7,35.59,LOW
2026-09-22T21:29:38.180578,J2,Railway Square,223,350,63.7,28.89,MEDIUM
2026-09-22T21:29:38.180578,J3,City Center,365,400,91.2,17.86,HIGH
2026-09-22T21:29:38.180578,J4,University Road,146,300,48.7,34.33,LOW
2026-09-22T21:29:38.180578,J5,Hospital Road,209,280,74.6,25.75,MEDIUM
2026-09-22T21:29:38.180578,J6,Airport Road,237,350,67.7,27.32,MEDIUM
2026-09-22T21:29:43.190991,J1,Main Market,182,300,60.7,27.57,MEDIUM
2026-09-22T21:29:43.190991,J2,Railway Square,235,350,67.1,21.99,MEDIUM
2026-09-22T21:29:43.190991,J3,City Center,356,400,89.0,18.26,MEDIUM
2026-09-22T21:29:43.190991,J4,University Road,147,300,49.0,34.18,LOW
2026-09-22T21:29:43.190991,J5,Hospital Road,205,280,73.2,25.64,MEDIUM
2026-09-22T21:29:43.190991,J6,Airport Road,207,350,59.1,33.01,LOW
2026-09-22T21:29:48.204350,J1,Main Market,181,300,60.3,29.4,MEDIUM
2026-09-22T21:29:48.204350,J2,Railway Square,244,350,69.7,28.17,MEDIUM
2026-09-22T21:29:48.204350,J3,City Center,327,400,81.8,12.29,HIGH
2026-09-22T21:29:48.204350,J4,University Road,162,300,54.0,35.98,LOW
2026-09-22T21:29:48.204350,J5,Hospital Road,208,280,74.3,21.78,MEDIUM
2026-09-22T21:29:48.204350,J6,Airport Road,199,350,56.9,31.4,LOW
2026-09-22T21:29:53.253504,J1,Main Market,163,300,54.3,36.08,LOW
2026-09-22T21:29:53.253504,J2,Railway Square,245,350,70.0,25.39,MEDIUM
2026-09-22T21:29:53.253504,J3,City Center,383,400,95.8,12.88,HIGH
2026-09-22T21:29:53.253504,J4,University Road,151,300,50.3,35.29,LOW
2026-09-22T21:29:53.253504,J5,Hospital Road,221,280,78.9,24.93,MEDIUM
2026-09-22T21:29:53.253504,J6,Airport Road,215,350,61.4,22.85,MEDIUM
2026-09-22T21:29:58.274748,J1,Main Market,184,300,61.3,27.25,MEDIUM
2026-09-22T21:29:58.274748,J2,Railway Square,217,350,62.0,24.46,MEDIUM
2026-09-22T21:29:58.274748,J3,City Center,392,400,98.0,18.48,HIGH
2026-09-22T21:29:58.274748,J4,University Road,151,300,50.3,30.9,LOW
2026-09-22T21:29:58.274748,J5,Hospital Road,193,280,68.9,28.71,MEDIUM
2026-09-22T21:29:58.274748,J6,Airport Road,214,350,61.1,20.34,MEDIUM
2026-09-22T21:30:03.293400,J1,Main Market,171,300,57.0,36.95,LOW
2026-09-22T21:30:03.293400,J2,Railway Square,254,350,72.6,20.17,MEDIUM
2026-09-22T21:30:03.293400,J3,City Center,377,400,94.2,19.44,HIGH
2026-09-22T21:30:03.293400,J4,University Road,165,300,55.0,36.93,LOW
2026-09-22T21:30:03.293400,J5,Hospital Road,196,280,70.0,21.79,MEDIUM
2026-09-22T21:30:03.293400,J6,Airport Road,221,350,63.1,23.78,MEDIUM
2026-09-22T21:30:08.370463,J1,Main Market,156,300,52.0,39.3,LOW
2026-09-22T21:30:08.370463,J2,Railway Square,252,350,72.0,21.57,MEDIUM
2026-09-22T21:30:08.370463,J3,City Center,369,400,92.2,19.26,HIGH
2026-09-22T21:30:08.370463,J4,University Road,148,300,49.3,35.91,LOW
2026-09-22T21:30:08.370463,J5,Hospital Road,214,280,76.4,20.15,MEDIUM
2026-09-22T21:30:08.370463,J6,Airport Road,231,350,66.0,29.99,MEDIUM
2026-09-22T21:30:13.387899,J1,Main Market,163,300,54.3,35.13,LOW
2026-09-22T21:30:13.387899,J2,Railway Square,250,350,71.4,23.77,MEDIUM
2026-09-22T21:30:13.387899,J3,City Center,382,400,95.5,19.87,HIGH
2026-09-22T21:30:13.387899,J4,University Road,146,300,48.7,38.26,LOW
2026-09-22T21:30:13.387899,J5,Hospital Road,203,280,72.5,22.15,MEDIUM
2026-09-22T21:30:13.387899,J6,Airport Road,220,350,62.9,24.87,MEDIUM
2026-09-22T21:30:18.420081,J1,Main Market,185,300,61.7,23.47,MEDIUM
2026-09-22T21:30:18.420081,J2,Railway Square,232,350,66.3,24.31,MEDIUM
2026-09-22T21:30:18.420081,J3,City Center,329,400,82.2,19.98,MEDIUM
2026-09-22T21:30:18.420081,J4,University Road,163,300,54.3,30.05,LOW
2026-09-22T21:30:18.420081,J5,Hospital Road,218,280,77.9,25.69,MEDIUM
2026-09-22T21:30:18.420081,J6,Airport Road,214,350,61.1,25.1,MEDIUM
2026-09-22T21:30:23.431107,J1,Main Market,178,300,59.3,39.74,LOW
2026-09-22T21:30:23.431107,J2,Railway Square,221,350,63.1,23.7,MEDIUM
2026-09-22T21:30:23.431107,J3,City Center,328,400,82.0,19.02,MEDIUM
2026-09-22T21:30:23.431107,J4,University Road,168,300,56.0,31.71,LOW
2026-09-22T21:30:23.431107,J5,Hospital Road,208,280,74.3,26.18,MEDIUM
2026-09-22T21:30:23.431107,J6,Airport Road,234,350,66.9,25.19,MEDIUM
2026-09-22T21:30:28.459653,J1,Main Market,183,300,61.0,28.23,MEDIUM
2026-09-22T21:30:28.459653,J2,Railway Square,258,350,73.7,28.19,MEDIUM
2026-09-22T21:30:28.459653,J3,City Center,384,400,96.0,18.76,HIGH
2026-09-22T21:30:28.459653,J4,University Road,163,300,54.3,38.43,LOW
2026-09-22T21:30:28.459653,J5,Hospital Road,193,280,68.9,22.51,MEDIUM
2026-09-22T21:30:28.459653,J6,Airport Road,208,350,59.4,37.21,LOW
2026-09-22T21:30:33.480571,J1,Main Market,174,300,58.0,34.75,LOW
2026-09-22T21:30:33.480571,J2,Railway Square,222,350,63.4,22.41,MEDIUM
2026-09-22T21:30:33.480571,J3,City Center,381,400,95.2,19.2,HIGH
2026-09-22T21:30:33.480571,J4,University Road,147,300,49.0,39.64,LOW
2026-09-22T21:30:33.480571,J5,Hospital Road,223,280,79.6,26.85,MEDIUM
2026-09-22T21:30:33.480571,J6,Airport Road,198,350,56.6,36.68,LOW
2026-09-22T21:30:38.487337,J1,Main Market,158,300,52.7,33.04,LOW
2026-09-22T21:30:38.487337,J2,Railway Square,240,350,68.6,26.18,MEDIUM
2026-09-22T21:30:38.487337,J3,City Center,328,400,82.0,16.62,MEDIUM
2026-09-22T21:30:38.487337,J4,University Road,160,300,53.3,38.24,LOW
2026-09-22T21:30:38.487337,J5,Hospital Road,217,280,77.5,28.4,MEDIUM
2026-09-22T21:30:38.487337,J6,Airport Road,210,350,60.0,23.57,MEDIUM
2026-09-22T21:30:43.502513,J1,Main Market,183,300,61.0,28.9,MEDIUM
2026-09-22T21:30:43.502513,J2,Railway Square,248,350,70.9,20.58,MEDIUM
2026-09-22T21:30:43.502513,J3,City Center,388,400,97.0,17.91,HIGH
2026-09-22T21:30:43.502513,J4,University Road,171,300,57.0,38.78,LOW
2026-09-22T21:30:43.502513,J5,Hospital Road,216,280,77.1,27.31,MEDIUM
2026-09-22T21:30:43.502513,J6,Airport Road,242,350,69.1,21.66,MEDIUM
2026-09-22T21:30:48.554382,J1,Main Market,167,300,55.7,37.67,LOW
2026-09-22T21:30:48.554382,J2,Railway Square,222,350,63.4,28.98,MEDIUM
2026-09-22T21:30:48.554382,J3,City Center,350,400,87.5,17.91,MEDIUM
2026-09-22T21:30:48.554382,J4,University Road,147,300,49.0,35.8,LOW
2026-09-22T21:30:48.554382,J5,Hospital Road,193,280,68.9,28.78,MEDIUM
2026-09-22T21:30:48.554382,J6,Airport Road,233,350,66.6,24.21,MEDIUM
2026-09-22T21:30:53.573299,J1,Main Market,177,300,59.0,31.85,LOW
2026-09-22T21:30:53.573299,J2,Railway Square,226,350,64.6,26.45,MEDIUM
2026-09-22T21:30:53.573299,J3,City Center,362,400,90.5,15.32,HIGH
2026-09-22T21:30:53.573299,J4,University Road,143,300,47.7,37.75,LOW
2026-09-22T21:30:53.573299,J5,Hospital Road,194,280,69.3,24.82,MEDIUM
2026-09-22T21:30:53.573299,J6,Airport Road,204,350,58.3,30.88,LOW
2026-09-22T21:30:58.587724,J1,Main Market,159,300,53.0,36.99,LOW
2026-09-22T21:30:58.587724,J2,Railway Square,235,350,67.1,23.1,MEDIUM
2026-09-22T21:30:58.587724,J3,City Center,373,400,93.2,13.71,HIGH
2026-09-22T21:30:58.587724,J4,University Road,161,300,53.7,39.39,LOW
2026-09-22T21:30:58.587724,J5,Hospital Road,218,280,77.9,25.1,MEDIUM
2026-09-22T21:30:58.587724,J6,Airport Road,207,350,59.1,39.83,LOW
2026-09-22T21:31:03.594812,J1,Main Market,182,300,60.7,23.81,MEDIUM
2026-09-22T21:31:03.594812,J2,Railway Square,245,350,70.0,21.77,MEDIUM
2026-09-22T21:31:03.594812,J3,City Center,364,400,91.0,16.17,HIGH
2026-09-22T21:31:03.594812,J4,University Road,149,300,49.7,39.5,LOW
2026-09-22T21:31:03.594812,J5,Hospital Road,199,280,71.1,26.59,MEDIUM
2026-09-22T21:31:03.594812,J6,Airport Road,212,350,60.6,26.44,MEDIUM
2026-09-22T21:31:08.600733,J1,Main Market,156,300,52.0,32.99,LOW
2026-09-22T21:31:08.600733,J2,Railway Square,219,350,62.6,27.23,MEDIUM
2026-09-22T21:31:08.600733,J3,City Center,333,400,83.2,21.15,MEDIUM
2026-09-22T21:31:08.600733,J4,University Road,152,300,50.7,31.33,LOW
2026-09-22T21:31:08.600733,J5,Hospital Road,194,280,69.3,24.95,MEDIUM
2026-09-22T21:31:08.600733,J6,Airport Road,240,350,68.6,20.48,MEDIUM
2026-09-22T21:31:13.630539,J1,Main Market,167,300,55.7,32.1,LOW
2026-09-22T21:31:13.630539,J2,Railway Square,236,350,67.4,24.84,MEDIUM
2026-09-22T21:31:13.630539,J3,City Center,362,400,90.5,18.79,HIGH
2026-09-22T21:31:13.630539,J4,University Road,167,300,55.7,34.22,LOW
2026-09-22T21:31:13.630539,J5,Hospital Road,222,280,79.3,21.92,MEDIUM
2026-09-22T21:31:13.630539,J6,Airport Road,201,350,57.4,38.39,LOW
2026-09-22T21:31:18.664527,J1,Main Market,161,300,53.7,32.92,LOW
2026-09-22T21:31:18.664527,J2,Railway Square,228,350,65.1,29.68,MEDIUM
2026-09-22T21:31:18.664527,J3,City Center,339,400,84.8,19.6,MEDIUM
2026-09-22T21:31:18.664527,J4,University Road,164,300,54.7,35.52,LOW
2026-09-22T21:31:18.664527,J5,Hospital Road,204,280,72.9,25.84,MEDIUM
2026-09-22T21:31:18.664527,J6,Airport Road,211,350,60.3,28.52,MEDIUM
2026-09-22T21:31:23.676028,J1,Main Market,180,300,60.0,25.54,MEDIUM
2026-09-22T21:31:23.676028,J2,Railway Square,222,350,63.4,25.09,MEDIUM
2026-09-22T21:31:23.676028,J3,City Center,383,400,95.8,14.4,HIGH
2026-09-22T21:31:23.676028,J4,University Road,143,300,47.7,37.9,LOW
2026-09-22T21:31:23.676028,J5,Hospital Road,202,280,72.1,22.28,MEDIUM
2026-09-22T21:31:23.676028,J6,Airport Road,209,350,59.7,31.22,LOW
2026-09-22T21:31:28.684736,J1,Main Market,168,300,56.0,36.89,LOW
2026-09-22T21:31:28.684736,J2,Railway Square,241,350,68.9,22.2,MEDIUM
2026-09-22T21:31:28.684736,J3,City Center,369,400,92.2,21.41,HIGH
2026-09-22T21:31:28.684736,J4,University Road,145,300,48.3,30.77,LOW
2026-09-22T21:31:28.684736,J5,Hospital Road,195,280,69.6,23.1,MEDIUM
2026-09-22T21:31:28.684736,J6,Airport Road,235,350,67.1,24.87,MEDIUM
